Energy(x-axis),Intensity(y-axis)
6,0.003225625
6.00040008,0.003229282
6.00080016,0.003232946
6.00120024,0.003236617
6.00160032,0.003240294
6.0020004,0.003243977
6.00240048,0.003247667
6.00280056,0.003251364
6.00320064,0.003255067
6.00360072,0.003258777
6.0040008,0.003262493
6.00440088,0.003266216
6.00480096,0.003269945
6.00520104,0.003273681
6.00560112,0.003277424
6.0060012,0.003281173
6.00640128,0.003284929
6.00680136,0.003288692
6.00720144,0.003292462
6.00760152,0.003296238
6.0080016,0.003300021
6.00840168,0.00330381
6.00880176,0.003307607
6.00920184,0.00331141
6.00960192,0.00331522
6.010002,0.003319037
6.01040208,0.003322861
6.01080216,0.003326691
6.01120224,0.003330529
6.01160232,0.003334373
6.0120024,0.003338225
6.01240248,0.003342083
6.012802561,0.003345948
6.013202641,0.00334982
6.013602721,0.003353699
6.014002801,0.003357585
6.014402881,0.003361478
6.014802961,0.003365378
6.015203041,0.003369285
6.015603121,0.0033732
6.016003201,0.003377121
6.016403281,0.003381049
6.016803361,0.003384985
6.017203441,0.003388928
6.017603521,0.003392877
6.018003601,0.003396834
6.018403681,0.003400799
6.018803761,0.00340477
6.019203841,0.003408748
6.019603921,0.003412734
6.020004001,0.003416727
6.020404081,0.003420728
6.020804161,0.003424735
6.021204241,0.00342875
6.021604321,0.003432773
6.022004401,0.003436802
6.022404481,0.003440839
6.022804561,0.003444884
6.023204641,0.003448936
6.023604721,0.003452995
6.024004801,0.003457062
6.024404881,0.003461136
6.024804961,0.003465218
6.025205041,0.003469307
6.025605121,0.003473403
6.026005201,0.003477508
6.026405281,0.003481619
6.026805361,0.003485739
6.027205441,0.003489866
6.027605521,0.003494
6.028005601,0.003498142
6.028405681,0.003502292
6.028805761,0.00350645
6.029205841,0.003510615
6.029605921,0.003514788
6.030006001,0.003518968
6.030406081,0.003523157
6.030806161,0.003527353
6.031206241,0.003531557
6.031606321,0.003535769
6.032006401,0.003539988
6.032406481,0.003544216
6.032806561,0.003548451
6.033206641,0.003552694
6.033606721,0.003556945
6.034006801,0.003561204
6.034406881,0.003565471
6.034806961,0.003569746
6.035207041,0.003574029
6.035607121,0.00357832
6.036007201,0.003582619
6.036407281,0.003586926
6.036807361,0.003591241
6.037207441,0.003595564
6.037607522,0.003599896
6.038007602,0.003604235
6.038407682,0.003608583
6.038807762,0.003612938
6.039207842,0.003617302
6.039607922,0.003621675
6.040008002,0.003626055
6.040408082,0.003630444
6.040808162,0.003634841
6.041208242,0.003639246
6.041608322,0.00364366
6.042008402,0.003648082
6.042408482,0.003652512
6.042808562,0.003656951
6.043208642,0.003661398
6.043608722,0.003665853
6.044008802,0.003670317
6.044408882,0.00367479
6.044808962,0.003679271
6.045209042,0.003683761
6.045609122,0.003688259
6.046009202,0.003692765
6.046409282,0.00369728
6.046809362,0.003701804
6.047209442,0.003706337
6.047609522,0.003710878
6.048009602,0.003715428
6.048409682,0.003719986
6.048809762,0.003724554
6.049209842,0.00372913
6.049609922,0.003733714
6.050010002,0.003738308
6.050410082,0.00374291
6.050810162,0.003747522
6.051210242,0.003752142
6.051610322,0.003756771
6.052010402,0.003761409
6.052410482,0.003766055
6.052810562,0.003770711
6.053210642,0.003775376
6.053610722,0.00378005
6.054010802,0.003784733
6.054410882,0.003789424
6.054810962,0.003794125
6.055211042,0.003798835
6.055611122,0.003803555
6.056011202,0.003808283
6.056411282,0.00381302
6.056811362,0.003817767
6.057211442,0.003822523
6.057611522,0.003827288
6.058011602,0.003832063
6.058411682,0.003836846
6.058811762,0.003841639
6.059211842,0.003846442
6.059611922,0.003851254
6.060012002,0.003856075
6.060412082,0.003860905
6.060812162,0.003865745
6.061212242,0.003870595
6.061612322,0.003875454
6.062012402,0.003880322
6.062412482,0.0038852
6.062812563,0.003890088
6.063212643,0.003894985
6.063612723,0.003899892
6.064012803,0.003904809
6.064412883,0.003909735
6.064812963,0.003914671
6.065213043,0.003919617
6.065613123,0.003924572
6.066013203,0.003929537
6.066413283,0.003934512
6.066813363,0.003939497
6.067213443,0.003944492
6.067613523,0.003949496
6.068013603,0.003954511
6.068413683,0.003959535
6.068813763,0.00396457
6.069213843,0.003969614
6.069613923,0.003974669
6.070014003,0.003979733
6.070414083,0.003984808
6.070814163,0.003989893
6.071214243,0.003994988
6.071614323,0.004000093
6.072014403,0.004005208
6.072414483,0.004010333
6.072814563,0.004015469
6.073214643,0.004020615
6.073614723,0.004025771
6.074014803,0.004030938
6.074414883,0.004036115
6.074814963,0.004041302
6.075215043,0.0040465
6.075615123,0.004051708
6.076015203,0.004056926
6.076415283,0.004062156
6.076815363,0.004067395
6.077215443,0.004072646
6.077615523,0.004077906
6.078015603,0.004083178
6.078415683,0.00408846
6.078815763,0.004093753
6.079215843,0.004099056
6.079615923,0.004104371
6.080016003,0.004109696
6.080416083,0.004115032
6.080816163,0.004120378
6.081216243,0.004125736
6.081616323,0.004131104
6.082016403,0.004136483
6.082416483,0.004141874
6.082816563,0.004147275
6.083216643,0.004152687
6.083616723,0.004158111
6.084016803,0.004163545
6.084416883,0.004168991
6.084816963,0.004174447
6.085217043,0.004179915
6.085617123,0.004185394
6.086017203,0.004190884
6.086417283,0.004196386
6.086817363,0.004201898
6.087217443,0.004207423
6.087617524,0.004212958
6.088017604,0.004218505
6.088417684,0.004224063
6.088817764,0.004229633
6.089217844,0.004235214
6.089617924,0.004240807
6.090018004,0.004246411
6.090418084,0.004252027
6.090818164,0.004257654
6.091218244,0.004263294
6.091618324,0.004268944
6.092018404,0.004274607
6.092418484,0.004280281
6.092818564,0.004285967
6.093218644,0.004291665
6.093618724,0.004297375
6.094018804,0.004303096
6.094418884,0.00430883
6.094818964,0.004314575
6.095219044,0.004320333
6.095619124,0.004326102
6.096019204,0.004331884
6.096419284,0.004337678
6.096819364,0.004343483
6.097219444,0.004349301
6.097619524,0.004355131
6.098019604,0.004360974
6.098419684,0.004366828
6.098819764,0.004372695
6.099219844,0.004378575
6.099619924,0.004384466
6.100020004,0.00439037
6.100420084,0.004396287
6.100820164,0.004402216
6.101220244,0.004408157
6.101620324,0.004414111
6.102020404,0.004420078
6.102420484,0.004426057
6.102820564,0.004432049
6.103220644,0.004438053
6.103620724,0.004444071
6.104020804,0.004450101
6.104420884,0.004456144
6.104820964,0.004462199
6.105221044,0.004468268
6.105621124,0.00447435
6.106021204,0.004480444
6.106421284,0.004486552
6.106821364,0.004492672
6.107221444,0.004498806
6.107621524,0.004504952
6.108021604,0.004511112
6.108421684,0.004517285
6.108821764,0.004523472
6.109221844,0.004529671
6.109621924,0.004535884
6.110022004,0.00454211
6.110422084,0.00454835
6.110822164,0.004554603
6.111222244,0.004560869
6.111622324,0.004567149
6.112022404,0.004573443
6.112422484,0.00457975
6.112822565,0.004586071
6.113222645,0.004592405
6.113622725,0.004598753
6.114022805,0.004605115
6.114422885,0.004611491
6.114822965,0.00461788
6.115223045,0.004624284
6.115623125,0.004630701
6.116023205,0.004637132
6.116423285,0.004643577
6.116823365,0.004650037
6.117223445,0.00465651
6.117623525,0.004662997
6.118023605,0.004669499
6.118423685,0.004676015
6.118823765,0.004682545
6.119223845,0.004689089
6.119623925,0.004695648
6.120024005,0.004702221
6.120424085,0.004708808
6.120824165,0.00471541
6.121224245,0.004722027
6.121624325,0.004728658
6.122024405,0.004735303
6.122424485,0.004741963
6.122824565,0.004748638
6.123224645,0.004755328
6.123624725,0.004762032
6.124024805,0.004768752
6.124424885,0.004775486
6.124824965,0.004782235
6.125225045,0.004788999
6.125625125,0.004795777
6.126025205,0.004802571
6.126425285,0.00480938
6.126825365,0.004816205
6.127225445,0.004823044
6.127625525,0.004829899
6.128025605,0.004836769
6.128425685,0.004843654
6.128825765,0.004850554
6.129225845,0.00485747
6.129625925,0.004864402
6.130026005,0.004871349
6.130426085,0.004878311
6.130826165,0.004885289
6.131226245,0.004892283
6.131626325,0.004899293
6.132026405,0.004906318
6.132426485,0.004913359
6.132826565,0.004920416
6.133226645,0.004927489
6.133626725,0.004934577
6.134026805,0.004941682
6.134426885,0.004948803
6.134826965,0.00495594
6.135227045,0.004963093
6.135627125,0.004970262
6.136027205,0.004977448
6.136427285,0.004984649
6.136827365,0.004991867
6.137227445,0.004999102
6.137627526,0.005006353
6.138027606,0.00501362
6.138427686,0.005020904
6.138827766,0.005028205
6.139227846,0.005035522
6.139627926,0.005042856
6.140028006,0.005050207
6.140428086,0.005057575
6.140828166,0.005064959
6.141228246,0.00507236
6.141628326,0.005079779
6.142028406,0.005087214
6.142428486,0.005094667
6.142828566,0.005102136
6.143228646,0.005109623
6.143628726,0.005117127
6.144028806,0.005124648
6.144428886,0.005132187
6.144828966,0.005139743
6.145229046,0.005147317
6.145629126,0.005154908
6.146029206,0.005162516
6.146429286,0.005170143
6.146829366,0.005177786
6.147229446,0.005185448
6.147629526,0.005193128
6.148029606,0.005200825
6.148429686,0.00520854
6.148829766,0.005216274
6.149229846,0.005224025
6.149629926,0.005231794
6.150030006,0.005239582
6.150430086,0.005247387
6.150830166,0.005255211
6.151230246,0.005263054
6.151630326,0.005270914
6.152030406,0.005278793
6.152430486,0.005286691
6.152830566,0.005294607
6.153230646,0.005302542
6.153630726,0.005310496
6.154030806,0.005318468
6.154430886,0.005326459
6.154830966,0.005334469
6.155231046,0.005342497
6.155631126,0.005350545
6.156031206,0.005358612
6.156431286,0.005366698
6.156831366,0.005374803
6.157231446,0.005382927
6.157631526,0.005391071
6.158031606,0.005399234
6.158431686,0.005407417
6.158831766,0.005415618
6.159231846,0.00542384
6.159631926,0.005432081
6.160032006,0.005440342
6.160432086,0.005448622
6.160832166,0.005456923
6.161232246,0.005465243
6.161632326,0.005473583
6.162032406,0.005481943
6.162432486,0.005490323
6.162832567,0.005498723
6.163232647,0.005507144
6.163632727,0.005515585
6.164032807,0.005524046
6.164432887,0.005532527
6.164832967,0.005541029
6.165233047,0.005549552
6.165633127,0.005558095
6.166033207,0.005566659
6.166433287,0.005575244
6.166833367,0.005583849
6.167233447,0.005592475
6.167633527,0.005601123
6.168033607,0.005609791
6.168433687,0.00561848
6.168833767,0.005627191
6.169233847,0.005635923
6.169633927,0.005644676
6.170034007,0.00565345
6.170434087,0.005662246
6.170834167,0.005671063
6.171234247,0.005679902
6.171634327,0.005688763
6.172034407,0.005697646
6.172434487,0.00570655
6.172834567,0.005715476
6.173234647,0.005724424
6.173634727,0.005733394
6.174034807,0.005742387
6.174434887,0.005751401
6.174834967,0.005760438
6.175235047,0.005769497
6.175635127,0.005778578
6.176035207,0.005787682
6.176435287,0.005796809
6.176835367,0.005805958
6.177235447,0.00581513
6.177635527,0.005824325
6.178035607,0.005833542
6.178435687,0.005842783
6.178835767,0.005852046
6.179235847,0.005861333
6.179635927,0.005870643
6.180036007,0.005879976
6.180436087,0.005889333
6.180836167,0.005898713
6.181236247,0.005908116
6.181636327,0.005917543
6.182036407,0.005926994
6.182436487,0.005936469
6.182836567,0.005945967
6.183236647,0.005955489
6.183636727,0.005965036
6.184036807,0.005974606
6.184436887,0.0059842
6.184836967,0.005993819
6.185237047,0.006003462
6.185637127,0.00601313
6.186037207,0.006022822
6.186437287,0.006032539
6.186837367,0.00604228
6.187237447,0.006052047
6.187637528,0.006061838
6.188037608,0.006071654
6.188437688,0.006081495
6.188837768,0.006091361
6.189237848,0.006101252
6.189637928,0.006111169
6.190038008,0.006121111
6.190438088,0.006131078
6.190838168,0.006141071
6.191238248,0.00615109
6.191638328,0.006161135
6.192038408,0.006171205
6.192438488,0.006181301
6.192838568,0.006191424
6.193238648,0.006201572
6.193638728,0.006211747
6.194038808,0.006221948
6.194438888,0.006232175
6.194838968,0.006242429
6.195239048,0.006252709
6.195639128,0.006263016
6.196039208,0.00627335
6.196439288,0.006283711
6.196839368,0.006294099
6.197239448,0.006304513
6.197639528,0.006314955
6.198039608,0.006325424
6.198439688,0.006335921
6.198839768,0.006346445
6.199239848,0.006356997
6.199639928,0.006367576
6.200040008,0.006378183
6.200440088,0.006388818
6.200840168,0.00639948
6.201240248,0.006410171
6.201640328,0.00642089
6.202040408,0.006431638
6.202440488,0.006442413
6.202840568,0.006453217
6.203240648,0.00646405
6.203640728,0.006474911
6.204040808,0.006485801
6.204440888,0.00649672
6.204840968,0.006507668
6.205241048,0.006518646
6.205641128,0.006529652
6.206041208,0.006540688
6.206441288,0.006551753
6.206841368,0.006562847
6.207241448,0.006573971
6.207641528,0.006585125
6.208041608,0.006596309
6.208441688,0.006607523
6.208841768,0.006618767
6.209241848,0.006630041
6.209641928,0.006641345
6.210042008,0.00665268
6.210442088,0.006664045
6.210842168,0.006675441
6.211242248,0.006686868
6.211642328,0.006698325
6.212042408,0.006709814
6.212442488,0.006721333
6.212842569,0.006732884
6.213242649,0.006744466
6.213642729,0.00675608
6.214042809,0.006767725
6.214442889,0.006779402
6.214842969,0.006791111
6.215243049,0.006802851
6.215643129,0.006814624
6.216043209,0.006826428
6.216443289,0.006838265
6.216843369,0.006850135
6.217243449,0.006862037
6.217643529,0.006873971
6.218043609,0.006885939
6.218443689,0.006897939
6.218843769,0.006909972
6.219243849,0.006922039
6.219643929,0.006934139
6.220044009,0.006946272
6.220444089,0.006958439
6.220844169,0.006970639
6.221244249,0.006982873
6.221644329,0.006995141
6.222044409,0.007007443
6.222444489,0.007019779
6.222844569,0.00703215
6.223244649,0.007044555
6.223644729,0.007056994
6.224044809,0.007069469
6.224444889,0.007081978
6.224844969,0.007094522
6.225245049,0.007107101
6.225645129,0.007119715
6.226045209,0.007132365
6.226445289,0.00714505
6.226845369,0.007157771
6.227245449,0.007170528
6.227645529,0.00718332
6.228045609,0.007196149
6.228445689,0.007209014
6.228845769,0.007221915
6.229245849,0.007234853
6.229645929,0.007247828
6.230046009,0.007260839
6.230446089,0.007273887
6.230846169,0.007286972
6.231246249,0.007300094
6.231646329,0.007313254
6.232046409,0.007326451
6.232446489,0.007339686
6.232846569,0.007352959
6.233246649,0.007366269
6.233646729,0.007379618
6.234046809,0.007393005
6.234446889,0.00740643
6.234846969,0.007419894
6.235247049,0.007433397
6.235647129,0.007446938
6.236047209,0.007460519
6.236447289,0.007474138
6.236847369,0.007487797
6.237247449,0.007501496
6.23764753,0.007515234
6.23804761,0.007529012
6.23844769,0.00754283
6.23884777,0.007556688
6.23924785,0.007570586
6.23964793,0.007584524
6.24004801,0.007598504
6.24044809,0.007612524
6.24084817,0.007626585
6.24124825,0.007640687
6.24164833,0.00765483
6.24204841,0.007669015
6.24244849,0.007683241
6.24284857,0.007697509
6.24324865,0.007711819
6.24364873,0.007726171
6.24404881,0.007740566
6.24444889,0.007755003
6.24484897,0.007769482
6.24524905,0.007784004
6.24564913,0.007798569
6.24604921,0.007813178
6.24644929,0.007827829
6.24684937,0.007842525
6.24724945,0.007857263
6.24764953,0.007872046
6.24804961,0.007886873
6.24844969,0.007901744
6.24884977,0.007916659
6.24924985,0.007931619
6.24964993,0.007946624
6.25005001,0.007961673
6.25045009,0.007976768
6.25085017,0.007991908
6.25125025,0.008007094
6.25165033,0.008022325
6.25205041,0.008037602
6.25245049,0.008052925
6.25285057,0.008068295
6.25325065,0.008083711
6.25365073,0.008099174
6.25405081,0.008114683
6.25445089,0.00813024
6.25485097,0.008145843
6.25525105,0.008161495
6.25565113,0.008177194
6.25605121,0.00819294
6.25645129,0.008208735
6.25685137,0.008224578
6.25725145,0.00824047
6.25765153,0.00825641
6.25805161,0.008272399
6.25845169,0.008288437
6.25885177,0.008304524
6.25925185,0.008320661
6.25965193,0.008336848
6.26005201,0.008353084
6.26045209,0.008369371
6.26085217,0.008385707
6.26125225,0.008402095
6.26165233,0.008418533
6.26205241,0.008435022
6.26245249,0.008451563
6.262852571,0.008468155
6.263252651,0.008484798
6.263652731,0.008501494
6.264052811,0.008518241
6.264452891,0.008535041
6.264852971,0.008551893
6.265253051,0.008568798
6.265653131,0.008585756
6.266053211,0.008602768
6.266453291,0.008619832
6.266853371,0.008636951
6.267253451,0.008654123
6.267653531,0.00867135
6.268053611,0.008688631
6.268453691,0.008705966
6.268853771,0.008723357
6.269253851,0.008740802
6.269653931,0.008758303
6.270054011,0.00877586
6.270454091,0.008793472
6.270854171,0.00881114
6.271254251,0.008828865
6.271654331,0.008846647
6.272054411,0.008864485
6.272454491,0.00888238
6.272854571,0.008900333
6.273254651,0.008918343
6.273654731,0.008936411
6.274054811,0.008954537
6.274454891,0.008972722
6.274854971,0.008990965
6.275255051,0.009009267
6.275655131,0.009027628
6.276055211,0.009046048
6.276455291,0.009064529
6.276855371,0.009083069
6.277255451,0.009101669
6.277655531,0.00912033
6.278055611,0.009139052
6.278455691,0.009157834
6.278855771,0.009176678
6.279255851,0.009195584
6.279655931,0.009214551
6.280056011,0.009233581
6.280456091,0.009252673
6.280856171,0.009271827
6.281256251,0.009291045
6.281656331,0.009310326
6.282056411,0.00932967
6.282456491,0.009349079
6.282856571,0.009368551
6.283256651,0.009388088
6.283656731,0.00940769
6.284056811,0.009427356
6.284456891,0.009447089
6.284856971,0.009466886
6.285257051,0.00948675
6.285657131,0.00950668
6.286057211,0.009526676
6.286457291,0.009546739
6.286857371,0.00956687
6.287257451,0.009587067
6.287657532,0.009607333
6.288057612,0.009627667
6.288457692,0.009648069
6.288857772,0.00966854
6.289257852,0.00968908
6.289657932,0.009709689
6.290058012,0.009730368
6.290458092,0.009751117
6.290858172,0.009771936
6.291258252,0.009792826
6.291658332,0.009813787
6.292058412,0.00983482
6.292458492,0.009855924
6.292858572,0.0098771
6.293258652,0.009898349
6.293658732,0.00991967
6.294058812,0.009941064
6.294458892,0.009962532
6.294858972,0.009984073
6.295259052,0.010005689
6.295659132,0.010027379
6.296059212,0.010049143
6.296459292,0.010070983
6.296859372,0.010092899
6.297259452,0.01011489
6.297659532,0.010136958
6.298059612,0.010159102
6.298459692,0.010181323
6.298859772,0.010203622
6.299259852,0.010225998
6.299659932,0.010248453
6.300060012,0.010270985
6.300460092,0.010293597
6.300860172,0.010316288
6.301260252,0.010339059
6.301660332,0.010361909
6.302060412,0.01038484
6.302460492,0.010407852
6.302860572,0.010430945
6.303260652,0.01045412
6.303660732,0.010477376
6.304060812,0.010500715
6.304460892,0.010524137
6.304860972,0.010547642
6.305261052,0.010571231
6.305661132,0.010594903
6.306061212,0.01061866
6.306461292,0.010642502
6.306861372,0.01066643
6.307261452,0.010690442
6.307661532,0.010714541
6.308061612,0.010738727
6.308461692,0.010762999
6.308861772,0.010787359
6.309261852,0.010811807
6.309661932,0.010836343
6.310062012,0.010860968
6.310462092,0.010885682
6.310862172,0.010910486
6.311262252,0.010935379
6.311662332,0.010960364
6.312062412,0.010985439
6.312462492,0.011010605
6.312862573,0.011035864
6.313262653,0.011061215
6.313662733,0.011086659
6.314062813,0.011112196
6.314462893,0.011137826
6.314862973,0.011163552
6.315263053,0.011189371
6.315663133,0.011215286
6.316063213,0.011241297
6.316463293,0.011267404
6.316863373,0.011293608
6.317263453,0.011319909
6.317663533,0.011346307
6.318063613,0.011372804
6.318463693,0.0113994
6.318863773,0.011426094
6.319263853,0.011452889
6.319663933,0.011479783
6.320064013,0.011506779
6.320464093,0.011533875
6.320864173,0.011561074
6.321264253,0.011588375
6.321664333,0.011615778
6.322064413,0.011643286
6.322464493,0.011670897
6.322864573,0.011698612
6.323264653,0.011726433
6.323664733,0.011754359
6.324064813,0.011782391
6.324464893,0.011810531
6.324864973,0.011838777
6.325265053,0.011867131
6.325665133,0.011895594
6.326065213,0.011924165
6.326465293,0.011952847
6.326865373,0.011981638
6.327265453,0.01201054
6.327665533,0.012039553
6.328065613,0.012068679
6.328465693,0.012097917
6.328865773,0.012127268
6.329265853,0.012156733
6.329665933,0.012186312
6.330066013,0.012216006
6.330466093,0.012245815
6.330866173,0.012275741
6.331266253,0.012305784
6.331666333,0.012335944
6.332066413,0.012366222
6.332466493,0.012396619
6.332866573,0.012427136
6.333266653,0.012457772
6.333666733,0.012488529
6.334066813,0.012519408
6.334466893,0.012550408
6.334866973,0.012581532
6.335267053,0.012612778
6.335667133,0.012644149
6.336067213,0.012675644
6.336467293,0.012707265
6.336867373,0.012739012
6.337267453,0.012770885
6.337667534,0.012802887
6.338067614,0.012835016
6.338467694,0.012867275
6.338867774,0.012899663
6.339267854,0.012932181
6.339667934,0.01296483
6.340068014,0.012997612
6.340468094,0.013030526
6.340868174,0.013063573
6.341268254,0.013096754
6.341668334,0.01313007
6.342068414,0.013163522
6.342468494,0.01319711
6.342868574,0.013230835
6.343268654,0.013264698
6.343668734,0.0132987
6.344068814,0.013332841
6.344468894,0.013367123
6.344868974,0.013401545
6.345269054,0.01343611
6.345669134,0.013470817
6.346069214,0.013505667
6.346469294,0.013540662
6.346869374,0.013575802
6.347269454,0.013611088
6.347669534,0.013646521
6.348069614,0.013682102
6.348469694,0.013717831
6.348869774,0.01375371
6.349269854,0.013789738
6.349669934,0.013825918
6.350070014,0.01386225
6.350470094,0.013898735
6.350870174,0.013935374
6.351270254,0.013972167
6.351670334,0.014009116
6.352070414,0.014046222
6.352470494,0.014083484
6.352870574,0.014120906
6.353270654,0.014158486
6.353670734,0.014196227
6.354070814,0.014234129
6.354470894,0.014272193
6.354870974,0.014310421
6.355271054,0.014348812
6.355671134,0.014387369
6.356071214,0.014426091
6.356471294,0.014464981
6.356871374,0.014504038
6.357271454,0.014543265
6.357671534,0.014582662
6.358071614,0.01462223
6.358471694,0.01466197
6.358871774,0.014701883
6.359271854,0.01474197
6.359671934,0.014782233
6.360072014,0.014822672
6.360472094,0.014863288
6.360872174,0.014904083
6.361272254,0.014945057
6.361672334,0.014986213
6.362072414,0.015027549
6.362472494,0.015069069
6.362872575,0.015110773
6.363272655,0.015152662
6.363672735,0.015194738
6.364072815,0.015237
6.364472895,0.015279452
6.364872975,0.015322093
6.365273055,0.015364925
6.365673135,0.01540795
6.366073215,0.015451167
6.366473295,0.01549458
6.366873375,0.015538188
6.367273455,0.015581993
6.367673535,0.015625996
6.368073615,0.015670199
6.368473695,0.015714602
6.368873775,0.015759208
6.369273855,0.015804017
6.369673935,0.01584903
6.370074015,0.01589425
6.370474095,0.015939676
6.370874175,0.015985311
6.371274255,0.016031156
6.371674335,0.016077212
6.372074415,0.016123481
6.372474495,0.016169963
6.372874575,0.016216661
6.373274655,0.016263576
6.373674735,0.016310708
6.374074815,0.01635806
6.374474895,0.016405633
6.374874975,0.016453428
6.375275055,0.016501447
6.375675135,0.016549691
6.376075215,0.016598162
6.376475295,0.016646861
6.376875375,0.01669579
6.377275455,0.01674495
6.377675535,0.016794343
6.378075615,0.01684397
6.378475695,0.016893832
6.378875775,0.016943932
6.379275855,0.016994271
6.379675935,0.01704485
6.380076015,0.017095672
6.380476095,0.017146737
6.380876175,0.017198047
6.381276255,0.017249605
6.381676335,0.017301411
6.382076415,0.017353467
6.382476495,0.017405775
6.382876575,0.017458337
6.383276655,0.017511155
6.383676735,0.017564229
6.384076815,0.017617562
6.384476895,0.017671156
6.384876975,0.017725012
6.385277055,0.017779133
6.385677135,0.017833519
6.386077215,0.017888173
6.386477295,0.017943097
6.386877375,0.017998292
6.387277455,0.01805376
6.387677536,0.018109504
6.388077616,0.018165525
6.388477696,0.018221825
6.388877776,0.018278405
6.389277856,0.018335269
6.389677936,0.018392418
6.390078016,0.018449853
6.390478096,0.018507577
6.390878176,0.018565593
6.391278256,0.018623901
6.391678336,0.018682504
6.392078416,0.018741404
6.392478496,0.018800603
6.392878576,0.018860104
6.393278656,0.018919908
6.393678736,0.018980018
6.394078816,0.019040435
6.394478896,0.019101162
6.394878976,0.019162202
6.395279056,0.019223556
6.395679136,0.019285226
6.396079216,0.019347216
6.396479296,0.019409526
6.396879376,0.01947216
6.397279456,0.01953512
6.397679536,0.019598408
6.398079616,0.019662027
6.398479696,0.019725979
6.398879776,0.019790266
6.399279856,0.019854891
6.399679936,0.019919856
6.400080016,0.019985165
6.400480096,0.020050818
6.400880176,0.02011682
6.401280256,0.020183172
6.401680336,0.020249877
6.402080416,0.020316938
6.402480496,0.020384357
6.402880576,0.020452137
6.403280656,0.02052028
6.403680736,0.020588791
6.404080816,0.02065767
6.404480896,0.020726921
6.404880976,0.020796547
6.405281056,0.02086655
6.405681136,0.020936934
6.406081216,0.021007701
6.406481296,0.021078854
6.406881376,0.021150396
6.407281456,0.021222331
6.407681536,0.02129466
6.408081616,0.021367387
6.408481696,0.021440516
6.408881776,0.021514049
6.409281856,0.021587989
6.409681936,0.021662339
6.410082016,0.021737103
6.410482096,0.021812284
6.410882176,0.021887885
6.411282256,0.02196391
6.411682336,0.022040361
6.412082416,0.022117242
6.412482496,0.022194556
6.412882577,0.022272307
6.413282657,0.022350498
6.413682737,0.022429133
6.414082817,0.022508215
6.414482897,0.022587748
6.414882977,0.022667735
6.415283057,0.02274818
6.415683137,0.022829086
6.416083217,0.022910458
6.416483297,0.022992298
6.416883377,0.023074612
6.417283457,0.023157401
6.417683537,0.023240672
6.418083617,0.023324426
6.418483697,0.023408668
6.418883777,0.023493403
6.419283857,0.023578634
6.419683937,0.023664365
6.420084017,0.0237506
6.420484097,0.023837344
6.420884177,0.0239246
6.421284257,0.024012373
6.421684337,0.024100667
6.422084417,0.024189486
6.422484497,0.024278835
6.422884577,0.024368718
6.423284657,0.02445914
6.423684737,0.024550105
6.424084817,0.024641617
6.424484897,0.024733682
6.424884977,0.024826303
6.425285057,0.024919486
6.425685137,0.025013235
6.426085217,0.025107556
6.426485297,0.025202452
6.426885377,0.025297929
6.427285457,0.025393991
6.427685537,0.025490645
6.428085617,0.025587894
6.428485697,0.025685744
6.428885777,0.0257842
6.429285857,0.025883268
6.429685937,0.025982952
6.430086017,0.026083258
6.430486097,0.026184192
6.430886177,0.026285758
6.431286257,0.026387963
6.431686337,0.026490812
6.432086417,0.02659431
6.432486497,0.026698463
6.432886577,0.026803278
6.433286657,0.02690876
6.433686737,0.027014914
6.434086817,0.027121747
6.434486897,0.027229265
6.434886977,0.027337474
6.435287057,0.027446381
6.435687137,0.02755599
6.436087217,0.02766631
6.436487297,0.027777346
6.436887377,0.027889104
6.437287457,0.028001591
6.437687538,0.028114814
6.438087618,0.02822878
6.438487698,0.028343495
6.438887778,0.028458966
6.439287858,0.0285752
6.439687938,0.028692205
6.440088018,0.028809986
6.440488098,0.028928552
6.440888178,0.02904791
6.441288258,0.029168067
6.441688338,0.02928903
6.442088418,0.029410807
6.442488498,0.029533406
6.442888578,0.029656834
6.443288658,0.029781099
6.443688738,0.02990621
6.444088818,0.030032174
6.444488898,0.030158998
6.444888978,0.030286693
6.445289058,0.030415264
6.445689138,0.030544722
6.446089218,0.030675075
6.446489298,0.030806331
6.446889378,0.030938498
6.447289458,0.031071587
6.447689538,0.031205605
6.448089618,0.031340562
6.448489698,0.031476466
6.448889778,0.031613328
6.449289858,0.031751156
6.449689938,0.03188996
6.450090018,0.03202975
6.450490098,0.032170535
6.450890178,0.032312326
6.451290258,0.032455131
6.451690338,0.032598962
6.452090418,0.032743829
6.452490498,0.032889741
6.452890578,0.03303671
6.453290658,0.033184746
6.453690738,0.03333386
6.454090818,0.033484063
6.454490898,0.033635365
6.454890978,0.033787779
6.455291058,0.033941315
6.455691138,0.034095985
6.456091218,0.034251801
6.456491298,0.034408774
6.456891378,0.034566916
6.457291458,0.03472624
6.457691538,0.034886757
6.458091618,0.035048481
6.458491698,0.035211423
6.458891778,0.035375597
6.459291858,0.035541016
6.459691938,0.035707692
6.460092018,0.035875639
6.460492098,0.03604487
6.460892178,0.0362154
6.461292258,0.036387241
6.461692338,0.036560409
6.462092418,0.036734916
6.462492498,0.036910778
6.462892579,0.037088009
6.463292659,0.037266624
6.463692739,0.037446638
6.464092819,0.037628067
6.464492899,0.037810925
6.464892979,0.037995228
6.465293059,0.038180993
6.465693139,0.038368235
6.466093219,0.038556971
6.466493299,0.038747217
6.466893379,0.03893899
6.467293459,0.039132307
6.467693539,0.039327185
6.468093619,0.039523642
6.468493699,0.039721695
6.468893779,0.039921364
6.469293859,0.040122665
6.469693939,0.040325617
6.470094019,0.04053024
6.470494099,0.040736552
6.470894179,0.040944573
6.471294259,0.041154322
6.471694339,0.041365819
6.472094419,0.041579085
6.472494499,0.041794139
6.472894579,0.042011004
6.473294659,0.0422297
6.473694739,0.042450248
6.474094819,0.04267267
6.474494899,0.042896988
6.474894979,0.043123226
6.475295059,0.043351404
6.475695139,0.043581548
6.476095219,0.043813679
6.476495299,0.044047822
6.476895379,0.044284001
6.477295459,0.044522241
6.477695539,0.044762567
6.478095619,0.045005003
6.478495699,0.045249576
6.478895779,0.045496311
6.479295859,0.045745236
6.479695939,0.045996376
6.480096019,0.04624976
6.480496099,0.046505415
6.480896179,0.04676337
6.481296259,0.047023652
6.481696339,0.047286292
6.482096419,0.047551318
6.482496499,0.047818761
6.482896579,0.048088651
6.483296659,0.048361019
6.483696739,0.048635897
6.484096819,0.048913316
6.484496899,0.04919331
6.484896979,0.049475911
6.485297059,0.049761153
6.485697139,0.050049069
6.486097219,0.050339696
6.486497299,0.050633067
6.486897379,0.050929219
6.487297459,0.051228189
6.48769754,0.051530012
6.48809762,0.051834728
6.4884977,0.052142373
6.48889778,0.052452988
6.48929786,0.052766612
6.48969794,0.053083284
6.49009802,0.053403047
6.4904981,0.053725941
6.49089818,0.054052009
6.49129826,0.054381294
6.49169834,0.054713839
6.49209842,0.05504969
6.4924985,0.055388892
6.49289858,0.05573149
6.49329866,0.056077532
6.49369874,0.056427066
6.49409882,0.056780139
6.4944989,0.057136802
6.49489898,0.057497105
6.49529906,0.057861099
6.49569914,0.058228835
6.49609922,0.058600368
6.4964993,0.05897575
6.49689938,0.059355038
6.49729946,0.059738286
6.49769954,0.060125552
6.49809962,0.060516894
6.4984997,0.06091237
6.49889978,0.061312041
6.49929986,0.061715969
6.49969994,0.062124214
6.50010002,0.062536842
6.5005001,0.062953916
6.50090018,0.063375502
6.50130026,0.063801668
6.50170034,0.064232481
6.50210042,0.064668011
6.5025005,0.06510833
6.50290058,0.065553509
6.50330066,0.066003622
6.50370074,0.066458744
6.50410082,0.066918951
6.5045009,0.067384322
6.50490098,0.067854935
6.50530106,0.068330873
6.50570114,0.068812216
6.50610122,0.06929905
6.5065013,0.06979146
6.50690138,0.070289533
6.50730146,0.070793359
6.50770154,0.071303028
6.50810162,0.071818634
6.5085017,0.07234027
6.50890178,0.072868033
6.50930186,0.073402022
6.50970194,0.073942336
6.51010202,0.074489078
6.5105021,0.075042353
6.51090218,0.075602267
6.51130226,0.076168928
6.51170234,0.076742448
6.51210242,0.077322939
6.512502501,0.077910517
6.512902581,0.078505301
6.513302661,0.079107409
6.513702741,0.079716966
6.514102821,0.080334096
6.514502901,0.080958927
6.514902981,0.081591591
6.515303061,0.08223222
6.515703141,0.08288095
6.516103221,0.083537922
6.516503301,0.084203276
6.516903381,0.084877159
6.517303461,0.085559718
6.517703541,0.086251104
6.518103621,0.086951474
6.518503701,0.087660983
6.518903781,0.088379795
6.519303861,0.089108074
6.519703941,0.089845989
6.520104021,0.090593712
6.520504101,0.091351419
6.520904181,0.09211929
6.521304261,0.09289751
6.521704341,0.093686267
6.522104421,0.094485753
6.522504501,0.095296164
6.522904581,0.096117702
6.523304661,0.096950573
6.523704741,0.097794986
6.524104821,0.098651158
6.524504901,0.099519308
6.524904981,0.100399661
6.525305061,0.101292447
6.525705141,0.102197903
6.526105221,0.103116269
6.526505301,0.104047792
6.526905381,0.104992724
6.527305461,0.105951323
6.527705541,0.106923855
6.528105621,0.10791059
6.528505701,0.108911804
6.528905781,0.109927781
6.529305861,0.110958812
6.529705941,0.112005194
6.530106021,0.113067232
6.530506101,0.114145236
6.530906181,0.115239526
6.531306261,0.116350429
6.531706341,0.117478281
6.532106421,0.118623423
6.532506501,0.119786207
6.532906581,0.120966994
6.533306661,0.122166151
6.533706741,0.123384057
6.534106821,0.124621099
6.534506901,0.125877674
6.534906981,0.127154187
6.535307061,0.128451057
6.535707141,0.129768709
6.536107221,0.131107583
6.536507301,0.132468125
6.536907381,0.133850797
6.537307461,0.135256069
6.537707542,0.136684426
6.538107622,0.138136363
6.538507702,0.139612388
6.538907782,0.141113023
6.539307862,0.142638802
6.539707942,0.144190273
6.540108022,0.145767997
6.540508102,0.147372553
6.540908182,0.14900453
6.541308262,0.150664536
6.541708342,0.152353192
6.542108422,0.154071136
6.542508502,0.155819023
6.542908582,0.157597525
6.543308662,0.159407329
6.543708742,0.161249144
6.544108822,0.163123692
6.544508902,0.165031719
6.544908982,0.166973986
6.545309062,0.168951277
6.545709142,0.170964394
6.546109222,0.173014161
6.546509302,0.175101423
6.546909382,0.177227046
6.547309462,0.17939192
6.547709542,0.181596957
6.548109622,0.183843092
6.548509702,0.186131286
6.548909782,0.188462521
6.549309862,0.190837809
6.549709942,0.193258183
6.550110022,0.195724706
6.550510102,0.198238466
6.550910182,0.200800579
6.551310262,0.203412189
6.551710342,0.206074469
6.552110422,0.20878862
6.552510502,0.211555874
6.552910582,0.214377493
6.553310662,0.217254769
6.553710742,0.220189027
6.554110822,0.223181622
6.554510902,0.226233943
6.554910982,0.229347408
6.555311062,0.232523473
6.555711142,0.235763624
6.556111222,0.239069382
6.556511302,0.242442301
6.556911382,0.245883969
6.557311462,0.249396011
6.557711542,0.252980083
6.558111622,0.256637875
6.558511702,0.260371115
6.558911782,0.264181561
6.559311862,0.268071005
6.559711942,0.272041274
6.560112022,0.276094225
6.560512102,0.280231749
6.560912182,0.284455766
6.561312262,0.288768226
6.561712342,0.293171106
6.562112422,0.297666411
6.562512503,0.302256171
6.562912583,0.306942438
6.563312663,0.311727283
6.563712743,0.316612797
6.564112823,0.321601082
6.564512903,0.326694256
6.564912983,0.331894439
6.565313063,0.337203757
6.565713143,0.342624333
6.566113223,0.348158283
6.566513303,0.353807711
6.566913383,0.359574699
6.567313463,0.365461305
6.567713543,0.371469551
6.568113623,0.377601418
6.568513703,0.383858833
6.568913783,0.390243662
6.569313863,0.396757698
6.569713943,0.403402648
6.570114023,0.410180122
6.570514103,0.417091619
6.570914183,0.424138509
6.571314263,0.431322022
6.571714343,0.438643225
6.572114423,0.446103008
6.572514503,0.453702064
6.572914583,0.461440864
6.573314663,0.469319638
6.573714743,0.477338352
6.574114823,0.485496679
6.574514903,0.493793978
6.574914983,0.502229261
6.575315063,0.510801168
6.575715143,0.519507935
6.576115223,0.528347361
6.576515303,0.537316781
6.576915383,0.546413026
6.577315463,0.555632393
6.577715543,0.56497061
6.578115623,0.574422798
6.578515703,0.583983441
6.578915783,0.593646347
6.579315863,0.603404612
6.579715943,0.613250593
6.580116023,0.62317587
6.580516103,0.63317122
6.580916183,0.643226583
6.581316263,0.653331048
6.581716343,0.66347282
6.582116423,0.673639211
6.582516503,0.683816627
6.582916583,0.693990559
6.583316663,0.704145588
6.583716743,0.714265386
6.584116823,0.724332741
6.584516903,0.734329571
6.584916983,0.744236966
6.585317063,0.754035227
6.585717143,0.763703922
6.586117223,0.773221949
6.586517303,0.782567615
6.586917383,0.791718722
6.587317463,0.800652665
6.587717544,0.809346545
6.588117624,0.817777286
6.588517704,0.82592177
6.588917784,0.833756974
6.589317864,0.841260122
6.589717944,0.848408832
6.590118024,0.855181288
6.590518104,0.861556392
6.590918184,0.867513937
6.591318264,0.873034766
6.591718344,0.878100936
6.592118424,0.882695871
6.592518504,0.886804515
6.592918584,0.890413462
6.593318664,0.893511088
6.593718744,0.89608766
6.594118824,0.898135426
6.594518904,0.8996487
6.594918984,0.900623912
6.595319064,0.901059645
6.595719144,0.900956654
6.596119224,0.900317859
6.596519304,0.899148311
6.596919384,0.897455156
6.597319464,0.895247553
6.597719544,0.892536598
6.598119624,0.889335215
6.598519704,0.885658038
6.598919784,0.881521274
6.599319864,0.876942569
6.599719944,0.871940843
6.600120024,0.866536144
6.600520104,0.860749473
6.600920184,0.854602629
6.601320264,0.848118039
6.601720344,0.841318597
6.602120424,0.834227511
6.602520504,0.826868146
6.602920584,0.819263885
6.603320664,0.811437992
6.603720744,0.803413487
6.604120824,0.795213033
6.604520904,0.78685883
6.604920984,0.778372526
6.605321064,0.769775133
6.605721144,0.761086958
6.606121224,0.752327546
6.606521304,0.743515633
6.606921384,0.734669105
6.607321464,0.725804972
6.607721544,0.716939349
6.608121624,0.708087447
6.608521704,0.699263564
6.608921784,0.690481097
6.609321864,0.681752544
6.609721944,0.673089523
6.610122024,0.664502792
6.610522104,0.656002268
6.610922184,0.64759706
6.611322264,0.639295494
6.611722344,0.631105144
6.612122424,0.62303287
6.612522505,0.615084846
6.612922585,0.607266601
6.613322665,0.599583049
6.613722745,0.592038529
6.614122825,0.584636835
6.614522905,0.577381257
6.614922985,0.570274609
6.615323065,0.563319266
6.615723145,0.556517195
6.616123225,0.549869985
6.616523305,0.543378877
6.616923385,0.537044795
6.617323465,0.53086837
6.617723545,0.524849967
6.618123625,0.518989711
6.618523705,0.513287508
6.618923785,0.507743068
6.619323865,0.502355926
6.619723945,0.497125462
6.620124025,0.492050917
6.620524105,0.48713141
6.620924185,0.482365956
6.621324265,0.477753481
6.621724345,0.473292833
6.622124425,0.468982794
6.622524505,0.464822098
6.622924585,0.460809434
6.623324665,0.456943462
6.623724745,0.453222818
6.624124825,0.449646126
6.624524905,0.446212004
6.624924985,0.442919069
6.625325065,0.439765951
6.625725145,0.436751289
6.626125225,0.433873743
6.626525305,0.431131998
6.626925385,0.428524769
6.627325465,0.426050802
6.627725545,0.423708881
6.628125625,0.421497829
6.628525705,0.419416514
6.628925785,0.41746385
6.629325865,0.415638799
6.629725945,0.413940374
6.630126025,0.41236764
6.630526105,0.410919719
6.630926185,0.409595787
6.631326265,0.408395079
6.631726345,0.407316889
6.632126425,0.406360571
6.632526505,0.405525539
6.632926585,0.404811273
6.633326665,0.40421731
6.633726745,0.403743256
6.634126825,0.403388776
6.634526905,0.403153604
6.634926985,0.403037536
6.635327065,0.403040434
6.635727145,0.403162225
6.636127225,0.403402901
6.636527305,0.403762522
6.636927385,0.404241209
6.637327465,0.404839153
6.637727546,0.405556607
6.638127626,0.406393891
6.638527706,0.407351387
6.638927786,0.408429544
6.639327866,0.409628874
6.639727946,0.41094995
6.640128026,0.41239341
6.640528106,0.413959952
6.640928186,0.415650334
6.641328266,0.417465375
6.641728346,0.419405952
6.642128426,0.421472997
6.642528506,0.423667499
6.642928586,0.425990499
6.643328666,0.428443092
6.643728746,0.431026418
6.644128826,0.433741668
6.644528906,0.436590075
6.644928986,0.439572913
6.645329066,0.442691493
6.645729146,0.445947161
6.646129226,0.449341294
6.646529306,0.452875291
6.646929386,0.456550575
6.647329466,0.460368582
6.647729546,0.464330756
6.648129626,0.468438546
6.648529706,0.472693396
6.648929786,0.477096735
6.649329866,0.481649975
6.649729946,0.486354496
6.650130026,0.491211637
6.650530106,0.496222689
6.650930186,0.501388879
6.651330266,0.50671136
6.651730346,0.512191194
6.652130426,0.517829343
6.652530506,0.523626647
6.652930586,0.529583812
6.653330666,0.535701391
6.653730746,0.54197976
6.654130826,0.548419104
6.654530906,0.555019393
6.654930986,0.561780355
6.655331066,0.568701458
6.655731146,0.575781878
6.656131226,0.583020477
6.656531306,0.590415769
6.656931386,0.597965895
6.657331466,0.605668591
6.657731546,0.613521153
6.658131626,0.621520408
6.658531706,0.629662675
6.658931786,0.637943735
6.659331866,0.646358795
6.659731946,0.654902447
6.660132026,0.66356864
6.660532106,0.67235064
6.660932186,0.681240997
6.661332266,0.69023151
6.661732346,0.699313198
6.662132426,0.708476266
6.662532507,0.717710081
6.662932587,0.727003147
6.663332667,0.736343083
6.663732747,0.745716611
6.664132827,0.755109541
6.664532907,0.764506771
6.664932987,0.773892283
6.665333067,0.783249162
6.665733147,0.792559604
6.666133227,0.80180495
6.666533307,0.810965718
6.666933387,0.820021653
6.667333467,0.828951781
6.667733547,0.837734482
6.668133627,0.846347563
6.668533707,0.854768357
6.668933787,0.86297382
6.669333867,0.870940646
6.669733947,0.878645394
6.670134027,0.88606462
6.670534107,0.89317502
6.670934187,0.899953583
6.671334267,0.906377748
6.671734347,0.912425566
6.672134427,0.918075865
6.672534507,0.923308416
6.672934587,0.928104098
6.673334667,0.932445058
6.673734747,0.936314868
6.674134827,0.939698668
6.674534907,0.942583304
6.674934987,0.944957449
6.675335067,0.946811712
6.675735147,0.948138726
6.676135227,0.948933219
6.676535307,0.949192072
6.676935387,0.948914341
6.677335467,0.948101273
6.677735547,0.94675629
6.678135627,0.944884959
6.678535707,0.942494934
6.678935787,0.939595885
6.679335867,0.936199404
6.679735947,0.932318895
6.680136027,0.927969453
6.680536107,0.923167723
6.680936187,0.917931756
6.681336267,0.912280851
6.681736347,0.906235395
6.682136427,0.899816696
6.682536507,0.893046822
6.682936587,0.885948429
6.683336667,0.878544605
6.683736747,0.870858712
6.684136827,0.862914233
6.684536907,0.854734633
6.684936987,0.846343223
6.685337067,0.83776304
6.685737147,0.829016732
6.686137227,0.820126456
6.686537307,0.811113794
6.686937387,0.801999668
6.687337467,0.792804274
6.687737548,0.783547031
6.688137628,0.774246531
6.688537708,0.764920504
6.688937788,0.755585795
6.689337868,0.746258347
6.689737948,0.736953188
6.690138028,0.727684436
6.690538108,0.718465298
6.690938188,0.709308087
6.691338268,0.700224236
6.691738348,0.691224317
6.692138428,0.682318067
6.692538508,0.673514417
6.692938588,0.664821523
6.693338668,0.656246792
6.693738748,0.647796925
6.694138828,0.639477943
6.694538908,0.631295228
6.694938988,0.623253559
6.695339068,0.615357141
6.695739148,0.60760965
6.696139228,0.600014259
6.696539308,0.592573678
6.696939388,0.585290183
6.697339468,0.578165651
6.697739548,0.57120159
6.698139628,0.564399166
6.698539708,0.557759239
6.698939788,0.551282379
6.699339868,0.544968901
6.699739948,0.538818887
6.700140028,0.532832205
6.700540108,0.527008537
6.700940188,0.521347395
6.701340268,0.515848142
6.701740348,0.510510008
6.702140428,0.505332111
6.702540508,0.500313469
6.702940588,0.495453014
6.703340668,0.490749609
6.703740748,0.486202058
6.704140828,0.481809118
6.704540908,0.47756951
6.704940988,0.47348193
6.705341068,0.469545055
6.705741148,0.465757555
6.706141228,0.462118098
6.706541308,0.458625359
6.706941388,0.455278025
6.707341468,0.4520748
6.707741548,0.449014414
6.708141628,0.446095624
6.708541708,0.443317222
6.708941788,0.440678034
6.709341868,0.438176929
6.709741948,0.435812818
6.710142028,0.433584661
6.710542108,0.431491465
6.710942188,0.42953229
6.711342268,0.42770625
6.711742348,0.426012513
6.712142428,0.424450304
6.712542509,0.423018908
6.712942589,0.421717669
6.713342669,0.42054599
6.713742749,0.419503337
6.714142829,0.418589236
6.714542909,0.417803276
6.714942989,0.417145108
6.715343069,0.416614446
6.715743149,0.416211067
6.716143229,0.415934807
6.716543309,0.415785568
6.716943389,0.41576331
6.717343469,0.415868056
6.717743549,0.416099885
6.718143629,0.416458939
6.718543709,0.416945414
6.718943789,0.417559564
6.719343869,0.418301696
6.719743949,0.419172171
6.720144029,0.420171399
6.720544109,0.421299839
6.720944189,0.422557995
6.721344269,0.423946416
6.721744349,0.425465688
6.722144429,0.427116436
6.722544509,0.428899314
6.722944589,0.430815008
6.723344669,0.432864226
6.723744749,0.435047697
6.724144829,0.43736616
6.724544909,0.439820364
6.724944989,0.442411061
6.725345069,0.445138993
6.725745149,0.448004892
6.726145229,0.451009467
6.726545309,0.454153399
6.726945389,0.457437325
6.727345469,0.460861835
6.727745549,0.464427457
6.728145629,0.468134645
6.728545709,0.471983767
6.728945789,0.475975091
6.729345869,0.480108771
6.729745949,0.484384831
6.730146029,0.488803145
6.730546109,0.493363426
6.730946189,0.4980652
6.731346269,0.502907792
6.731746349,0.5078903
6.732146429,0.513011578
6.732546509,0.518270207
6.732946589,0.523664476
6.733346669,0.529192354
6.733746749,0.534851464
6.734146829,0.540639058
6.734546909,0.546551987
6.734946989,0.552586673
6.735347069,0.558739083
6.735747149,0.565004694
6.736147229,0.571378472
6.736547309,0.577854835
6.736947389,0.584427633
6.737347469,0.591090111
6.73774755,0.597834892
6.73814763,0.604653945
6.73854771,0.611538567
6.73894779,0.618479361
6.73934787,0.625466218
6.73974795,0.632488306
6.74014803,0.639534058
6.74054811,0.646591169
6.74094819,0.653646597
6.74134827,0.660686569
6.74174835,0.667696594
6.74214843,0.674661484
6.74254851,0.681565382
6.74294859,0.6883918
6.74334867,0.695123662
6.74374875,0.701743357
6.74414883,0.708232806
6.74454891,0.714573533
6.74494899,0.720746745
6.74534907,0.726733423
6.74574915,0.732514424
6.74614923,0.73807059
6.74654931,0.743382857
6.74694939,0.748432382
6.74734947,0.753200671
6.74774955,0.757669704
6.74814963,0.761822077
6.74854971,0.765641128
6.74894979,0.769111079
6.74934987,0.772217163
6.74974995,0.774945748
6.75015003,0.777284464
6.75055011,0.779222307
6.75095019,0.780749745
6.75135027,0.781858807
6.75175035,0.782543154
6.75215043,0.782798146
6.75255051,0.782620882
6.75295059,0.782010228
6.75335067,0.78096683
6.75375075,0.779493106
6.75415083,0.777593219
6.75455091,0.77527304
6.75495099,0.772540085
6.75535107,0.769403447
6.75575115,0.765873706
6.75615123,0.761962835
6.75655131,0.757684081
6.75695139,0.753051858
6.75735147,0.748081611
6.75775155,0.742789694
6.75815163,0.73719323
6.75855171,0.73130998
6.75895179,0.725158209
6.75935187,0.718756551
6.75975195,0.712123885
6.76015203,0.705279208
6.76055211,0.698241522
6.76095219,0.691029722
6.76135227,0.683662494
6.76175235,0.676158228
6.76215243,0.668534926
6.762552511,0.660810134
6.762952591,0.653000875
6.763352671,0.645123591
6.763752751,0.637194099
6.764152831,0.629227553
6.764552911,0.621238412
6.764952991,0.613240417
6.765353071,0.605246582
6.765753151,0.597269179
6.766153231,0.589319741
6.766553311,0.581409062
6.766953391,0.573547207
6.767353471,0.565743527
6.767753551,0.558006669
6.768153631,0.550344601
6.768553711,0.542764634
6.768953791,0.535273442
6.769353871,0.527877091
6.769753951,0.520581067
6.770154031,0.5133903
6.770554111,0.506309196
6.770954191,0.499341666
6.771354271,0.492491152
6.771754351,0.485760659
6.772154431,0.47915278
6.772554511,0.472669724
6.772954591,0.466313346
6.773354671,0.460085169
6.773754751,0.453986411
6.774154831,0.448018008
6.774554911,0.442180639
6.774954991,0.436474744
6.775355071,0.430900549
6.775755151,0.425458084
6.776155231,0.420147199
6.776555311,0.414967586
6.776955391,0.409918791
6.777355471,0.405000232
6.777755551,0.400211211
6.778155631,0.395550929
6.778555711,0.391018498
6.778955791,0.38661295
6.779355871,0.382333251
6.779755951,0.378178305
6.780156031,0.37414697
6.780556111,0.370238058
6.780956191,0.366450347
6.781356271,0.362782585
6.781756351,0.359233497
6.782156431,0.355801789
6.782556511,0.352486152
6.782956591,0.349285265
6.783356671,0.3461978
6.783756751,0.343222423
6.784156831,0.340357796
6.784556911,0.337602578
6.784956991,0.334955428
6.785357071,0.332414999
6.785757151,0.329979949
6.786157231,0.327648927
6.786557311,0.325420584
6.786957391,0.323293563
6.787357471,0.3212665
6.787757552,0.319338023
6.788157632,0.317506746
6.788557712,0.31577127
6.788957792,0.314130174
6.789357872,0.312582015
6.789757952,0.311125322
6.790158032,0.30975859
6.790558112,0.308480278
6.790958192,0.307288799
6.791358272,0.306182518
6.791758352,0.305159742
6.792158432,0.304218719
6.792558512,0.303357623
6.792958592,0.302574553
6.793358672,0.301867526
6.793758752,0.301234464
6.794158832,0.300673192
6.794558912,0.300181426
6.794958992,0.29975677
6.795359072,0.299396704
6.795759152,0.29909858
6.796159232,0.29885961
6.796559312,0.298676866
6.796959392,0.298547269
6.797359472,0.298467584
6.797759552,0.298434416
6.798159632,0.298444207
6.798559712,0.298493231
6.798959792,0.298577591
6.799359872,0.298693223
6.799759952,0.298835894
6.800160032,0.299001205
6.800560112,0.299184595
6.800960192,0.29938135
6.801360272,0.299586608
6.801760352,0.299795373
6.802160432,0.300002527
6.802560512,0.300202843
6.802960592,0.300391007
6.803360672,0.300561633
6.803760752,0.300709292
6.804160832,0.300828531
6.804560912,0.300913901
6.804960992,0.300959989
6.805361072,0.300961446
6.805761152,0.300913017
6.806161232,0.300809577
6.806561312,0.300646167
6.806961392,0.30041802
6.807361472,0.300120603
6.807761552,0.299749646
6.808161632,0.299301177
6.808561712,0.298771549
6.808961792,0.298157471
6.809361872,0.297456034
6.809761952,0.296664734
6.810162032,0.295781489
6.810562112,0.294804658
6.810962192,0.293733053
6.811362272,0.292565941
6.811762352,0.291303056
6.812162432,0.289944589
6.812562513,0.288491187
6.812962593,0.286943943
6.813362673,0.285304379
6.813762753,0.283574429
6.814162833,0.281756418
6.814562913,0.279853036
6.814962993,0.277867311
6.815363073,0.275802577
6.815763153,0.273662445
6.816163233,0.271450765
6.816563313,0.269171598
6.816963393,0.266829177
6.817363473,0.264427873
6.817763553,0.261972163
6.818163633,0.259466593
6.818563713,0.256915751
6.818963793,0.254324235
6.819363873,0.251696623
6.819763953,0.249037448
6.820164033,0.246351175
6.820564113,0.243642176
6.820964193,0.240914713
6.821364273,0.23817292
6.821764353,0.235420789
6.822164433,0.232662157
6.822564513,0.229900695
6.822964593,0.227139901
6.823364673,0.224383093
6.823764753,0.221633407
6.824164833,0.218893791
6.824564913,0.216167009
6.824964993,0.213455634
6.825365073,0.21076206
6.825765153,0.208088494
6.826165233,0.205436971
6.826565313,0.202809348
6.826965393,0.200207317
6.827365473,0.197632409
6.827765553,0.195085999
6.828165633,0.192569314
6.828565713,0.190083439
6.828965793,0.187629326
6.829365873,0.1852078
6.829765953,0.182819567
6.830166033,0.180465219
6.830566113,0.178145245
6.830966193,0.175860034
6.831366273,0.173609884
6.831766353,0.171395009
6.832166433,0.169215544
6.832566513,0.167071551
6.832966593,0.164963028
6.833366673,0.162889909
6.833766753,0.160852075
6.834166833,0.158849354
6.834566913,0.156881531
6.834966993,0.154948347
6.835367073,0.153049507
6.835767153,0.151184684
6.836167233,0.149353519
6.836567313,0.147555629
6.836967393,0.145790607
6.837367473,0.144058027
6.837767554,0.142357445
6.838167634,0.140688403
6.838567714,0.13905043
6.838967794,0.137443045
6.839367874,0.135865759
6.839767954,0.134318078
6.840168034,0.1327995
6.840568114,0.131309524
6.840968194,0.129847643
6.841368274,0.128413353
6.841768354,0.127006147
6.842168434,0.125625524
6.842568514,0.124270982
6.842968594,0.122942022
6.843368674,0.121638153
6.843768754,0.120358884
6.844168834,0.119103732
6.844568914,0.11787222
6.844968994,0.116663875
6.845369074,0.115478233
6.845769154,0.114314835
6.846169234,0.113173231
6.846569314,0.112052977
6.846969394,0.110953637
6.847369474,0.109874783
6.847769554,0.108815995
6.848169634,0.107776861
6.848569714,0.106756977
6.848969794,0.105755947
6.849369874,0.104773384
6.849769954,0.103808907
6.850170034,0.102862146
6.850570114,0.101932736
6.850970194,0.101020323
6.851370274,0.100124559
6.851770354,0.099245105
6.852170434,0.098381628
6.852570514,0.097533805
6.852970594,0.096701319
6.853370674,0.095883861
6.853770754,0.095081129
6.854170834,0.094292829
6.854570914,0.093518674
6.854970994,0.092758382
6.855371074,0.09201168
6.855771154,0.0912783
6.856171234,0.090557983
6.856571314,0.089850474
6.856971394,0.089155523
6.857371474,0.08847289
6.857771554,0.087802338
6.858171634,0.087143636
6.858571714,0.086496558
6.858971794,0.085860885
6.859371874,0.085236401
6.859771954,0.084622897
6.860172034,0.084020168
6.860572114,0.083428013
6.860972194,0.082846235
6.861372274,0.082274643
6.861772354,0.081713049
6.862172434,0.081161268
6.862572515,0.08061912
6.862972595,0.080086427
6.863372675,0.079563016
6.863772755,0.079048715
6.864172835,0.078543356
6.864572915,0.078046774
6.864972995,0.077558803
6.865373075,0.077079285
6.865773155,0.076608058
6.866173235,0.076144964
6.866573315,0.075689848
6.866973395,0.075242554
6.867373475,0.074802928
6.867773555,0.074370815
6.868173635,0.073946063
6.868573715,0.073528519
6.868973795,0.073118029
6.869373875,0.072714441
6.869773955,0.0723176
6.870174035,0.071927354
6.870574115,0.071543546
6.870974195,0.071166021
6.871374275,0.070794621
6.871774355,0.070429188
6.872174435,0.070069564
6.872574515,0.069715585
6.872974595,0.06936709
6.873374675,0.069023913
6.873774755,0.06868589
6.874174835,0.068352853
6.874574915,0.068024632
6.874974995,0.067701058
6.875375075,0.067381959
6.875775155,0.067067163
6.876175235,0.066756497
6.876575315,0.066449787
6.876975395,0.06614686
6.877375475,0.065847544
6.877775555,0.065551666
6.878175635,0.065259055
6.878575715,0.064969543
6.878975795,0.064682964
6.879375875,0.064399155
6.879775955,0.064117955
6.880176035,0.063839211
6.880576115,0.063562772
6.880976195,0.063288494
6.881376275,0.063016239
6.881776355,0.062745876
6.882176435,0.062477283
6.882576515,0.062210343
6.882976595,0.06194495
6.883376675,0.061681008
6.883776755,0.061418427
6.884176835,0.061157129
6.884576915,0.060897047
6.884976995,0.060638121
6.885377075,0.060380304
6.885777155,0.060123559
6.886177235,0.059867856
6.886577315,0.059613179
6.886977395,0.059359517
6.887377475,0.059106873
6.887777556,0.058855254
6.888177636,0.058604679
6.888577716,0.058355171
6.888977796,0.058106763
6.889377876,0.057859493
6.889777956,0.057613404
6.890178036,0.057368545
6.890578116,0.057124968
6.890978196,0.056882731
6.891378276,0.056641891
6.891778356,0.05640251
6.892178436,0.056164651
6.892578516,0.055928377
6.892978596,0.055693751
6.893378676,0.055460838
6.893778756,0.055229698
6.894178836,0.055000395
6.894578916,0.054772986
6.894978996,0.054547531
6.895379076,0.054324083
6.895779156,0.054102696
6.896179236,0.053883419
6.896579316,0.0536663
6.896979396,0.053451381
6.897379476,0.053238703
6.897779556,0.053028303
6.898179636,0.052820215
6.898579716,0.052614469
6.898979796,0.052411092
6.899379876,0.052210109
6.899779956,0.05201154
6.900180036,0.051815403
6.900580116,0.051621711
6.900980196,0.051430477
6.901380276,0.05124171
6.901780356,0.051055416
6.902180436,0.050871599
6.902580516,0.050690261
6.902980596,0.0505114
6.903380676,0.050335013
6.903780756,0.050161097
6.904180836,0.049989644
6.904580916,0.049820646
6.904980996,0.049654094
6.905381076,0.049489975
6.905781156,0.049328279
6.906181236,0.04916899
6.906581316,0.049012095
6.906981396,0.048857577
6.907381476,0.048705421
6.907781556,0.048555608
6.908181636,0.048408121
6.908581716,0.048262942
6.908981796,0.048120052
6.909381876,0.047979431
6.909781956,0.047841059
6.910182036,0.047704917
6.910582116,0.047570984
6.910982196,0.04743924
6.911382276,0.047309665
6.911782356,0.047182237
6.912182436,0.047056937
6.912582517,0.046933744
6.912982597,0.046812637
6.913382677,0.046693597
6.913782757,0.046576602
6.914182837,0.046461632
6.914582917,0.046348669
6.914982997,0.046237691
6.915383077,0.04612868
6.915783157,0.046021616
6.916183237,0.045916481
6.916583317,0.045813255
6.916983397,0.045711919
6.917383477,0.045612457
6.917783557,0.045514849
6.918183637,0.045419079
6.918583717,0.045325128
6.918983797,0.045232981
6.919383877,0.04514262
6.919783957,0.045054029
6.920184037,0.044967192
6.920584117,0.044882093
6.920984197,0.044798717
6.921384277,0.04471705
6.921784357,0.044637076
6.922184437,0.04455878
6.922584517,0.04448215
6.922984597,0.044407171
6.923384677,0.04433383
6.923784757,0.044262114
6.924184837,0.044192011
6.924584917,0.044123506
6.924984997,0.04405659
6.925385077,0.043991249
6.925785157,0.043927473
6.926185237,0.043865251
6.926585317,0.04380457
6.926985397,0.043745421
6.927385477,0.043687794
6.927785557,0.043631678
6.928185637,0.043577064
6.928585717,0.043523943
6.928985797,0.043472304
6.929385877,0.04342214
6.929785957,0.043373441
6.930186037,0.0433262
6.930586117,0.043280408
6.930986197,0.043236056
6.931386277,0.043193139
6.931786357,0.043151647
6.932186437,0.043111575
6.932586517,0.043072914
6.932986597,0.043035659
6.933386677,0.042999803
6.933786757,0.042965339
6.934186837,0.042932262
6.934586917,0.042900565
6.934986997,0.042870243
6.935387077,0.04284129
6.935787157,0.042813701
6.936187237,0.042787471
6.936587317,0.042762594
6.936987397,0.042739067
6.937387477,0.042716884
6.937787558,0.04269604
6.938187638,0.042676532
6.938587718,0.042658355
6.938987798,0.042641505
6.939387878,0.042625979
6.939787958,0.042611771
6.940188038,0.042598879
6.940588118,0.042587299
6.940988198,0.042577027
6.941388278,0.042568061
6.941788358,0.042560396
6.942188438,0.042554029
6.942588518,0.042548958
6.942988598,0.042545179
6.943388678,0.04254269
6.943788758,0.042541488
6.944188838,0.04254157
6.944588918,0.042542933
6.944988998,0.042545575
6.945389078,0.042549494
6.945789158,0.042554687
6.946189238,0.042561152
6.946589318,0.042568888
6.946989398,0.042577891
6.947389478,0.042588161
6.947789558,0.042599696
6.948189638,0.042612494
6.948589718,0.042626554
6.948989798,0.042641875
6.949389878,0.042658457
6.949789958,0.042676298
6.950190038,0.042695398
6.950590118,0.042715758
6.950990198,0.042737376
6.951390278,0.042760254
6.951790358,0.042784393
6.952190438,0.042809793
6.952590518,0.042836456
6.952990598,0.042864383
6.953390678,0.042893576
6.953790758,0.042924038
6.954190838,0.042955772
6.954590918,0.042988781
6.954990998,0.043023068
6.955391078,0.043058637
6.955791158,0.043095493
6.956191238,0.043133639
6.956591318,0.043173082
6.956991398,0.043213827
6.957391478,0.043255878
6.957791558,0.043299243
6.958191638,0.043343928
6.958591718,0.043389939
6.958991798,0.043437284
6.959391878,0.04348597
6.959791958,0.043536005
6.960192038,0.043587396
6.960592118,0.043640152
6.960992198,0.043694281
6.961392278,0.043749792
6.961792358,0.043806693
6.962192438,0.043864995
6.962592519,0.043924705
6.962992599,0.043985835
6.963392679,0.044048392
6.963792759,0.044112387
6.964192839,0.04417783
6.964592919,0.044244731
6.964992999,0.044313099
6.965393079,0.044382947
6.965793159,0.044454283
6.966193239,0.044527118
6.966593319,0.044601464
6.966993399,0.04467733
6.967393479,0.044754728
6.967793559,0.04483367
6.968193639,0.044914165
6.968593719,0.044996226
6.968993799,0.045079863
6.969393879,0.045165089
6.969793959,0.045251916
6.970194039,0.045340354
6.970594119,0.045430416
6.970994199,0.045522115
6.971394279,0.045615462
6.971794359,0.04571047
6.972194439,0.045807152
6.972594519,0.045905521
6.972994599,0.046005589
6.973394679,0.04610737
6.973794759,0.046210878
6.974194839,0.046316125
6.974594919,0.046423126
6.974994999,0.046531895
6.975395079,0.046642446
6.975795159,0.046754794
6.976195239,0.046868953
6.976595319,0.046984939
6.976995399,0.047102766
6.977395479,0.04722245
6.977795559,0.047344008
6.978195639,0.047467454
6.978595719,0.047592806
6.978995799,0.04772008
6.979395879,0.047849292
6.979795959,0.047980461
6.980196039,0.048113604
6.980596119,0.048248737
6.980996199,0.048385881
6.981396279,0.048525052
6.981796359,0.04866627
6.982196439,0.048809554
6.982596519,0.048954924
6.982996599,0.049102398
6.983396679,0.049251998
6.983796759,0.049403744
6.984196839,0.049557656
6.984596919,0.049713756
6.984996999,0.049872066
6.985397079,0.050032608
6.985797159,0.050195404
6.986197239,0.050360477
6.986597319,0.050527849
6.986997399,0.050697546
6.987397479,0.050869591
6.98779756,0.051044008
6.98819764,0.051220822
6.98859772,0.051400059
6.9889978,0.051581745
6.98939788,0.051765906
6.98979796,0.051952569
6.99019804,0.05214176
6.99059812,0.052333509
6.9909982,0.052527842
6.99139828,0.052724789
6.99179836,0.052924379
6.99219844,0.053126643
6.99259852,0.053331609
6.9929986,0.05353931
6.99339868,0.053749776
6.99379876,0.05396304
6.99419884,0.054179134
6.99459892,0.054398091
6.994999,0.054619946
6.99539908,0.054844732
6.99579916,0.055072485
6.99619924,0.055303239
6.99659932,0.055537032
6.9969994,0.055773901
6.99739948,0.056013883
6.99779956,0.056257015
6.99819964,0.056503338
6.99859972,0.056752891
6.9989998,0.057005714
6.99939988,0.057261849
6.99979996,0.057521337
7.00020004,0.057784221
7.00060012,0.058050545
7.0010002,0.058320352
7.00140028,0.058593688
7.00180036,0.058870599
7.00220044,0.059151131
7.00260052,0.059435332
7.0030006,0.05972325
7.00340068,0.060014935
7.00380076,0.060310438
7.00420084,0.060609808
7.00460092,0.060913099
7.005001,0.061220363
7.00540108,0.061531655
7.00580116,0.06184703
7.00620124,0.062166544
7.00660132,0.062490254
7.0070014,0.062818219
7.00740148,0.063150497
7.00780156,0.06348715
7.00820164,0.063828239
7.00860172,0.064173828
7.0090018,0.064523979
7.00940188,0.064878759
7.00980196,0.065238233
7.01020204,0.065602471
7.01060212,0.06597154
7.0110022,0.066345512
7.01140228,0.066724458
7.01180236,0.067108451
7.01220244,0.067497566
7.012602521,0.06789188
7.013002601,0.068291469
7.013402681,0.068696413
7.013802761,0.069106792
7.014202841,0.06952269
7.014602921,0.069944189
7.015003001,0.070371376
7.015403081,0.070804337
7.015803161,0.071243163
7.016203241,0.071687942
7.016603321,0.07213877
7.017003401,0.072595739
7.017403481,0.073058946
7.017803561,0.07352849
7.018203641,0.074004471
7.018603721,0.074486992
7.019003801,0.074976157
7.019403881,0.075472073
7.019803961,0.07597485
7.020204041,0.076484597
7.020604121,0.07700143
7.021004201,0.077525463
7.021404281,0.078056815
7.021804361,0.078595608
7.022204441,0.079141963
7.022604521,0.079696008
7.023004601,0.080257871
7.023404681,0.080827683
7.023804761,0.081405578
7.024204841,0.081991695
7.024604921,0.082586171
7.025005001,0.083189151
7.025405081,0.083800781
7.025805161,0.084421209
7.026205241,0.085050589
7.026605321,0.085689075
7.027005401,0.086336828
7.027405481,0.08699401
7.027805561,0.087660786
7.028205641,0.088337328
7.028605721,0.089023808
7.029005801,0.089720403
7.029405881,0.090427296
7.029805961,0.091144672
7.030206041,0.09187272
7.030606121,0.092611635
7.031006201,0.093361614
7.031406281,0.094122859
7.031806361,0.094895579
7.032206441,0.095679985
7.032606521,0.096476294
7.033006601,0.097284728
7.033406681,0.098105513
7.033806761,0.098938882
7.034206841,0.099785071
7.034606921,0.100644324
7.035007001,0.101516889
7.035407081,0.102403021
7.035807161,0.103302979
7.036207241,0.10421703
7.036607321,0.105145447
7.037007401,0.106088509
7.037407481,0.1070465
7.037807562,0.108019715
7.038207642,0.109008451
7.038607722,0.110013016
7.039007802,0.111033723
7.039407882,0.112070893
7.039807962,0.113124857
7.040208042,0.11419595
7.040608122,0.115284519
7.041008202,0.116390917
7.041408282,0.117515506
7.041808362,0.118658657
7.042208442,0.119820751
7.042608522,0.121002177
7.043008602,0.122203335
7.043408682,0.123424634
7.043808762,0.124666493
7.044208842,0.125929341
7.044608922,0.12721362
7.045009002,0.12851978
7.045409082,0.129848285
7.045809162,0.131199608
7.046209242,0.132574237
7.046609322,0.13397267
7.047009402,0.135395418
7.047409482,0.136843006
7.047809562,0.138315971
7.048209642,0.139814865
7.048609722,0.141340252
7.049009802,0.142892714
7.049409882,0.144472844
7.049809962,0.146081254
7.050210042,0.147718567
7.050610122,0.149385428
7.051010202,0.151082494
7.051410282,0.15281044
7.051810362,0.154569961
7.052210442,0.156361766
7.052610522,0.158186587
7.053010602,0.16004517
7.053410682,0.161938285
7.053810762,0.163866719
7.054210842,0.165831282
7.054610922,0.167832802
7.055011002,0.169872131
7.055411082,0.171950144
7.055811162,0.174067736
7.056211242,0.176225827
7.056611322,0.178425362
7.057011402,0.180667308
7.057411482,0.182952661
7.057811562,0.185282439
7.058211642,0.187657689
7.058611722,0.190079484
7.059011802,0.192548926
7.059411882,0.195067145
7.059811962,0.197635299
7.060212042,0.200254577
7.060612122,0.2029262
7.061012202,0.205651418
7.061412282,0.208431513
7.061812362,0.2112678
7.062212442,0.214161629
7.062612523,0.21711438
7.063012603,0.220127472
7.063412683,0.223202357
7.063812763,0.226340521
7.064212843,0.229543491
7.064612923,0.232812827
7.065013003,0.236150128
7.065413083,0.239557032
7.065813163,0.243035214
7.066213243,0.246586389
7.066613323,0.250212311
7.067013403,0.253914775
7.067413483,0.257695614
7.067813563,0.261556702
7.068213643,0.265499954
7.068613723,0.269527325
7.069013803,0.273640811
7.069413883,0.277842445
7.069813963,0.282134304
7.070214043,0.286518501
7.070614123,0.29099719
7.071014203,0.29557256
7.071414283,0.30024684
7.071814363,0.305022293
7.072214443,0.309901215
7.072614523,0.314885936
7.073014603,0.319978818
7.073414683,0.325182248
7.073814763,0.330498642
7.074214843,0.335930435
7.074614923,0.341480084
7.075015003,0.347150062
7.075415083,0.352942851
7.075815163,0.358860942
7.076215243,0.364906825
7.076615323,0.371082989
7.077015403,0.377391909
7.077415483,0.383836042
7.077815563,0.390417821
7.078215643,0.397139643
7.078615723,0.404003862
7.079015803,0.411012776
7.079415883,0.418168619
7.079815963,0.425473547
7.080216043,0.432929623
7.080616123,0.440538805
7.081016203,0.448302932
7.081416283,0.456223701
7.081816363,0.464302655
7.082216443,0.472541161
7.082616523,0.480940388
7.083016603,0.489501286
7.083416683,0.498224562
7.083816763,0.507110655
7.084216843,0.516159707
7.084616923,0.525371537
7.085017003,0.534745609
7.085417083,0.544280999
7.085817163,0.553976366
7.086217243,0.563829913
7.086617323,0.573839352
7.087017403,0.584001867
7.087417483,0.594314073
7.087817564,0.604771981
7.088217644,0.615370949
7.088617724,0.62610565
7.089017804,0.636970021
7.089417884,0.64795723
7.089817964,0.659059628
7.090218044,0.670268709
7.090618124,0.681575076
7.091018204,0.692968397
7.091418284,0.704437373
7.091818364,0.715969705
7.092218444,0.727552066
7.092618524,0.739170078
7.093018604,0.750808292
7.093418684,0.762450178
7.093818764,0.774078115
7.094218844,0.7856734
7.094618924,0.797216256
7.095019004,0.808685851
7.095419084,0.820060335
7.095819164,0.831316881
7.096219244,0.842431737
7.096619324,0.853380298
7.097019404,0.864137183
7.097419484,0.874676335
7.097819564,0.884971121
7.098219644,0.894994458
7.098619724,0.90471895
7.099019804,0.914117027
7.099419884,0.92316111
7.099819964,0.931823779
7.100220044,0.94007795
7.100620124,0.947897064
7.101020204,0.955255274
7.101420284,0.962127645
7.101820364,0.968490346
7.102220444,0.974320848
7.102620524,0.979598111
7.103020604,0.984302768
7.103420684,0.988417297
7.103820764,0.991926184
7.104220844,0.994816063
7.104620924,0.997075848
7.105021004,0.998696834
7.105421084,0.999672786
7.105821164,1
7.106221244,0.999677337
7.106621324,0.998706237
7.107021404,0.997090703
7.107421484,0.994837262
7.107821564,0.991954902
7.108221644,0.988454984
7.108621724,0.984351134
7.109021804,0.97965911
7.109421884,0.974396662
7.109821964,0.968583365
7.110222044,0.962240449
7.110622124,0.955390609
7.111022204,0.948057824
7.111422284,0.940267152
7.111822364,0.932044541
7.112222444,0.923416633
7.112622525,0.914410571
7.113022605,0.905053813
7.113422685,0.895373958
7.113822765,0.885398576
7.114222845,0.87515505
7.114622925,0.86467043
7.115023005,0.853971303
7.115423085,0.843083668
7.115823165,0.832032838
7.116223245,0.820843337
7.116623325,0.809538829
7.117023405,0.798142049
7.117423485,0.786674748
7.117823565,0.775157653
7.118223645,0.763610436
7.118623725,0.752051692
7.119023805,0.740498932
7.119423885,0.72896858
7.119823965,0.717475977
7.120224045,0.706035397
7.120624125,0.694660064
7.121024205,0.683362177
7.121424285,0.67215294
7.121824365,0.661042592
7.122224445,0.650040445
7.122624525,0.639154919
7.123024605,0.628393585
7.123424685,0.617763204
7.123824765,0.607269767
7.124224845,0.59691854
7.124624925,0.586714104
7.125025005,0.576660394
7.125425085,0.566760746
7.125825165,0.557017932
7.126225245,0.547434198
7.126625325,0.538011305
7.127025405,0.528750564
7.127425485,0.51965287
7.127825565,0.510718735
7.128225645,0.501948321
7.128625725,0.493341468
7.129025805,0.484897725
7.129425885,0.476616375
7.129825965,0.468496461
7.130226045,0.460536808
7.130626125,0.45273605
7.131026205,0.445092645
7.131426285,0.437604897
7.131826365,0.430270976
7.132226445,0.423088932
7.132626525,0.416056709
7.133026605,0.409172165
7.133426685,0.40243308
7.133826765,0.395837169
7.134226845,0.389382098
7.134626925,0.383065486
7.135027005,0.376884921
7.135427085,0.370837967
7.135827165,0.36492217
7.136227245,0.359135066
7.136627325,0.353474188
7.137027405,0.347937073
7.137427485,0.342521263
7.137827566,0.337224314
7.138227646,0.332043797
7.138627726,0.326977307
7.139027806,0.322022457
7.139427886,0.317176891
7.139827966,0.312438279
7.140228046,0.307804325
7.140628126,0.303272765
7.141028206,0.298841369
7.141428286,0.294507944
7.141828366,0.290270336
7.142228446,0.286126427
7.142628526,0.28207414
7.143028606,0.278111437
7.143428686,0.274236321
7.143828766,0.270446836
7.144228846,0.266741066
7.144628926,0.263117137
7.145029006,0.259573215
7.145429086,0.256107508
7.145829166,0.252718264
7.146229246,0.249403772
7.146629326,0.246162361
7.147029406,0.242992398
7.147429486,0.239892293
7.147829566,0.236860491
7.148229646,0.233895479
7.148629726,0.230995779
7.149029806,0.228159952
7.149429886,0.225386594
7.149829966,0.222674339
7.150230046,0.220021855
7.150630126,0.217427846
7.151030206,0.214891049
7.151430286,0.212410236
7.151830366,0.209984211
7.152230446,0.207611809
7.152630526,0.205291899
7.153030606,0.20302338
7.153430686,0.200805181
7.153830766,0.198636261
7.154230846,0.196515608
7.154630926,0.194442238
7.155031006,0.192415196
7.155431086,0.190433553
7.155831166,0.188496407
7.156231246,0.186602882
7.156631326,0.184752128
7.157031406,0.182943319
7.157431486,0.181175655
7.157831566,0.179448357
7.158231646,0.177760673
7.158631726,0.17611187
7.159031806,0.174501241
7.159431886,0.172928098
7.159831966,0.171391776
7.160232046,0.16989163
7.160632126,0.168427035
7.161032206,0.166997388
7.161432286,0.165602105
7.161832366,0.164240619
7.162232446,0.162912384
7.162632527,0.161616873
7.163032607,0.160353576
7.163432687,0.159122
7.163832767,0.15792167
7.164232847,0.15675213
7.164632927,0.155612937
7.165033007,0.154503667
7.165433087,0.153423913
7.165833167,0.152373281
7.166233247,0.151351395
7.166633327,0.150357892
7.167033407,0.149392427
7.167433487,0.148454667
7.167833567,0.147544296
7.168233647,0.146661011
7.168633727,0.145804523
7.169033807,0.144974558
7.169433887,0.144170854
7.169833967,0.143393165
7.170234047,0.142641257
7.170634127,0.14191491
7.171034207,0.141213915
7.171434287,0.14053808
7.171834367,0.139887223
7.172234447,0.139261174
7.172634527,0.138659779
7.173034607,0.138082894
7.173434687,0.137530387
7.173834767,0.137002141
7.174234847,0.136498049
7.174634927,0.136018018
7.175035007,0.135561966
7.175435087,0.135129823
7.175835167,0.134721532
7.176235247,0.134337048
7.176635327,0.133976339
7.177035407,0.133639382
7.177435487,0.133326169
7.177835567,0.133036703
7.178235647,0.132770999
7.178635727,0.132529086
7.179035807,0.132311001
7.179435887,0.132116797
7.179835967,0.131946537
7.180236047,0.131800298
7.180636127,0.131678167
7.181036207,0.131580245
7.181436287,0.131506644
7.181836367,0.131457491
7.182236447,0.131432921
7.182636527,0.131433085
7.183036607,0.131458146
7.183436687,0.131508278
7.183836767,0.131583668
7.184236847,0.131684518
7.184636927,0.131811039
7.185037007,0.131963457
7.185437087,0.132142009
7.185837167,0.132346948
7.186237247,0.132578535
7.186637327,0.132837048
7.187037407,0.133122774
7.187437487,0.133436016
7.187837568,0.133777087
7.188237648,0.134146313
7.188637728,0.134544033
7.189037808,0.134970598
7.189437888,0.135426371
7.189837968,0.135911727
7.190238048,0.136427052
7.190638128,0.136972743
7.191038208,0.137549209
7.191438288,0.13815687
7.191838368,0.138796156
7.192238448,0.139467504
7.192638528,0.140171364
7.193038608,0.140908193
7.193438688,0.141678455
7.193838768,0.142482621
7.194238848,0.14332117
7.194638928,0.144194583
7.195039008,0.145103349
7.195439088,0.146047955
7.195839168,0.147028893
7.196239248,0.148046654
7.196639328,0.149101727
7.197039408,0.150194595
7.197439488,0.15132574
7.197839568,0.152495632
7.198239648,0.153704734
7.198639728,0.154953493
7.199039808,0.156242343
7.199439888,0.157571697
7.199839968,0.158941948
7.200240048,0.160353462
7.200640128,0.161806576
7.201040208,0.163301593
7.201440288,0.164838777
7.201840368,0.16641835
7.202240448,0.168040486
7.202640528,0.169705303
7.203040608,0.171412861
7.203440688,0.173163154
7.203840768,0.174956104
7.204240848,0.176791551
7.204640928,0.178669251
7.205041008,0.180588864
7.205441088,0.182549947
7.205841168,0.184551946
7.206241248,0.186594187
7.206641328,0.188675868
7.207041408,0.190796047
7.207441488,0.192953635
7.207841568,0.195147387
7.208241648,0.197375887
7.208641728,0.199637546
7.209041808,0.201930584
7.209441888,0.204253027
7.209841968,0.206602694
7.210242048,0.208977189
7.210642128,0.211373894
7.211042208,0.213789957
7.211442288,0.216222289
7.211842368,0.218667558
7.212242448,0.22112218
7.212642529,0.223582322
7.213042609,0.226043894
7.213442689,0.228502554
7.213842769,0.230953704
7.214242849,0.233392501
7.214642929,0.235813861
7.215043009,0.238212464
7.215443089,0.240582771
7.215843169,0.24291904
7.216243249,0.245215338
7.216643329,0.247465566
7.217043409,0.249663483
7.217443489,0.251802733
7.217843569,0.253876874
7.218243649,0.255879415
7.218643729,0.257803848
7.219043809,0.25964369
7.219443889,0.261392524
7.219843969,0.263044039
7.220244049,0.264592079
7.220644129,0.266030686
7.221044209,0.267354145
7.221444289,0.268557033
7.221844369,0.269634262
7.222244449,0.27058112
7.222644529,0.271393319
7.223044609,0.272067026
7.223444689,0.272598903
7.223844769,0.272986139
7.224244849,0.273226472
7.224644929,0.273318215
7.225045009,0.273260269
7.225445089,0.273052136
7.225845169,0.272693923
7.226245249,0.27218634
7.226645329,0.271530693
7.227045409,0.270728871
7.227445489,0.269783327
7.227845569,0.268697056
7.228245649,0.267473563
7.228645729,0.266116832
7.229045809,0.264631289
7.229445889,0.263021762
7.229845969,0.261293439
7.230246049,0.259451823
7.230646129,0.257502686
7.231046209,0.255452025
7.231446289,0.253306015
7.231846369,0.251070965
7.232246449,0.248753272
7.232646529,0.24635938
7.233046609,0.243895741
7.233446689,0.241368774
7.233846769,0.238784834
7.234246849,0.236150176
7.234646929,0.23347093
7.235047009,0.230753071
7.235447089,0.228002398
7.235847169,0.225224517
7.236247249,0.222424819
7.236647329,0.219608471
7.237047409,0.216780405
7.237447489,0.213945306
7.23784757,0.211107612
7.23824765,0.208271506
7.23864773,0.205440919
7.23904781,0.202619529
7.23944789,0.199810761
7.23984797,0.197017796
7.24024805,0.194243573
7.24064813,0.191490797
7.24104821,0.188761942
7.24144829,0.186059268
7.24184837,0.183384819
7.24224845,0.18074044
7.24264853,0.178127783
7.24304861,0.175548318
7.24344869,0.17300334
7.24384877,0.170493984
7.24424885,0.168021228
7.24464893,0.165585908
7.24504901,0.163188724
7.24544909,0.160830253
7.24584917,0.158510951
7.24624925,0.15623117
7.24664933,0.153991159
7.24704941,0.151791078
7.24744949,0.149630999
7.24784957,0.147510918
7.24824965,0.145430761
7.24864973,0.143390388
7.24904981,0.141389603
7.24944989,0.139428155
7.24984997,0.137505747
7.25025005,0.13562204
7.25065013,0.133776656
7.25105021,0.131969185
7.25145029,0.130199187
7.25185037,0.128466196
7.25225045,0.126769726
7.25265053,0.125109269
7.25305061,0.123484303
7.25345069,0.121894293
7.25385077,0.120338693
7.25425085,0.118816947
7.25465093,0.117328496
7.25505101,0.115872773
7.25545109,0.11444921
7.25585117,0.113057238
7.25625125,0.111696288
7.25665133,0.110365793
7.25705141,0.109065187
7.25745149,0.107793911
7.25785157,0.106551408
7.25825165,0.105337127
7.25865173,0.104150526
7.25905181,0.102991065
7.25945189,0.101858216
7.25985197,0.100751457
7.26025205,0.099670275
7.26065213,0.098614166
7.26105221,0.097582634
7.26145229,0.096575194
7.26185237,0.095591371
7.26225245,0.094630697
7.262652531,0.093692718
7.263052611,0.092776986
7.263452691,0.091883067
7.263852771,0.091010534
7.264252851,0.090158973
7.264652931,0.089327978
7.265053011,0.088517155
7.265453091,0.087726119
7.265853171,0.086954496
7.266253251,0.086201922
7.266653331,0.085468042
7.267053411,0.084752513
7.267453491,0.084054999
7.267853571,0.083375177
7.268253651,0.082712731
7.268653731,0.082067356
7.269053811,0.081438757
7.269453891,0.080826645
7.269853971,0.080230745
7.270254051,0.079650787
7.270654131,0.079086512
7.271054211,0.07853767
7.271454291,0.078004018
7.271854371,0.077485323
7.272254451,0.076981359
7.272654531,0.076491911
7.273054611,0.07601677
7.273454691,0.075555735
7.273854771,0.075108614
7.274254851,0.074675221
7.274654931,0.074255382
7.275055011,0.073848925
7.275455091,0.073455689
7.275855171,0.07307552
7.276255251,0.072708271
7.276655331,0.072353802
7.277055411,0.07201198
7.277455491,0.07168268
7.277855571,0.071365784
7.278255651,0.071061178
7.278655731,0.070768759
7.279055811,0.070488428
7.279455891,0.070220094
7.279855971,0.069963671
7.280256051,0.069719082
7.280656131,0.069486255
7.281056211,0.069265123
7.281456291,0.069055629
7.281856371,0.06885772
7.282256451,0.068671348
7.282656531,0.068496476
7.283056611,0.068333067
7.283456691,0.068181096
7.283856771,0.06804054
7.284256851,0.067911386
7.284656931,0.067793622
7.285057011,0.067687248
7.285457091,0.067592267
7.285857171,0.067508687
7.286257251,0.067436525
7.286657331,0.067375802
7.287057411,0.067326546
7.287457491,0.067288792
7.287857572,0.06726258
7.288257652,0.067247956
7.288657732,0.067244972
7.289057812,0.067253688
7.289457892,0.067274168
7.289857972,0.067306483
7.290258052,0.067350712
7.290658132,0.067406936
7.291058212,0.067475247
7.291458292,0.06755574
7.291858372,0.067648519
7.292258452,0.06775369
7.292658532,0.06787137
7.293058612,0.06800168
7.293458692,0.068144748
7.293858772,0.068300707
7.294258852,0.068469697
7.294658932,0.068651867
7.295059012,0.068847367
7.295459092,0.069056359
7.295859172,0.069279007
7.296259252,0.069515483
7.296659332,0.069765965
7.297059412,0.070030638
7.297459492,0.070309692
7.297859572,0.070603322
7.298259652,0.070911733
7.298659732,0.071235131
7.299059812,0.07157373
7.299459892,0.071927751
7.299859972,0.072297417
7.300260052,0.072682959
7.300660132,0.073084613
7.301060212,0.073502617
7.301460292,0.073937216
7.301860372,0.074388659
7.302260452,0.074857197
7.302660532,0.075343086
7.303060612,0.075846584
7.303460692,0.076367952
7.303860772,0.076907452
7.304260852,0.077465347
7.304660932,0.078041902
7.305061012,0.078637379
7.305461092,0.079252041
7.305861172,0.079886146
7.306261252,0.080539952
7.306661332,0.081213709
7.307061412,0.081907663
7.307461492,0.082622052
7.307861572,0.083357106
7.308261652,0.084113042
7.308661732,0.084890068
7.309061812,0.085688373
7.309461892,0.086508133
7.309861972,0.087349504
7.310262052,0.08821262
7.310662132,0.089097591
7.311062212,0.090004499
7.311462292,0.090933398
7.311862372,0.091884306
7.312262452,0.092857205
7.312662533,0.093852039
7.313062613,0.094868703
7.313462693,0.095907047
7.313862773,0.096966866
7.314262853,0.0980479
7.314662933,0.099149826
7.315063013,0.100272253
7.315463093,0.101414722
7.315863173,0.102576695
7.316263253,0.103757552
7.316663333,0.104956587
7.317063413,0.106173003
7.317463493,0.107405904
7.317863573,0.108654292
7.318263653,0.109917062
7.318663733,0.111192997
7.319063813,0.112480763
7.319463893,0.113778903
7.319863973,0.115085839
7.320264053,0.11639986
7.320664133,0.117719129
7.321064213,0.119041671
7.321464293,0.120365381
7.321864373,0.121688017
7.322264453,0.123007203
7.322664533,0.124320432
7.323064613,0.125625068
7.323464693,0.12691835
7.323864773,0.128197399
7.324264853,0.129459224
7.324664933,0.130700731
7.325065013,0.131918735
7.325465093,0.133109973
7.325865173,0.134271113
7.326265253,0.135398777
7.326665333,0.136489552
7.327065413,0.137540011
7.327465493,0.138546734
7.327865573,0.139506327
7.328265653,0.140415449
7.328665733,0.14127083
7.329065813,0.142069297
7.329465893,0.142807801
7.329865973,0.143483437
7.330266053,0.144093469
7.330666133,0.144635356
7.331066213,0.14510677
7.331466293,0.145505622
7.331866373,0.145830077
7.332266453,0.14607857
7.332666533,0.146249828
7.333066613,0.146342873
7.333466693,0.146357039
7.333866773,0.146291976
7.334266853,0.146147651
7.334666933,0.145924351
7.335067013,0.145622681
7.335467093,0.145243553
7.335867173,0.144788185
7.336267253,0.144258081
7.336667333,0.143655022
7.337067413,0.142981048
7.337467493,0.142238438
7.337867574,0.141429689
7.338267654,0.140557497
7.338667734,0.139624732
7.339067814,0.138634412
7.339467894,0.137589682
7.339867974,0.136493791
7.340268054,0.135350061
7.340668134,0.134161873
7.341068214,0.132932636
7.341468294,0.131665772
7.341868374,0.130364689
7.342268454,0.12903277
7.342668534,0.127673347
7.343068614,0.126289693
7.343468694,0.124885001
7.343868774,0.123462376
7.344268854,0.122024824
7.344668934,0.120575237
7.345069014,0.119116395
7.345469094,0.11765095
7.345869174,0.11618143
7.346269254,0.114710229
7.346669334,0.113239609
7.347069414,0.111771697
7.347469494,0.110308485
7.347869574,0.108851834
7.348269654,0.107403472
7.348669734,0.105965001
7.349069814,0.104537894
7.349469894,0.103123506
7.349869974,0.101723073
7.350270054,0.100337718
7.350670134,0.098968455
7.351070214,0.097616198
7.351470294,0.096281759
7.351870374,0.094965861
7.352270454,0.093669137
7.352670534,0.092392137
7.353070614,0.091135336
7.353470694,0.089899135
7.353870774,0.088683868
7.354270854,0.087489806
7.354670934,0.086317162
7.355071014,0.085166095
7.355471094,0.084036717
7.355871174,0.08292909
7.356271254,0.08184324
7.356671334,0.08077915
7.357071414,0.079736772
7.357471494,0.078716026
7.357871574,0.077716804
7.358271654,0.076738973
7.358671734,0.075782377
7.359071814,0.07484684
7.359471894,0.07393217
7.359871974,0.073038157
7.360272054,0.072164581
7.360672134,0.071311207
7.361072214,0.070477794
7.361472294,0.069664089
7.361872374,0.068869837
7.362272454,0.068094772
7.362672535,0.06733863
7.363072615,0.066601139
7.363472695,0.065882029
7.363872775,0.065181026
7.364272855,0.06449786
7.364672935,0.063832257
7.365073015,0.063183948
7.365473095,0.062552665
7.365873175,0.061938142
7.366273255,0.061340118
7.366673335,0.060758333
7.367073415,0.060192535
7.367473495,0.059642472
7.367873575,0.0591079
7.368273655,0.05858858
7.368673735,0.058084276
7.369073815,0.05759476
7.369473895,0.057119809
7.369873975,0.056659206
7.370274055,0.056212739
7.370674135,0.055780205
7.371074215,0.055361404
7.371474295,0.054956145
7.371874375,0.054564243
7.372274455,0.054185518
7.372674535,0.053819799
7.373074615,0.053466921
7.373474695,0.053126723
7.373874775,0.052799056
7.374274855,0.052483772
7.374674935,0.052180734
7.375075015,0.05188981
7.375475095,0.051610875
7.375875175,0.051343811
7.376275255,0.051088505
7.376675335,0.050844853
7.377075415,0.050612757
7.377475495,0.050392124
7.377875575,0.050182868
7.378275655,0.049984912
7.378675735,0.049798182
7.379075815,0.049622611
7.379475895,0.049458139
7.379875975,0.049304712
7.380276055,0.049162281
7.380676135,0.049030803
7.381076215,0.048910242
7.381476295,0.048800564
7.381876375,0.048701743
7.382276455,0.048613758
7.382676535,0.048536592
7.383076615,0.048470232
7.383476695,0.048414671
7.383876775,0.048369903
7.384276855,0.048335929
7.384676935,0.048312751
7.385077015,0.048300376
7.385477095,0.048298811
7.385877175,0.048308068
7.386277255,0.048328159
7.386677335,0.048359097
7.387077415,0.048400896
7.387477495,0.048453573
7.387877576,0.04851714
7.388277656,0.048591611
7.388677736,0.048676998
7.389077816,0.048773311
7.389477896,0.048880554
7.389877976,0.048998731
7.390278056,0.049127839
7.390678136,0.049267868
7.391078216,0.049418805
7.391478296,0.049580626
7.391878376,0.049753298
7.392278456,0.049936781
7.392678536,0.050131019
7.393078616,0.050335948
7.393478696,0.050551487
7.393878776,0.050777539
7.394278856,0.051013992
7.394678936,0.051260715
7.395079016,0.051517554
7.395479096,0.051784336
7.395879176,0.052060862
7.396279256,0.052346908
7.396679336,0.052642224
7.397079416,0.052946526
7.397479496,0.053259504
7.397879576,0.05358081
7.398279656,0.053910062
7.398679736,0.054246843
7.399079816,0.054590694
7.399479896,0.054941115
7.399879976,0.055297565
7.400280056,0.055659459
7.400680136,0.056026164
7.401080216,0.056397002
7.401480296,0.056771247
7.401880376,0.057148125
7.402280456,0.05752681
7.402680536,0.057906432
7.403080616,0.058286067
7.403480696,0.058664748
7.403880776,0.059041457
7.404280856,0.059415133
7.404680936,0.059784673
7.405081016,0.060148932
7.405481096,0.060506729
7.405881176,0.060856853
7.406281256,0.061198061
7.406681336,0.061529091
7.407081416,0.061848661
7.407481496,0.062155481
7.407881576,0.062448256
7.408281656,0.062725698
7.408681736,0.062986528
7.409081816,0.063229489
7.409481896,0.063453355
7.409881976,0.063656934
7.410282056,0.063839085
7.410682136,0.063998722
7.411082216,0.064134822
7.411482296,0.064246438
7.411882376,0.064332702
7.412282456,0.064392839
7.412682537,0.064426165
7.413082617,0.064432103
7.413482697,0.064410181
7.413882777,0.06436004
7.414282857,0.064281436
7.414682937,0.064174241
7.415083017,0.064038449
7.415483097,0.06387417
7.415883177,0.06368163
7.416283257,0.063461173
7.416683337,0.063213252
7.417083417,0.062938427
7.417483497,0.062637359
7.417883577,0.062310805
7.418283657,0.061959607
7.418683737,0.061584689
7.419083817,0.061187047
7.419483897,0.060767738
7.419883977,0.060327874
7.420284057,0.059868614
7.420684137,0.05939115
7.421084217,0.058896704
7.421484297,0.058386516
7.421884377,0.057861834
7.422284457,0.057323913
7.422684537,0.056773999
7.423084617,0.056213327
7.423484697,0.055643115
7.423884777,0.055064556
7.424284857,0.054478814
7.424684937,0.053887018
7.425085017,0.053290261
7.425485097,0.052689593
7.425885177,0.052086023
7.426285257,0.051480512
7.426685337,0.050873972
7.427085417,0.05026727
7.427485497,0.049661221
7.427885577,0.049056591
7.428285657,0.048454097
7.428685737,0.047854404
7.429085817,0.047258134
7.429485897,0.046665856
7.429885977,0.046078097
7.430286057,0.045495336
7.430686137,0.044918012
7.431086217,0.044346521
7.431486297,0.043781218
7.431886377,0.043222422
7.432286457,0.042670416
7.432686537,0.042125449
7.433086617,0.041587735
7.433486697,0.041057462
7.433886777,0.040534786
7.434286857,0.04001984
7.434686937,0.039512729
7.435087017,0.039013537
7.435487097,0.038522325
7.435887177,0.038039138
7.436287257,0.037563998
7.436687337,0.037096913
7.437087417,0.036637877
7.437487497,0.036186866
7.437887578,0.035743848
7.438287658,0.035308777
7.438687738,0.034881597
7.439087818,0.034462243
7.439487898,0.034050641
7.439887978,0.033646711
7.440288058,0.033250365
7.440688138,0.03286151
7.441088218,0.032480047
7.441488298,0.032105876
7.441888378,0.031738889
7.442288458,0.031378977
7.442688538,0.031026028
7.443088618,0.030679929
7.443488698,0.030340564
7.443888778,0.030007816
7.444288858,0.029681567
7.444688938,0.029361699
7.445089018,0.029048094
7.445489098,0.028740633
7.445889178,0.028439198
7.446289258,0.028143673
7.446689338,0.027853939
7.447089418,0.027569881
7.447489498,0.027291385
7.447889578,0.027018337
7.448289658,0.026750625
7.448689738,0.026488138
7.449089818,0.026230768
7.449489898,0.025978406
7.449889978,0.025730948
7.450290058,0.025488289
7.450690138,0.025250328
7.451090218,0.025016966
7.451490298,0.024788102
7.451890378,0.024563643
7.452290458,0.024343494
7.452690538,0.024127563
7.453090618,0.023915759
7.453490698,0.023707996
7.453890778,0.023504188
7.454290858,0.02330425
7.454690938,0.023108102
7.455091018,0.022915662
7.455491098,0.022726855
7.455891178,0.022541603
7.456291258,0.022359833
7.456691338,0.022181474
7.457091418,0.022006455
7.457491498,0.021834709
7.457891578,0.021666169
7.458291658,0.021500772
7.458691738,0.021338453
7.459091818,0.021179153
7.459491898,0.021022812
7.459891978,0.020869374
7.460292058,0.020718782
7.460692138,0.020570981
7.461092218,0.02042592
7.461492298,0.020283547
7.461892378,0.020143813
7.462292458,0.02000667
7.462692539,0.01987207
7.463092619,0.019739969
7.463492699,0.019610322
7.463892779,0.019483087
7.464292859,0.019358223
7.464692939,0.01923569
7.465093019,0.019115449
7.465493099,0.018997462
7.465893179,0.018881694
7.466293259,0.018768108
7.466693339,0.018656671
7.467093419,0.01854735
7.467493499,0.018440114
7.467893579,0.018334931
7.468293659,0.018231772
7.468693739,0.018130608
7.469093819,0.018031412
7.469493899,0.017934157
7.469893979,0.017838818
7.470294059,0.01774537
7.470694139,0.017653789
7.471094219,0.017564052
7.471494299,0.017476139
7.471894379,0.017390027
7.472294459,0.017305697
7.472694539,0.01722313
7.473094619,0.017142307
7.473494699,0.017063211
7.473894779,0.016985826
7.474294859,0.016910135
7.474694939,0.016836124
7.475095019,0.016763779
7.475495099,0.016693086
7.475895179,0.016624033
7.476295259,0.016556607
7.476695339,0.016490798
7.477095419,0.016426596
7.477495499,0.016363991
7.477895579,0.016302973
7.478295659,0.016243535
7.478695739,0.016185669
7.479095819,0.016129368
7.479495899,0.016074627
7.479895979,0.016021439
7.480296059,0.015969799
7.480696139,0.015919703
7.481096219,0.015871147
7.481496299,0.015824128
7.481896379,0.015778643
7.482296459,0.01573469
7.482696539,0.015692267
7.483096619,0.015651373
7.483496699,0.015612007
7.483896779,0.015574168
7.484296859,0.015537856
7.484696939,0.015503071
7.485097019,0.015469814
7.485497099,0.015438085
7.485897179,0.015407885
7.486297259,0.015379215
7.486697339,0.015352075
7.487097419,0.015326467
7.487497499,0.015302392
7.48789758,0.01527985
7.48829766,0.015258842
7.48869774,0.015239368
7.48909782,0.015221427
7.4894979,0.01520502
7.48989798,0.015190144
7.49029806,0.015176798
7.49069814,0.015164979
7.49109822,0.015154683
7.4914983,0.015145906
7.49189838,0.01513864
7.49229846,0.015132879
7.49269854,0.015128613
7.49309862,0.015125832
7.4934987,0.015124523
7.49389878,0.015124671
7.49429886,0.015126259
7.49469894,0.015129268
7.49509902,0.015133676
7.4954991,0.015139456
7.49589918,0.015146582
7.49629926,0.015155021
7.49669934,0.015164738
7.49709942,0.015175693
7.4974995,0.015187844
7.49789958,0.015201143
7.49829966,0.015215539
7.49869974,0.015230973
7.49909982,0.015247384
7.4994999,0.015264705
7.49989998,0.015282864
7.50030006,0.015301782
7.50070014,0.015321375
7.50110022,0.015341555
7.5015003,0.015362224
7.50190038,0.015383281
7.50230046,0.01540462
7.50270054,0.015426125
7.50310062,0.015447677
7.5035007,0.015469152
7.50390078,0.015490418
7.50430086,0.015511339
7.50470094,0.015531775
7.50510102,0.015551578
7.5055011,0.015570601
7.50590118,0.015588689
7.50630126,0.015605688
7.50670134,0.015621438
7.50710142,0.015635781
7.5075015,0.015648557
7.50790158,0.015659606
7.50830166,0.015668771
7.50870174,0.015675896
7.50910182,0.015680829
7.5095019,0.015683422
7.50990198,0.015683535
7.51030206,0.015681032
7.51070214,0.015675786
7.51110222,0.015667678
7.5115023,0.015656601
7.51190238,0.015642458
7.51230246,0.015625161
7.512702541,0.015604639
7.513102621,0.01558083
7.513502701,0.015553689
7.513902781,0.015523182
7.514302861,0.015489292
7.514702941,0.015452015
7.515103021,0.015411361
7.515503101,0.015367356
7.515903181,0.015320039
7.516303261,0.015269462
7.516703341,0.015215692
7.517103421,0.015158806
7.517503501,0.015098894
7.517903581,0.015036057
7.518303661,0.014970404
7.518703741,0.014902056
7.519103821,0.014831139
7.519503901,0.014757788
7.519903981,0.01468214
7.520304061,0.014604341
7.520704141,0.014524538
7.521104221,0.01444288
7.521504301,0.014359518
7.521904381,0.014274605
7.522304461,0.014188292
7.522704541,0.014100727
7.523104621,0.014012061
7.523504701,0.013922436
7.523904781,0.013831996
7.524304861,0.013740877
7.524704941,0.013649213
7.525105021,0.013557133
7.525505101,0.013464759
7.525905181,0.013372209
7.526305261,0.013279596
7.526705341,0.013187025
7.527105421,0.013094597
7.527505501,0.013002407
7.527905581,0.012910542
7.528305661,0.012819086
7.528705741,0.012728115
7.529105821,0.012637699
7.529505901,0.012547906
7.529905981,0.012458794
7.530306061,0.012370418
7.530706141,0.012282828
7.531106221,0.012196069
7.531506301,0.012110182
7.531906381,0.012025201
7.532306461,0.01194116
7.532706541,0.011858085
7.533106621,0.011776
7.533506701,0.011694927
7.533906781,0.011614882
7.534306861,0.01153588
7.534706941,0.011457931
7.535107021,0.011381045
7.535507101,0.011305228
7.535907181,0.011230484
7.536307261,0.011156814
7.536707341,0.011084218
7.537107421,0.011012696
7.537507502,0.010942242
7.537907582,0.010872853
7.538307662,0.010804521
7.538707742,0.010737241
7.539107822,0.010671002
7.539507902,0.010605796
7.539907982,0.010541613
7.540308062,0.010478441
7.540708142,0.010416269
7.541108222,0.010355084
7.541508302,0.010294874
7.541908382,0.010235625
7.542308462,0.010177325
7.542708542,0.010119958
7.543108622,0.010063512
7.543508702,0.010007973
7.543908782,0.009953324
7.544308862,0.009899554
7.544708942,0.009846646
7.545109022,0.009794586
7.545509102,0.009743361
7.545909182,0.009692955
7.546309262,0.009643355
7.546709342,0.009594545
7.547109422,0.009546513
7.547509502,0.009499245
7.547909582,0.009452725
7.548309662,0.009406942
7.548709742,0.009361882
7.549109822,0.009317531
7.549509902,0.009273877
7.549909982,0.009230906
7.550310062,0.009188607
7.550710142,0.009146967
7.551110222,0.009105975
7.551510302,0.009065618
7.551910382,0.009025884
7.552310462,0.008986764
7.552710542,0.008948245
7.553110622,0.008910318
7.553510702,0.00887297
7.553910782,0.008836194
7.554310862,0.008799977
7.554710942,0.008764312
7.555111022,0.008729187
7.555511102,0.008694595
7.555911182,0.008660526
7.556311262,0.008626971
7.556711342,0.008593923
7.557111422,0.008561372
7.557511502,0.008529311
7.557911582,0.008497732
7.558311662,0.008466628
7.558711742,0.008435991
7.559111822,0.008405815
7.559511902,0.008376092
7.559911982,0.008346816
7.560312062,0.008317981
7.560712142,0.008289581
7.561112222,0.00826161
7.561512302,0.008234061
7.561912382,0.00820693
7.562312462,0.008180211
7.562712543,0.0081539
7.563112623,0.00812799
7.563512703,0.008102479
7.563912783,0.008077361
7.564312863,0.008052631
7.564712943,0.008028287
7.565113023,0.008004323
7.565513103,0.007980737
7.565913183,0.007957524
7.566313263,0.007934682
7.566713343,0.007912207
7.567113423,0.007890096
7.567513503,0.007868347
7.567913583,0.007846956
7.568313663,0.007825922
7.568713743,0.007805241
7.569113823,0.007784913
7.569513903,0.007764934
7.569913983,0.007745303
7.570314063,0.007726019
7.570714143,0.007707079
7.571114223,0.007688483
7.571514303,0.00767023
7.571914383,0.007652317
7.572314463,0.007634745
7.572714543,0.007617513
7.573114623,0.00760062
7.573514703,0.007584065
7.573914783,0.007567848
7.574314863,0.007551969
7.574714943,0.007536428
7.575115023,0.007521225
7.575515103,0.007506359
7.575915183,0.007491833
7.576315263,0.007477644
7.576715343,0.007463796
7.577115423,0.007450286
7.577515503,0.007437118
7.577915583,0.00742429
7.578315663,0.007411805
7.578715743,0.007399662
7.579115823,0.007387864
7.579515903,0.00737641
7.579915983,0.007365303
7.580316063,0.007354543
7.580716143,0.007344132
7.581116223,0.00733407
7.581516303,0.007324359
7.581916383,0.007315
7.582316463,0.007305994
7.582716543,0.007297342
7.583116623,0.007289045
7.583516703,0.007281104
7.583916783,0.00727352
7.584316863,0.007266293
7.584716943,0.007259424
7.585117023,0.007252914
7.585517103,0.007246762
7.585917183,0.007240969
7.586317263,0.007235533
7.586717343,0.007230454
7.587117423,0.007225732
7.587517504,0.007221364
7.587917584,0.007217349
7.588317664,0.007213684
7.588717744,0.007210367
7.589117824,0.007207394
7.589517904,0.007204761
7.589917984,0.007202464
7.590318064,0.007200497
7.590718144,0.007198853
7.591118224,0.007197526
7.591518304,0.007196509
7.591918384,0.007195791
7.592318464,0.007195364
7.592718544,0.007195216
7.593118624,0.007195336
7.593518704,0.00719571
7.593918784,0.007196324
7.594318864,0.007197162
7.594718944,0.007198207
7.595119024,0.007199441
7.595519104,0.007200844
7.595919184,0.007202395
7.596319264,0.007204071
7.596719344,0.007205848
7.597119424,0.007207699
7.597519504,0.007209599
7.597919584,0.007211517
7.598319664,0.007213423
7.598719744,0.007215287
7.599119824,0.007217074
7.599519904,0.007218751
7.599919984,0.007220281
7.600320064,0.007221629
7.600720144,0.007222755
7.601120224,0.007223623
7.601520304,0.007224191
7.601920384,0.007224422
7.602320464,0.007224273
7.602720544,0.007223706
7.603120624,0.00722268
7.603520704,0.007221156
7.603920784,0.007219094
7.604320864,0.007216456
7.604720944,0.007213206
7.605121024,0.007209309
7.605521104,0.007204729
7.605921184,0.007199437
7.606321264,0.007193402
7.606721344,0.007186598
7.607121424,0.007179
7.607521504,0.007170588
7.607921584,0.007161343
7.608321664,0.007151252
7.608721744,0.007140303
7.609121824,0.007128489
7.609521904,0.007115806
7.609921984,0.007102254
7.610322064,0.007087836
7.610722144,0.007072561
7.611122224,0.007056437
7.611522304,0.007039481
7.611922384,0.00702171
7.612322464,0.007003144
7.612722545,0.006983807
7.613122625,0.006963725
7.613522705,0.006942928
7.613922785,0.006921447
7.614322865,0.006899315
7.614722945,0.006876566
7.615123025,0.006853238
7.615523105,0.006829367
7.615923185,0.006804992
7.616323265,0.006780151
7.616723345,0.006754883
7.617123425,0.006729229
7.617523505,0.006703226
7.617923585,0.006676914
7.618323665,0.00665033
7.618723745,0.006623513
7.619123825,0.006596497
7.619523905,0.00656932
7.619923985,0.006542015
7.620324065,0.006514614
7.620724145,0.00648715
7.621124225,0.006459652
7.621524305,0.00643215
7.621924385,0.00640467
7.622324465,0.006377237
7.622724545,0.006349876
7.623124625,0.006322609
7.623524705,0.006295456
7.623924785,0.006268438
7.624324865,0.006241573
7.624724945,0.006214875
7.625125025,0.006188361
7.625525105,0.006162045
7.625925185,0.006135938
7.626325265,0.006110052
7.626725345,0.006084396
7.627125425,0.00605898
7.627525505,0.00603381
7.627925585,0.006008895
7.628325665,0.00598424
7.628725745,0.005959849
7.629125825,0.005935726
7.629525905,0.005911876
7.629925985,0.0058883
7.630326065,0.005865
7.630726145,0.005841978
7.631126225,0.005819235
7.631526305,0.00579677
7.631926385,0.005774583
7.632326465,0.005752674
7.632726545,0.005731041
7.633126625,0.005709684
7.633526705,0.005688599
7.633926785,0.005667786
7.634326865,0.005647242
7.634726945,0.005626964
7.635127025,0.005606949
7.635527105,0.005587196
7.635927185,0.005567699
7.636327265,0.005548457
7.636727345,0.005529466
7.637127425,0.005510722
7.637527506,0.005492222
7.637927586,0.005473962
7.638327666,0.00545594
7.638727746,0.00543815
7.639127826,0.00542059
7.639527906,0.005403256
7.639927986,0.005386143
7.640328066,0.005369249
7.640728146,0.00535257
7.641128226,0.005336101
7.641528306,0.00531984
7.641928386,0.005303782
7.642328466,0.005287925
7.642728546,0.005272265
7.643128626,0.005256797
7.643528706,0.00524152
7.643928786,0.005226428
7.644328866,0.00521152
7.644728946,0.005196791
7.645129026,0.00518224
7.645529106,0.005167861
7.645929186,0.005153653
7.646329266,0.005139612
7.646729346,0.005125736
7.647129426,0.005112021
7.647529506,0.005098464
7.647929586,0.005085064
7.648329666,0.005071817
7.648729746,0.00505872
7.649129826,0.005045772
7.649529906,0.005032969
7.649929986,0.005020309
7.650330066,0.005007789
7.650730146,0.004995409
7.651130226,0.004983164
7.651530306,0.004971053
7.651930386,0.004959075
7.652330466,0.004947226
7.652730546,0.004935505
7.653130626,0.00492391
7.653530706,0.004912438
7.653930786,0.00490109
7.654330866,0.004889861
7.654730946,0.004878752
7.655131026,0.004867759
7.655531106,0.004856882
7.655931186,0.004846119
7.656331266,0.004835469
7.656731346,0.004824929
7.657131426,0.0048145
7.657531506,0.004804178
7.657931586,0.004793964
7.658331666,0.004783856
7.658731746,0.004773852
7.659131826,0.004763952
7.659531906,0.004754154
7.659931986,0.004744458
7.660332066,0.004734862
7.660732146,0.004725365
7.661132226,0.004715968
7.661532306,0.004706667
7.661932386,0.004697464
7.662332466,0.004688356
7.662732547,0.004679344
7.663132627,0.004670426
7.663532707,0.004661602
7.663932787,0.004652871
7.664332867,0.004644232
7.664732947,0.004635686
7.665133027,0.004627231
7.665533107,0.004618866
7.665933187,0.004610592
7.666333267,0.004602408
7.666733347,0.004594312
7.667133427,0.004586306
7.667533507,0.004578388
7.667933587,0.004570558
7.668333667,0.004562816
7.668733747,0.004555161
7.669133827,0.004547593
7.669533907,0.004540111
7.669933987,0.004532715
7.670334067,0.004525404
7.670734147,0.004518179
7.671134227,0.004511039
7.671534307,0.004503983
7.671934387,0.004497012
7.672334467,0.004490123
7.672734547,0.004483318
7.673134627,0.004476596
7.673534707,0.004469955
7.673934787,0.004463396
7.674334867,0.004456918
7.674734947,0.004450519
7.675135027,0.0044442
7.675535107,0.00443796
7.675935187,0.004431797
7.676335267,0.004425711
7.676735347,0.0044197
7.677135427,0.004413763
7.677535507,0.0044079
7.677935587,0.004402108
7.678335667,0.004396386
7.678735747,0.004390732
7.679135827,0.004385145
7.679535907,0.004379622
7.679935987,0.004374162
7.680336067,0.004368762
7.680736147,0.004363419
7.681136227,0.004358132
7.681536307,0.004352896
7.681936387,0.004347709
7.682336467,0.004342568
7.682736547,0.004337469
7.683136627,0.004332408
7.683536707,0.004327382
7.683936787,0.004322386
7.684336867,0.004317416
7.684736947,0.004312467
7.685137027,0.004307535
7.685537107,0.004302614
7.685937187,0.0042977
7.686337267,0.004292787
7.686737347,0.004287869
7.687137427,0.00428294
7.687537508,0.004277996
7.687937588,0.004273029
7.688337668,0.004268035
7.688737748,0.004263006
7.689137828,0.004257937
7.689537908,0.004252822
7.689937988,0.004247655
7.690338068,0.00424243
7.690738148,0.004237141
7.691138228,0.004231783
7.691538308,0.004226349
7.691938388,0.004220836
7.692338468,0.004215238
7.692738548,0.00420955
7.693138628,0.004203769
7.693538708,0.004197891
7.693938788,0.004191912
7.694338868,0.004185829
7.694738948,0.004179641
7.695139028,0.004173346
7.695539108,0.004166941
7.695939188,0.004160426
7.696339268,0.004153802
7.696739348,0.004147068
7.697139428,0.004140225
7.697539508,0.004133274
7.697939588,0.004126217
7.698339668,0.004119058
7.698739748,0.004111797
7.699139828,0.00410444
7.699539908,0.004096989
7.699939988,0.004089448
7.700340068,0.004081822
7.700740148,0.004074115
7.701140228,0.004066332
7.701540308,0.004058479
7.701940388,0.004050561
7.702340468,0.004042582
7.702740548,0.00403455
7.703140628,0.004026468
7.703540708,0.004018343
7.703940788,0.004010181
7.704340868,0.004001986
7.704740948,0.003993764
7.705141028,0.003985521
7.705541108,0.003977262
7.705941188,0.003968992
7.706341268,0.003960715
7.706741348,0.003952437
7.707141428,0.003944162
7.707541508,0.003935893
7.707941588,0.003927637
7.708341668,0.003919395
7.708741748,0.003911172
7.709141828,0.003902971
7.709541908,0.003894796
7.709941988,0.003886649
7.710342068,0.003878534
7.710742148,0.003870451
7.711142228,0.003862405
7.711542308,0.003854397
7.711942388,0.003846429
7.712342468,0.003838503
7.712742549,0.00383062
7.713142629,0.003822782
7.713542709,0.00381499
7.713942789,0.003807244
7.714342869,0.003799547
7.714742949,0.003791898
7.715143029,0.003784299
7.715543109,0.003776749
7.715943189,0.00376925
7.716343269,0.003761802
7.716743349,0.003754404
7.717143429,0.003747057
7.717543509,0.003739761
7.717943589,0.003732516
7.718343669,0.003725322
7.718743749,0.003718179
7.719143829,0.003711086
7.719543909,0.003704043
7.719943989,0.00369705
7.720344069,0.003690107
7.720744149,0.003683213
7.721144229,0.003676368
7.721544309,0.00366957
7.721944389,0.003662821
7.722344469,0.003656119
7.722744549,0.003649463
7.723144629,0.003642854
7.723544709,0.00363629
7.723944789,0.003629771
7.724344869,0.003623297
7.724744949,0.003616866
7.725145029,0.003610479
7.725545109,0.003604135
7.725945189,0.003597832
7.726345269,0.003591571
7.726745349,0.003585351
7.727145429,0.003579171
7.727545509,0.003573031
7.727945589,0.00356693
7.728345669,0.003560868
7.728745749,0.003554843
7.729145829,0.003548856
7.729545909,0.003542906
7.729945989,0.003536991
7.730346069,0.003531113
7.730746149,0.00352527
7.731146229,0.003519461
7.731546309,0.003513687
7.731946389,0.003507946
7.732346469,0.003502238
7.732746549,0.003496562
7.733146629,0.003490919
7.733546709,0.003485307
7.733946789,0.003479727
7.734346869,0.003474177
7.734746949,0.003468657
7.735147029,0.003463167
7.735547109,0.003457707
7.735947189,0.003452275
7.736347269,0.003446872
7.736747349,0.003441497
7.737147429,0.003436149
7.73754751,0.003430829
7.73794759,0.003425536
7.73834767,0.00342027
7.73874775,0.003415029
7.73914783,0.003409815
7.73954791,0.003404626
7.73994799,0.003399462
7.74034807,0.003394323
7.74074815,0.003389208
7.74114823,0.003384118
7.74154831,0.003379051
7.74194839,0.003374008
7.74234847,0.003368989
7.74274855,0.003363992
7.74314863,0.003359018
7.74354871,0.003354067
7.74394879,0.003349138
7.74434887,0.00334423
7.74474895,0.003339345
7.74514903,0.003334481
7.74554911,0.003329638
7.74594919,0.003324816
7.74634927,0.003320015
7.74674935,0.003315235
7.74714943,0.003310475
7.74754951,0.003305735
7.74794959,0.003301015
7.74834967,0.003296314
7.74874975,0.003291634
7.74914983,0.003286972
7.74954991,0.00328233
7.74994999,0.003277707
7.75035007,0.003273103
7.75075015,0.003268518
7.75115023,0.003263951
7.75155031,0.003259402
7.75195039,0.003254872
7.75235047,0.003250359
7.75275055,0.003245865
7.75315063,0.003241389
7.75355071,0.00323693
7.75395079,0.003232489
7.75435087,0.003228065
7.75475095,0.003223659
7.75515103,0.00321927
7.75555111,0.003214898
7.75595119,0.003210543
7.75635127,0.003206205
7.75675135,0.003201884
7.75715143,0.003197579
7.75755151,0.003193291
7.75795159,0.00318902
7.75835167,0.003184765
7.75875175,0.003180527
7.75915183,0.003176305
7.75955191,0.003172099
7.75995199,0.003167909
7.76035207,0.003163735
7.76075215,0.003159578
7.76115223,0.003155437
7.76155231,0.003151311
7.76195239,0.003147201
7.76235247,0.003143108
7.762752551,0.00313903
7.763152631,0.003134967
7.763552711,0.003130921
7.763952791,0.00312689
7.764352871,0.003122875
7.764752951,0.003118875
7.765153031,0.003114891
7.765553111,0.003110923
7.765953191,0.00310697
7.766353271,0.003103033
7.766753351,0.003099111
7.767153431,0.003095204
7.767553511,0.003091313
7.767953591,0.003087437
7.768353671,0.003083577
7.768753751,0.003079732
7.769153831,0.003075902
7.769553911,0.003072088
7.769953991,0.003068289
7.770354071,0.003064505
7.770754151,0.003060736
7.771154231,0.003056983
7.771554311,0.003053244
7.771954391,0.003049521
7.772354471,0.003045813
7.772754551,0.00304212
7.773154631,0.003038442
7.773554711,0.003034778
7.773954791,0.00303113
7.774354871,0.003027496
7.774754951,0.003023877
7.775155031,0.003020273
7.775555111,0.003016683
7.775955191,0.003013107
7.776355271,0.003009546
7.776755351,0.003005998
7.777155431,0.003002465
7.777555511,0.002998945
7.777955591,0.002995439
7.778355671,0.002991947
7.778755751,0.002988467
7.779155831,0.002985001
7.779555911,0.002981547
7.779955991,0.002978105
7.780356071,0.002974676
7.780756151,0.002971258
7.781156231,0.002967852
7.781556311,0.002964456
7.781956391,0.002961071
7.782356471,0.002957696
7.782756551,0.002954331
7.783156631,0.002950975
7.783556711,0.002947628
7.783956791,0.002944289
7.784356871,0.002940957
7.784756951,0.002937632
7.785157031,0.002934314
7.785557111,0.002931001
7.785957191,0.002927693
7.786357271,0.002924389
7.786757351,0.002921089
7.787157431,0.002917791
7.787557512,0.002914496
7.787957592,0.002911201
7.788357672,0.002907908
7.788757752,0.002904614
7.789157832,0.002901318
7.789557912,0.002898021
7.789957992,0.002894722
7.790358072,0.002891419
7.790758152,0.002888112
7.791158232,0.0028848
7.791558312,0.002881483
7.791958392,0.00287816
7.792358472,0.00287483
7.792758552,0.002871493
7.793158632,0.002868148
7.793558712,0.002864796
7.793958792,0.002861434
7.794358872,0.002858064
7.794758952,0.002854685
7.795159032,0.002851297
7.795559112,0.002847899
7.795959192,0.002844492
7.796359272,0.002841076
7.796759352,0.00283765
7.797159432,0.002834215
7.797559512,0.002830771
7.797959592,0.002827318
7.798359672,0.002823857
7.798759752,0.002820389
7.799159832,0.002816912
7.799559912,0.002813429
7.799959992,0.002809939
7.800360072,0.002806444
7.800760152,0.002802943
7.801160232,0.002799437
7.801560312,0.002795928
7.801960392,0.002792415
7.802360472,0.0027889
7.802760552,0.002785383
7.803160632,0.002781864
7.803560712,0.002778345
7.803960792,0.002774827
7.804360872,0.002771309
7.804760952,0.002767793
7.805161032,0.002764279
7.805561112,0.002760767
7.805961192,0.00275726
7.806361272,0.002753756
7.806761352,0.002750257
7.807161432,0.002746763
7.807561512,0.002743275
7.807961592,0.002739793
7.808361672,0.002736318
7.808761752,0.002732849
7.809161832,0.002729388
7.809561912,0.002725935
7.809961992,0.002722491
7.810362072,0.002719054
7.810762152,0.002715627
7.811162232,0.002712208
7.811562312,0.002708799
7.811962392,0.002705399
7.812362472,0.002702009
7.812762553,0.002698629
7.813162633,0.002695259
7.813562713,0.002691899
7.813962793,0.002688549
7.814362873,0.00268521
7.814762953,0.002681881
7.815163033,0.002678562
7.815563113,0.002675254
7.815963193,0.002671957
7.816363273,0.00266867
7.816763353,0.002665394
7.817163433,0.002662128
7.817563513,0.002658873
7.817963593,0.002655629
7.818363673,0.002652395
7.818763753,0.002649172
7.819163833,0.002645959
7.819563913,0.002642756
7.819963993,0.002639564
7.820364073,0.002636382
7.820764153,0.002633211
7.821164233,0.002630049
7.821564313,0.002626898
7.821964393,0.002623757
7.822364473,0.002620625
7.822764553,0.002617504
7.823164633,0.002614393
7.823564713,0.002611291
7.823964793,0.002608199
7.824364873,0.002605116
7.824764953,0.002602043
7.825165033,0.002598979
7.825565113,0.002595925
7.825965193,0.00259288
7.826365273,0.002589844
7.826765353,0.002586817
7.827165433,0.002583799
7.827565513,0.002580791
7.827965593,0.002577791
7.828365673,0.002574799
7.828765753,0.002571817
7.829165833,0.002568843
7.829565913,0.002565878
7.829965993,0.002562921
7.830366073,0.002559972
7.830766153,0.002557032
7.831166233,0.0025541
7.831566313,0.002551177
7.831966393,0.002548261
7.832366473,0.002545353
7.832766553,0.002542454
7.833166633,0.002539562
7.833566713,0.002536678
7.833966793,0.002533802
7.834366873,0.002530934
7.834766953,0.002528073
7.835167033,0.00252522
7.835567113,0.002522375
7.835967193,0.002519537
7.836367273,0.002516706
7.836767353,0.002513883
7.837167433,0.002511067
7.837567514,0.002508258
7.837967594,0.002505457
7.838367674,0.002502662
7.838767754,0.002499875
7.839167834,0.002497095
7.839567914,0.002494322
7.839967994,0.002491556
7.840368074,0.002488797
7.840768154,0.002486044
7.841168234,0.002483299
7.841568314,0.00248056
7.841968394,0.002477828
7.842368474,0.002475103
7.842768554,0.002472385
7.843168634,0.002469673
7.843568714,0.002466967
7.843968794,0.002464269
7.844368874,0.002461577
7.844768954,0.002458891
7.845169034,0.002456212
7.845569114,0.002453539
7.845969194,0.002450873
7.846369274,0.002448213
7.846769354,0.002445559
7.847169434,0.002442912
7.847569514,0.002440271
7.847969594,0.002437636
7.848369674,0.002435008
7.848769754,0.002432386
7.849169834,0.00242977
7.849569914,0.00242716
7.849969994,0.002424556
7.850370074,0.002421959
7.850770154,0.002419367
7.851170234,0.002416782
7.851570314,0.002414203
7.851970394,0.002411629
7.852370474,0.002409062
7.852770554,0.002406501
7.853170634,0.002403946
7.853570714,0.002401397
7.853970794,0.002398853
7.854370874,0.002396316
7.854770954,0.002393785
7.855171034,0.002391259
7.855571114,0.002388739
7.855971194,0.002386226
7.856371274,0.002383718
7.856771354,0.002381216
7.857171434,0.002378719
7.857571514,0.002376229
7.857971594,0.002373744
7.858371674,0.002371265
7.858771754,0.002368792
7.859171834,0.002366325
7.859571914,0.002363863
7.859971994,0.002361407
7.860372074,0.002358956
7.860772154,0.002356511
7.861172234,0.002354072
7.861572314,0.002351638
7.861972394,0.00234921
7.862372474,0.002346787
7.862772555,0.00234437
7.863172635,0.002341958
7.863572715,0.002339551
7.863972795,0.00233715
7.864372875,0.002334754
7.864772955,0.002332363
7.865173035,0.002329977
7.865573115,0.002327597
7.865973195,0.002325221
7.866373275,0.002322851
7.866773355,0.002320485
7.867173435,0.002318125
7.867573515,0.002315769
7.867973595,0.002313417
7.868373675,0.002311071
7.868773755,0.002308728
7.869173835,0.00230639
7.869573915,0.002304057
7.869973995,0.002301728
7.870374075,0.002299402
7.870774155,0.002297081
7.871174235,0.002294763
7.871574315,0.00229245
7.871974395,0.00229014
7.872374475,0.002287833
7.872774555,0.00228553
7.873174635,0.002283229
7.873574715,0.002280932
7.873974795,0.002278638
7.874374875,0.002276347
7.874774955,0.002274058
7.875175035,0.002271772
7.875575115,0.002269488
7.875975195,0.002267206
7.876375275,0.002264927
7.876775355,0.002262649
7.877175435,0.002260374
7.877575515,0.0022581
7.877975595,0.002255828
7.878375675,0.002253557
7.878775755,0.002251288
7.879175835,0.00224902
7.879575915,0.002246754
7.879975995,0.002244489
7.880376075,0.002242225
7.880776155,0.002239962
7.881176235,0.0022377
7.881576315,0.00223544
7.881976395,0.002233181
7.882376475,0.002230922
7.882776555,0.002228665
7.883176635,0.00222641
7.883576715,0.002224155
7.883976795,0.002221902
7.884376875,0.00221965
7.884776955,0.002217399
7.885177035,0.00221515
7.885577115,0.002212902
7.885977195,0.002210656
7.886377275,0.002208412
7.886777355,0.002206169
7.887177435,0.002203929
7.887577516,0.002201691
7.887977596,0.002199454
7.888377676,0.00219722
7.888777756,0.002194989
7.889177836,0.002192759
7.889577916,0.002190533
7.889977996,0.002188309
7.890378076,0.002186088
7.890778156,0.002183869
7.891178236,0.002181654
7.891578316,0.002179442
7.891978396,0.002177233
7.892378476,0.002175027
7.892778556,0.002172825
7.893178636,0.002170626
7.893578716,0.00216843
7.893978796,0.002166238
7.894378876,0.00216405
7.894778956,0.002161865
7.895179036,0.002159684
7.895579116,0.002157507
7.895979196,0.002155334
7.896379276,0.002153165
7.896779356,0.002150999
7.897179436,0.002148838
7.897579516,0.002146681
7.897979596,0.002144527
7.898379676,0.002142378
7.898779756,0.002140233
7.899179836,0.002138091
7.899579916,0.002135954
7.899979996,0.002133821
7.900380076,0.002131693
7.900780156,0.002129568
7.901180236,0.002127447
7.901580316,0.002125331
7.901980396,0.002123219
7.902380476,0.002121111
7.902780556,0.002119007
7.903180636,0.002116907
7.903580716,0.002114811
7.903980796,0.002112719
7.904380876,0.002110632
7.904780956,0.002108548
7.905181036,0.002106469
7.905581116,0.002104394
7.905981196,0.002102322
7.906381276,0.002100255
7.906781356,0.002098192
7.907181436,0.002096133
7.907581516,0.002094077
7.907981596,0.002092026
7.908381676,0.002089979
7.908781756,0.002087936
7.909181836,0.002085896
7.909581916,0.002083861
7.909981996,0.002081829
7.910382076,0.002079801
7.910782156,0.002077777
7.911182236,0.002075757
7.911582316,0.002073741
7.911982396,0.002071728
7.912382476,0.002069719
7.912782557,0.002067714
7.913182637,0.002065713
7.913582717,0.002063716
7.913982797,0.002061722
7.914382877,0.002059731
7.914782957,0.002057745
7.915183037,0.002055762
7.915583117,0.002053783
7.915983197,0.002051807
7.916383277,0.002049835
7.916783357,0.002047866
7.917183437,0.002045901
7.917583517,0.00204394
7.917983597,0.002041982
7.918383677,0.002040027
7.918783757,0.002038077
7.919183837,0.002036129
7.919583917,0.002034185
7.919983997,0.002032244
7.920384077,0.002030307
7.920784157,0.002028373
7.921184237,0.002026443
7.921584317,0.002024516
7.921984397,0.002022592
7.922384477,0.002020672
7.922784557,0.002018755
7.923184637,0.002016841
7.923584717,0.002014931
7.923984797,0.002013024
7.924384877,0.00201112
7.924784957,0.002009219
7.925185037,0.002007322
7.925585117,0.002005428
7.925985197,0.002003537
7.926385277,0.002001649
7.926785357,0.001999764
7.927185437,0.001997883
7.927585517,0.001996005
7.927985597,0.00199413
7.928385677,0.001992258
7.928785757,0.001990389
7.929185837,0.001988524
7.929585917,0.001986661
7.929985997,0.001984802
7.930386077,0.001982946
7.930786157,0.001981092
7.931186237,0.001979242
7.931586317,0.001977395
7.931986397,0.001975551
7.932386477,0.00197371
7.932786557,0.001971872
7.933186637,0.001970037
7.933586717,0.001968205
7.933986797,0.001966376
7.934386877,0.00196455
7.934786957,0.001962727
7.935187037,0.001960907
7.935587117,0.00195909
7.935987197,0.001957276
7.936387277,0.001955464
7.936787357,0.001953656
7.937187437,0.001951851
7.937587518,0.001950048
7.937987598,0.001948249
7.938387678,0.001946452
7.938787758,0.001944658
7.939187838,0.001942867
7.939587918,0.001941079
7.939987998,0.001939294
7.940388078,0.001937512
7.940788158,0.001935732
7.941188238,0.001933956
7.941588318,0.001932182
7.941988398,0.001930411
7.942388478,0.001928643
7.942788558,0.001926878
7.943188638,0.001925115
7.943588718,0.001923355
7.943988798,0.001921598
7.944388878,0.001919844
7.944788958,0.001918093
7.945189038,0.001916344
7.945589118,0.001914598
7.945989198,0.001912855
7.946389278,0.001911115
7.946789358,0.001909377
7.947189438,0.001907642
7.947589518,0.00190591
7.947989598,0.001904181
7.948389678,0.001902454
7.948789758,0.00190073
7.949189838,0.001899009
7.949589918,0.00189729
7.949989998,0.001895574
7.950390078,0.001893861
7.950790158,0.00189215
7.951190238,0.001890443
7.951590318,0.001888737
7.951990398,0.001887035
7.952390478,0.001885335
7.952790558,0.001883637
7.953190638,0.001881943
7.953590718,0.001880251
7.953990798,0.001878561
7.954390878,0.001876875
7.954790958,0.00187519
7.955191038,0.001873509
7.955591118,0.00187183
7.955991198,0.001870153
7.956391278,0.00186848
7.956791358,0.001866808
7.957191438,0.00186514
7.957591518,0.001863473
7.957991598,0.00186181
7.958391678,0.001860149
7.958791758,0.00185849
7.959191838,0.001856834
7.959591918,0.001855181
7.959991998,0.00185353
7.960392078,0.001851881
7.960792158,0.001850235
7.961192238,0.001848592
7.961592318,0.001846951
7.961992398,0.001845312
7.962392478,0.001843676
7.962792559,0.001842043
7.963192639,0.001840411
7.963592719,0.001838782
7.963992799,0.001837156
7.964392879,0.001835532
7.964792959,0.00183391
7.965193039,0.001832291
7.965593119,0.001830674
7.965993199,0.00182906
7.966393279,0.001827447
7.966793359,0.001825837
7.967193439,0.00182423
7.967593519,0.001822624
7.967993599,0.001821021
7.968393679,0.001819421
7.968793759,0.001817822
7.969193839,0.001816226
7.969593919,0.001814632
7.969993999,0.00181304
7.970394079,0.00181145
7.970794159,0.001809862
7.971194239,0.001808277
7.971594319,0.001806694
7.971994399,0.001805112
7.972394479,0.001803533
7.972794559,0.001801956
7.973194639,0.001800382
7.973594719,0.001798809
7.973994799,0.001797238
7.974394879,0.001795669
7.974794959,0.001794103
7.975195039,0.001792538
7.975595119,0.001790975
7.975995199,0.001789415
7.976395279,0.001787856
7.976795359,0.001786299
7.977195439,0.001784745
7.977595519,0.001783192
7.977995599,0.001781641
7.978395679,0.001780093
7.978795759,0.001778546
7.979195839,0.001777001
7.979595919,0.001775458
7.979995999,0.001773917
7.980396079,0.001772379
7.980796159,0.001770842
7.981196239,0.001769307
7.981596319,0.001767774
7.981996399,0.001766243
7.982396479,0.001764714
7.982796559,0.001763187
7.983196639,0.001761662
7.983596719,0.001760139
7.983996799,0.001758618
7.984396879,0.001757099
7.984796959,0.001755582
7.985197039,0.001754067
7.985597119,0.001752554
7.985997199,0.001751043
7.986397279,0.001749534
7.986797359,0.001748028
7.987197439,0.001746523
7.98759752,0.00174502
7.9879976,0.00174352
7.98839768,0.001742021
7.98879776,0.001740525
7.98919784,0.00173903
7.98959792,0.001737538
7.989998,0.001736048
7.99039808,0.00173456
7.99079816,0.001733074
7.99119824,0.00173159
7.99159832,0.001730108
7.9919984,0.001728628
7.99239848,0.00172715
7.99279856,0.001725675
7.99319864,0.001724201
7.99359872,0.00172273
7.9939988,0.001721261
7.99439888,0.001719793
7.99479896,0.001718328
7.99519904,0.001716865
7.99559912,0.001715404
7.9959992,0.001713945
7.99639928,0.001712488
7.99679936,0.001711034
7.99719944,0.001709581
7.99759952,0.00170813
7.9979996,0.001706682
7.99839968,0.001705235
7.99879976,0.001703791
7.99919984,0.001702348
7.99959992,0.001700908
8,0.001699469
