x,y
6.0,0.002407813401849248
6.000400080016004,0.0024104743416914795
6.000800160032006,0.0024131398162547356
6.00120024004801,0.0024158098360439377
6.0016003200640125,0.002418484411594842
6.002000400080016,0.0024211635534741667
6.00240048009602,0.0024238472722796687
6.002800560112022,0.002426535578640287
6.003200640128026,0.002429228483216244
6.0036007201440285,0.002431925996699139
6.004000800160032,0.0024346281298120976
6.004400880176036,0.002437334893309843
6.004800960192038,0.002440046297978834
6.005201040208042,0.002442762354637383
6.0056011202240445,0.0024454830741357358
6.006001200240048,0.002448208467356237
6.006401280256052,0.0024509385452134037
6.006801360272054,0.0024536733186540467
6.007201440288058,0.002456412798657415
6.0076015203040605,0.0024591569962352723
6.008001600320064,0.0024619059224320504
6.008401680336068,0.002464659588324941
6.00880176035207,0.0024674180050240097
6.009201840368074,0.0024701811836723543
6.0096019203840765,0.0024729491354461663
6.01000200040008,0.002475721871554909
6.010402080416084,0.002478499403241384
6.010802160432086,0.002481281741781886
6.01120224044809,0.0024840688984863195
6.0116023204640925,0.0024868608846982947
6.012002400480096,0.0024896577117953012
6.0124024804961,0.002492459391188766
6.012802560512102,0.002495265934324219
6.013202640528106,0.0024980773526814214
6.0136027205441085,0.002500893657774447
6.014002800560112,0.002503714861151864
6.014402880576116,0.0025065409743968057
6.014802960592118,0.0025093720091271285
6.015203040608122,0.002512207976995537
6.0156031206241245,0.0025150488896896923
6.016003200640128,0.0025178947589323637
6.016403280656132,0.002520745596481532
6.016803360672134,0.0025236014141305284
6.017203440688138,0.0025264622237081815
6.0176035207041405,0.0025293280370789007
6.018003600720144,0.002532198866142869
6.018403680736148,0.002535074722836107
6.01880376075215,0.0025379556191306523
6.019203840768154,0.0025408415670346786
6.0196039207841565,0.002543732578592611
6.02000400080016,0.002546628665885289
6.020404080816164,0.002549529841030072
6.020804160832166,0.0025524361161809745
6.02120424084817,0.002555347503528837
6.0216043208641725,0.002558264015301407
6.022004400880176,0.0025611856637635243
6.02240448089618,0.0025641124612172197
6.022804560912182,0.002567044420001864
6.023204640928186,0.0025699815524943296
6.0236047209441885,0.0025729238711090815
6.024004800960192,0.0025758713882983704
6.024404880976196,0.0025788241165523155
6.024804960992198,0.0025817820683990775
6.025205041008202,0.0025847452564050155
6.0256051210242045,0.002587713693174775
6.026005201040208,0.0025906873913514906
6.026405281056212,0.002593666363616877
6.026805361072214,0.002596650622691392
6.027205441088218,0.002599640181334404
6.0276055211042205,0.002602635052344282
6.028005601120224,0.002605635248558604
6.028405681136228,0.002608640782854245
6.02880576115223,0.002611651668147554
6.029205841168234,0.0026146679173945082
6.0296059211842365,0.0026176895435908246
6.03000600120024,0.0026207165597721517
6.030406081216244,0.002623748979014184
6.030806161232246,0.002626786814432817
6.03120624124825,0.0026298300791843306
6.031606321264253,0.0026328787864654778
6.032006401280256,0.002635932949513702
6.03240648129626,0.0026389925816072395
6.032806561312262,0.00264205769606529
6.033206641328266,0.0026451283062481857
6.033606721344269,0.0026482044255575076
6.034006801360272,0.002651286067436289
6.034406881376276,0.00265437324536912
6.034806961392278,0.0026574659728823315
6.035207041408282,0.002660564263544164
6.035607121424285,0.0026636681309648823
6.036007201440288,0.0026667775887969933
6.036407281456292,0.0026698926507353364
6.036807361472294,0.0026730133305172938
6.037207441488298,0.0026761396419229463
6.037607521504301,0.0026792715987751905
6.038007601520304,0.00268240921493997
6.038407681536308,0.002685552504326375
6.03880776155231,0.002688701480886826
6.039207841568314,0.002691856158617265
6.039607921584317,0.0026950165515572683
6.04000800160032,0.002698182673790267
6.040408081616324,0.002701354539443668
6.040808161632326,0.0027045321626890367
6.04120824164833,0.0027077155577422763
6.041608321664333,0.0027109047388637745
6.042008401680336,0.002714099720358603
6.04240848169634,0.0027173005165766393
6.042808561712342,0.002720507141912781
6.043208641728346,0.0027237196108071088
6.043608721744349,0.0027269379377450227
6.044008801760352,0.002730162137257483
6.044408881776356,0.0027333922239211085
6.044808961792358,0.0027366282123583935
6.045209041808362,0.0027398701172378897
6.045609121824365,0.0027431179532743442
6.046009201840368,0.0027463717352289294
6.046409281856372,0.0027496314779093555
6.046809361872374,0.0027528971961700978
6.047209441888378,0.002756168904912575
6.047609521904381,0.0027594466190852857
6.048009601920384,0.0027627303536840488
6.048409681936387,0.0027660201237521263
6.04880976195239,0.0027693159443804593
6.049209841968394,0.002772617830707802
6.049609921984397,0.002775925797920939
6.0500100020004,0.0027792398612548623
6.050410082016403,0.0027825600359929464
6.050810162032406,0.002785886337467153
6.05121024204841,0.0027892187810581994
6.051610322064413,0.002792557382195746
6.052010402080416,0.0027959021563586216
6.052410482096419,0.0027992531190749507
6.052810562112422,0.0028026102859224082
6.053210642128426,0.0028059736725283644
6.053610722144429,0.002809343294570092
6.054010802160432,0.0028127191677749866
6.054410882176435,0.0028161013079206973
6.054810962192438,0.002819489730835398
6.055211042208442,0.0028228844523979224
6.055611122224445,0.0028262854885379805
6.056011202240448,0.002829692855236391
6.056411282256451,0.0028331065685252067
6.056811362272454,0.002836526644487992
6.057211442288458,0.002839953099259968
6.057611522304461,0.002843385949028223
6.058011602320464,0.0028468252100319587
6.058411682336467,0.00285027089856262
6.05881176235247,0.0028537230309641747
6.059211842368474,0.002857181623633258
6.059611922384477,0.0028606466930194046
6.06001200240048,0.0028641182556252676
6.060412082416483,0.0028675963280067984
6.060812162432486,0.0028710809267734824
6.06121224244849,0.0028745720685885243
6.061612322464493,0.002878069770169073
6.062012402480496,0.002881574048286443
6.062412482496499,0.0028850849197662913
6.0628125625125024,0.002888602401488885
6.063212642528506,0.0028921265103892648
6.063612722544509,0.002895657263457476
6.064012802560512,0.0028991946777388177
6.064412882576515,0.002902738770334005
6.0648129625925185,0.002906289558399444
6.065213042608522,0.002909847059147398
6.065613122624525,0.0029134112898462415
6.066013202640528,0.0029169822678206904
6.066413282656531,0.0029205600104519856
6.0668133626725345,0.0029241445351781614
6.067213442688538,0.002927735859494233
6.067613522704541,0.0029313340009524376
6.068013602720544,0.0029349389771624814
6.068413682736547,0.002938550805791719
6.0688137627525505,0.00294216950456545
6.069213842768554,0.0029457950912670752
6.069613922784557,0.002949427583738371
6.07001400280056,0.00295306699987974
6.070414082816563,0.0029567133576503804
6.0708141628325665,0.002960366675068592
6.07121424284857,0.0029640269702119644
6.071614322864573,0.0029676942612176086
6.072014402880576,0.0029713685662824583
6.072414482896579,0.0029750499036634167
6.0728145629125825,0.002978738291677689
6.073214642928586,0.002982433748702942
6.073614722944589,0.002986136293177595
6.074014802960592,0.0029898459436010706
6.074414882976595,0.0029935627185339836
6.0748149629925985,0.002997286636598465
6.075215043008602,0.003001017716478333
6.075615123024605,0.003004755976919385
6.076015203040608,0.0030085014367296505
6.076415283056611,0.0030122541147796105
6.0768153630726145,0.003016014030002483
6.077215443088618,0.0030197812013944424
6.077615523104621,0.0030235556480148968
6.078015603120624,0.0030273373889867514
6.078415683136627,0.0030311264434966212
6.0788157631526305,0.0030349228307951556
6.079215843168634,0.0030387265701972248
6.079615923184637,0.0030425376810822237
6.08001600320064,0.003046356182894344
6.080416083216643,0.00305018209514279
6.0808161632326465,0.003054015437402095
6.08121624324865,0.003057856229312336
6.081616323264653,0.0030617044905794336
6.082016403280656,0.0030655602409754234
6.082416483296659,0.0030694235003386897
6.0828165633126625,0.003073294288574291
6.083216643328666,0.003077172625654162
6.083616723344669,0.0030810585316174348
6.084016803360672,0.003084952026570718
6.084416883376675,0.00308885313068833
6.0848169633926785,0.003092761864212634
6.085217043408682,0.0030966782474542514
6.085617123424685,0.003100602300792376
6.086017203440688,0.0031045340446750748
6.086417283456691,0.0031084734996195194
6.0868173634726945,0.003112420686212326
6.087217443488698,0.003116375625109784
6.087617523504701,0.003120338337038177
6.088017603520704,0.0031243088427940777
6.088417683536707,0.003128287163244594
6.0888177635527105,0.0031322733193277215
6.089217843568714,0.003136267332052571
6.089617923584717,0.0031402692224996964
6.09001800360072,0.0031442790118214117
6.090418083616723,0.0031482967212420193
6.0908181636327265,0.0031523223720581815
6.09121824364873,0.0031563559856391684
6.091618323664733,0.0031603975834271674
6.092018403680736,0.003164447186937622
6.092418483696739,0.003168504817759474
6.0928185637127426,0.003172570497555533
6.093218643728746,0.003176644248062722
6.093618723744749,0.003180726091092422
6.094018803760752,0.0031848160485307853
6.094418883776755,0.0031889141423390092
6.094818963792759,0.0031930203945537087
6.095219043808762,0.003197134827287155
6.095619123824765,0.003201257462727643
6.096019203840768,0.0032053883231398152
6.096419283856771,0.00320952743086493
6.096819363872775,0.003213674808321242
6.097219443888778,0.0032178304780042678
6.097619523904781,0.0032219944624871364
6.098019603920784,0.003226166784420937
6.098419683936787,0.003230347466534989
6.098819763952791,0.0032345365316372304
6.099219843968794,0.0032387340026144985
6.099619923984797,0.003242939902432877
6.1000200040008,0.00324715425413806
6.100420084016803,0.0032513770808556258
6.100820164032807,0.003255608405791439
6.10122024404881,0.003259848252231933
6.101620324064813,0.0032640966435444675
6.102020404080816,0.0032683536031777034
6.102420484096819,0.0032726191546618866
6.102820564112823,0.0032768933216092426
6.103220644128826,0.0032811761277142973
6.103620724144829,0.00328546759675421
6.104020804160832,0.003289767752589184
6.104420884176835,0.0032940766191627354
6.104820964192839,0.003298394220502123
6.105221044208842,0.0033027205807186484
6.105621124224845,0.0033070557240080225
6.106021204240848,0.0033113996746507723
6.106421284256851,0.003315752457012518
6.106821364272855,0.0033201140955444216
6.107221444288858,0.003324484614783482
6.107621524304861,0.0033288640393529254
6.108021604320864,0.0033332523939626
6.108421684336867,0.003337649703409298
6.108821764352871,0.0033420559925771685
6.109221844368874,0.0033464712864380536
6.109621924384877,0.0033508956100518823
6.11002200440088,0.0033553289885670736
6.110422084416883,0.0033597714472208503
6.110822164432887,0.003364223011339691
6.11122224444889,0.003368683706339658
6.111622324464893,0.003373153557726801
6.112022404480896,0.003377632591097568
6.112422484496899,0.003382120832139144
6.112822564512903,0.0033866183066299004
6.113222644528906,0.003391125040439724
6.113622724544909,0.0033956410595304513
6.114022804560912,0.003400166389956281
6.114422884576915,0.003404701057864104
6.114822964592919,0.003409245089493997
6.115223044608922,0.00341379851117954
6.115623124624925,0.0034183613493482543
6.116023204640928,0.0034229336305220486
6.116423284656931,0.0034275153813175373
6.116823364672935,0.0034321066284465577
6.117223444688938,0.0034367073987164867
6.117623524704941,0.003441317719030703
6.118023604720944,0.0034459376163890358
6.118423684736947,0.0034505671178880937
6.118823764752951,0.0034552062507217872
6.119223844768954,0.00345985504218167
6.119623924784957,0.003464513519657403
6.12002400480096,0.0034691817106372027
6.120424084816963,0.003473859642708206
6.120824164832967,0.003478547343556988
6.12122424484897,0.003483244840969914
6.121624324864973,0.0034879521628336132
6.122024404880976,0.003492669337135458
6.122424484896979,0.003497396391963908
6.122824564912983,0.003502133355509055
6.123224644928986,0.003506880256062997
6.123624724944989,0.0035116371220203137
6.124024804960992,0.0035164039818785355
6.124424884976995,0.0035211808642385484
6.124824964992999,0.0035259677978051046
6.125225045009002,0.003530764811387229
6.125625125025005,0.0035355719338986983
6.1260252050410084,0.003540389194358537
6.126425285057011,0.003545216621891413
6.126825365073015,0.003550054245728184
6.127225445089018,0.0035549020952062847
6.127625525105021,0.0035597601997702493
6.1280256051210245,0.003564628588972205
6.128425685137027,0.0035695072924722734
6.128825765153031,0.0035743963400391376
6.129225845169034,0.003579295761550457
6.129625925185037,0.003584205586993362
6.1300260052010405,0.003589125846465005
6.130426085217043,0.003594056570172939
6.130826165233047,0.0035989977884357234
6.131226245249049,0.003603949531683317
6.131626325265053,0.0036089118304576634
6.1320264052810565,0.003613884715413125
6.132426485297059,0.0036188682173170037
6.132826565313063,0.003623862367050083
6.133226645329065,0.0036288671956070623
6.133626725345069,0.003633882734097159
6.1340268053610725,0.0036389090137445273
6.134426885377075,0.003643946065888829
6.134826965393079,0.00364899392198576
6.135227045409081,0.0036540526136075195
6.135627125425085,0.003659122172443402
6.1360272054410885,0.0036642026303002626
6.136427285457091,0.003669294019103066
6.136827365473095,0.0036743963708954514
6.137227445489097,0.0036795097178402092
6.137627525505101,0.0036846340922198823
6.1380276055211045,0.003689769526437249
6.138427685537107,0.0036949160530158815
6.138827765553111,0.0037000737046007427
6.139227845569113,0.003705242513958651
6.139627925585117,0.003710422513978913
6.1400280056011205,0.0037156137376738196
6.140428085617123,0.0037208162181792156
6.140828165633127,0.003726029988755109
6.141228245649129,0.0037312550827861566
6.141628325665133,0.0037364915337823146
6.1420284056811365,0.0037417393753793275
6.142428485697139,0.00374699864133935
6.142828565713143,0.0037522693655515334
6.143228645729145,0.003757551582032551
6.143628725745149,0.0037628453249272573
6.1440288057611525,0.0037681506285091953
6.144428885777155,0.003773467527181216
6.144828965793159,0.003778796055476113
6.145229045809161,0.0037841362480571343
6.145629125825165,0.003789488139718669
6.1460292058411685,0.0037948517653867728
6.146429285857171,0.0038002271601198065
6.146829365873175,0.0038056143591090716
6.147229445889177,0.0038110133976793545
6.147629525905181,0.0038164243112896157
6.1480296059211845,0.003821847135533548
6.148429685937187,0.003827281906140206
6.148829765953191,0.0038327286589746987
6.149229845969193,0.003838187430038709
6.149629925985197,0.003843658255471225
6.1500300060012005,0.0038491411715490995
6.150430086017203,0.003854636214687719
6.150830166033207,0.00386014342144168
6.151230246049209,0.0038656628285053582
6.151630326065213,0.0038711944727136405
6.1520304060812165,0.0038767383910425024
6.152430486097219,0.003882294620609702
6.152830566113223,0.0038878631986754703
6.153230646129225,0.003893444162643089
6.153630726145229,0.0038990375500596525
6.1540308061612325,0.0039046433986166694
6.154430886177235,0.003910261746150746
6.154830966193239,0.003915892630644331
6.155231046209241,0.003921536090226285
6.155631126225245,0.003927192163172677
6.1560312062412486,0.003932860887907387
6.156431286257251,0.003938542303002837
6.156831366273255,0.003944236447180715
6.1572314462892574,0.003949943359312602
6.157631526305261,0.003955663078420766
6.158031606321265,0.0039613956436787895
6.158431686337267,0.00396714109441231
6.158831766353271,0.003972899470099789
6.1592318463692735,0.003978670810373129
6.159631926385277,0.0039844551550185054
6.160032006401281,0.0039902525439770055
6.160432086417283,0.0039960630173454
6.160832166433287,0.004001886615376913
6.1612322464492895,0.004007723378481878
6.161632326465293,0.004013573347228584
6.162032406481297,0.0040194365623439305
6.162432486497299,0.00402531306471422
6.162832566513303,0.004031202895385956
6.1632326465293055,0.004037106095566518
6.163632726545309,0.004043022706625015
6.164032806561313,0.004048952770092983
6.164432886577315,0.00405489632766519
6.164832966593319,0.004060853421200443
6.1652330466093215,0.0040668240927223065
6.165633126625325,0.0040728083844199575
6.166033206641329,0.004078806338648922
6.166433286657331,0.004084817997931882
6.166833366673335,0.004090843404959538
6.1672334466893375,0.004096882602591303
6.167633526705341,0.004102935633856228
6.168033606721345,0.004109002541953717
6.168433686737347,0.004115083370254401
6.168833766753351,0.004121178162300978
6.1692338467693535,0.004127286961808965
6.169633926785357,0.004133409812667629
6.170034006801361,0.004139546758940746
6.170434086817363,0.00414569784486745
6.170834166833367,0.00415186311486316
6.1712342468493695,0.004158042613520314
6.171634326865373,0.004164236385609337
6.172034406881377,0.004170444476079412
6.172434486897379,0.004176666930059382
6.172834566913383,0.004182903792858662
6.1732346469293855,0.004189155109968033
6.173634726945389,0.0041954209270606115
6.174034806961393,0.004201701289992658
6.174434886977395,0.004207996244804501
6.174834966993399,0.004214305837721475
6.1752350470094015,0.004220630115154725
6.175635127025405,0.0042269691237022365
6.176035207041409,0.004233322910149622
6.176435287057411,0.004239691521471114
6.176835367073415,0.004246075004830506
6.1772354470894175,0.004252473407581993
6.177635527105421,0.00425888677727121
6.178035607121425,0.004265315161636076
6.178435687137427,0.004271758608607785
6.178835767153431,0.004278217166311788
6.1792358471694335,0.00428469088306866
6.179635927185437,0.004291179807395163
6.180036007201441,0.004297683988005121
6.180436087217443,0.004304203473810426
6.180836167233447,0.004310738313922059
6.1812362472494495,0.004317288557651002
6.181636327265453,0.004323854254509282
6.182036407281457,0.004330435454210924
6.182436487297459,0.004337032206672949
6.182836567313463,0.00434364456201647
6.1832366473294655,0.004350272570567555
6.183636727345469,0.004356916282858389
6.184036807361473,0.004363575749628192
6.184436887377475,0.0043702510218242875
6.184836967393479,0.004376942150603176
6.1852370474094815,0.004383649187331499
6.185637127425485,0.004390372183587177
6.186037207441489,0.00439711119116038
6.186437287457491,0.004403866262054613
6.186837367473495,0.004410637448487842
6.1872374474894976,0.004417424802893454
6.187637527505501,0.0044242283779214785
6.188037607521505,0.004431048226439531
6.188437687537507,0.004437884401533972
6.188837767553511,0.004444736956511047
6.189237847569514,0.004451605944897889
6.189637927585517,0.004458491420443744
6.190038007601521,0.004465393437120989
6.190438087617523,0.0044723120491263
6.190838167633527,0.00447924731088182
6.19123824764953,0.004486199277036205
6.191638327665533,0.004493168002465893
6.192038407681537,0.00450015354227612
6.192438487697539,0.0045071559518021585
6.192838567713543,0.004514175286610507
6.193238647729546,0.004521211602499963
6.193638727745549,0.0045282649555029334
6.194038807761553,0.0045353354018864925
6.194438887777555,0.004542422998153631
6.194838967793559,0.004549527801044508
6.195239047809562,0.004556649867537556
6.195639127825565,0.004563789254850795
6.196039207841569,0.004570946020442974
6.196439287857571,0.004578120222014828
6.196839367873575,0.004585311917510362
6.197239447889578,0.004592521165118007
6.197639527905581,0.004599748023271978
6.198039607921585,0.004606992550653409
6.198439687937587,0.004614254806191723
6.198839767953591,0.004621534849065877
6.199239847969594,0.004628832738705599
6.199639927985597,0.004636148534792776
6.200040008001601,0.004643482297262633
6.200440088017603,0.004650834086305107
6.200840168033607,0.0046582039623662
6.20124024804961,0.004665591986149178
6.201640328065613,0.004672998218616052
6.202040408081617,0.004680422720988774
6.202440488097619,0.004687865554750663
6.202840568113623,0.004695326781647775
6.203240648129626,0.0047028064636901856
6.203640728145629,0.004710304663153461
6.204040808161633,0.004717821442579947
6.204440888177635,0.004725356864780178
6.204840968193639,0.004732910992834347
6.205241048209642,0.004740483890093589
6.205641128225645,0.004748075620181521
6.206041208241649,0.0047556862469955484
6.206441288257651,0.004763315834708343
6.206841368273655,0.004770964447769343
6.207241448289658,0.004778632150906078
6.207641528305661,0.004786319009125752
6.208041608321665,0.00479402508771661
6.208441688337667,0.004801750452249434
6.208841768353671,0.004809495168579131
6.209241848369674,0.00481725930284603
6.209641928385677,0.0048250429214776
6.210042008401681,0.004832846091189791
6.210442088417683,0.004840668878988626
6.210842168433687,0.004848511352171778
6.21124224844969,0.004856373578329994
6.211642328465693,0.004864255625348774
6.212042408481697,0.0048721575614098294
6.212442488497699,0.004880079454992676
6.212842568513703,0.004888021374876286
6.213242648529706,0.004895983390140546
6.213642728545709,0.00490396557016801
6.214042808561713,0.004911967984645356
6.214442888577715,0.0049199907035650916
6.214842968593719,0.004928033797227202
6.215243048609722,0.004936097336240697
6.215643128625725,0.004944181391525385
6.216043208641729,0.004952286034313401
6.216443288657731,0.004960411336150959
6.216843368673735,0.004968557368900047
6.217243448689738,0.0049767242047400375
6.217643528705741,0.004984911916169497
6.218043608721745,0.004993120576007775
6.218443688737747,0.005001350257396809
6.218843768753751,0.005009601033802894
6.219243848769754,0.005017872979018297
6.219643928785757,0.005026166167163169
6.220044008801761,0.00503448067268718
6.2204440888177635,0.005042816570371351
6.220844168833767,0.005051173935329917
6.22124424884977,0.005059552843011965
6.221644328865773,0.005067953369203419
6.222044408881777,0.005076375590028747
6.2224444888977795,0.0050848195819528175
6.222844568913783,0.005093285421782826
6.223244648929786,0.005101773186670033
6.223644728945789,0.0051102829541117495
6.224044808961793,0.005118814801953136
6.2244448889777955,0.005127368808389116
6.224844968993799,0.005135945051966365
6.225245049009802,0.005144543611585082
6.225645129025805,0.005153164566501068
6.226045209041809,0.00516180799632758
6.2264452890578115,0.005170473981037293
6.226845369073815,0.005179162600964356
6.227245449089818,0.005187873936806225
6.227645529105821,0.005196608069625833
6.228045609121825,0.005205365080853461
6.2284456891378275,0.005214145052288782
6.228845769153831,0.005222948066102993
6.229245849169834,0.005231774204840718
6.229645929185837,0.0052406235514222185
6.230046009201841,0.005249496189145322
6.2304460892178435,0.005258392201687595
6.230846169233847,0.005267311673108477
6.23124624924985,0.005276254687851273
6.231646329265853,0.005285221330745429
6.232046409281857,0.005294211687008551
6.2324464892978595,0.005303225842248609
6.232846569313863,0.0053122638824661785
6.233246649329866,0.005321325894056465
6.233646729345869,0.005330411963811691
6.234046809361873,0.005339522178923146
6.2344468893778755,0.005348656626983495
6.234846969393879,0.005357815395989063
6.235247049409882,0.005366998574341965
6.235647129425885,0.00537620625085254
6.236047209441888,0.005385438514741457
6.2364472894578915,0.005394695455642222
6.236847369473895,0.005403977163603296
6.237247449489898,0.005413283729090541
6.237647529505901,0.005422615242989602
6.238047609521904,0.005431971796608139
6.2384476895379075,0.005441353481678365
6.238847769553911,0.005450760390359302
6.239247849569914,0.005460192615239247
6.239647929585917,0.00546965024933827
6.24004800960192,0.005479133386110511
6.2404480896179235,0.0054886421194468
6.240848169633927,0.005498176543677001
6.24124824964993,0.005507736753572552
6.241648329665933,0.005517322844349053
6.242048409681936,0.00552693491166863
6.2424484896979395,0.0055365730516426515
6.242848569713943,0.005546237360834151
6.243248649729946,0.00555592793626046
6.243648729745949,0.005565644875395867
6.244048809761952,0.0055753882761740816
6.2444488897779555,0.005585158236991028
6.244848969793959,0.005594954856707361
6.245249049809962,0.005604778234651177
6.245649129825965,0.005614628470620772
6.246049209841968,0.005624505664887197
6.2464492898579715,0.005634409918197131
6.246849369873975,0.005644341331775495
6.247249449889978,0.005654300007328248
6.247649529905981,0.005664286047045239
6.248049609921984,0.005674299553602867
6.2484496899379876,0.005684340630167029
6.248849769953991,0.005694409380395849
6.249249849969994,0.005704505908442537
6.249649929985997,0.005714630318958386
6.250050010002,0.005724782717095467
6.250450090018004,0.00573496320850973
6.250850170034007,0.005745171899363788
6.25125025005001,0.005755408896329923
6.251650330066013,0.005765674306593128
6.252050410082016,0.005775968237853937
6.25245049009802,0.005786290798331626
6.252850570114023,0.005796642096767079
6.253250650130026,0.005807022242425917
6.253650730146029,0.005817431345101632
6.254050810162032,0.005827869515118535
6.254450890178036,0.005838336863335028
6.254850970194039,0.005848833501146633
6.255251050210042,0.005859359540489172
6.255651130226045,0.0058699150938420425
6.256051210242048,0.005880500274231261
6.256451290258052,0.005891115195232848
6.256851370274055,0.005901759970975962
6.257251450290058,0.005912434716146198
6.257651530306061,0.0059231395459889685
6.258051610322064,0.005933874576312669
6.258451690338068,0.005944639923492183
6.258851770354071,0.005955435704472092
6.259251850370074,0.0059662620367701286
6.259651930386077,0.005977119038480688
6.26005201040208,0.005988006828278045
6.260452090418084,0.005998925525420036
6.260852170434087,0.0060098752497513815
6.26125225045009,0.006020856121707245
6.261652330466093,0.00603186826231685
6.262052410482096,0.006042911793206854
6.2624524904981,0.006053986836605152
6.262852570514103,0.006065093515344291
6.263252650530106,0.00607623195286518
6.263652730546109,0.006087402273220815
6.264052810562112,0.006098604601079837
6.264452890578116,0.0061098390617303705
6.264852970594119,0.006121105781083629
6.265253050610122,0.006132404885677759
6.265653130626125,0.006143736502681678
6.266053210642128,0.0061551007598987465
6.266453290658132,0.006166497785770785
6.266853370674135,0.006177927709381802
6.267253450690138,0.006189390660461924
6.267653530706141,0.006200886769391445
6.268053610722144,0.006212416167204585
6.268453690738148,0.006223978985593673
6.268853770754151,0.00623557535691299
6.269253850770154,0.006247205414182881
6.269653930786157,0.006258869291093911
6.27005401080216,0.006270567122010779
6.270454090818164,0.006282299041976648
6.270854170834167,0.006294065186717118
6.27125425085017,0.006305865692644535
6.271654330866173,0.006317700696862239
6.272054410882176,0.006329570337168637
6.27245449089818,0.0063414747520617355
6.272854570914183,0.006353414080743219
6.273254650930186,0.006365388463122888
6.273654730946189,0.006377398039823129
6.274054810962192,0.0063894429521831305
6.274454890978196,0.006401523342263503
6.274854970994199,0.006413639352850595
6.275255051010202,0.006425791127461094
6.275655131026205,0.006437978810346583
6.276055211042208,0.006450202546497975
6.276455291058212,0.006462462481650311
6.276855371074215,0.006474758762287213
6.277255451090218,0.006487091535645633
6.277655531106221,0.006499460949720631
6.278055611122224,0.006511867153269949
6.278455691138228,0.006524310295818972
6.278855771154231,0.006536790527665379
6.279255851170234,0.006549307999884031
6.279655931186237,0.006561862864331988
6.28005601120224,0.0065744552736531695
6.280456091218244,0.006587085381283595
6.280856171234247,0.006599753341456113
6.28125625125025,0.006612459309205586
6.2816563312662534,0.006625203440373961
6.282056411282256,0.006637985891615241
6.28245649129826,0.006650806820400803
6.282856571314263,0.006663666385024419
6.283256651330266,0.006676564744607512
6.2836567313462695,0.00668950205910456
6.284056811362272,0.0067024784893081205
6.284456891378276,0.006715494196854445
6.284856971394279,0.006728549344228634
6.285257051410282,0.006741644094770154
6.2856571314262855,0.006754778612678347
6.286057211442288,0.006767953063017766
6.286457291458292,0.0067811676117239175
6.286857371474295,0.006794422425608643
6.287257451490298,0.006807717672365841
6.2876575315063015,0.0068210535205772025
6.288057611522304,0.006834430139717738
6.288457691538308,0.006847847700161719
6.288857771554311,0.006861306373188325
6.289257851570314,0.006874806330987517
6.2896579315863175,0.006888347746666053
6.29005801160232,0.006901930794253158
6.290458091618324,0.006915555648706798
6.290858171634327,0.006929222485919426
6.29125825165033,0.006942931482724182
6.2916583316663335,0.006956682816901068
6.292058411682336,0.0069704766671829085
6.29245849169834,0.006984313213261778
6.292858571714343,0.006998192635795071
6.293258651730346,0.007012115116411856
6.2936587317463495,0.007026080837719351
6.294058811762352,0.007040089983309072
6.294458891778356,0.0070541427377635545
6.294858971794359,0.007068239286662628
6.295259051810362,0.007082379816590034
6.2956591318263655,0.007096564515140132
6.296059211842368,0.007110793570924336
6.296459291858372,0.007125067173578053
6.296859371874375,0.0071393855137672135
6.297259451890378,0.00715374878319518
6.2976595319063815,0.0071681571746096805
6.298059611922384,0.007182610881809516
6.298459691938388,0.007197110099651773
6.298859771954391,0.007211655024058608
6.299259851970394,0.007226245852024428
6.2996599319863975,0.007240882781623109
6.3000600120024,0.007255566012014949
6.300460092018404,0.007270295743454198
6.300860172034407,0.007285072177296076
6.30126025205041,0.007299895516004276
6.3016603320664135,0.007314765963158427
6.302060412082416,0.007329683723461379
6.30246049209842,0.007344649002746976
6.302860572114423,0.007359662007987397
6.303260652130426,0.007374722947300941
6.3036607321464295,0.007389832029959801
6.304060812162432,0.007404989466397632
6.304460892178436,0.007420195468217611
6.304860972194438,0.0074354502482001095
6.305261052210442,0.0074507540203108905
6.3056611322264455,0.007466106999708892
6.306061212242448,0.0074815094027544295
6.306461292258452,0.007496961447017422
6.306861372274454,0.007512463351285405
6.307261452290458,0.007528015335572039
6.3076615323064615,0.007543617621125249
6.308061612322464,0.007559270430435723
6.308461692338468,0.007574973987245504
6.30886177235447,0.007590728516556289
6.309261852370474,0.0076065342446383355
6.3096619323864775,0.007622391399038876
6.31006201240248,0.007638300208591023
6.310462092418484,0.007654260903422673
6.310862172434486,0.007670273714965154
6.31126225245049,0.007686338875962495
6.3116623324664936,0.007702456620480219
6.312062412482496,0.007718627183914554
6.3124624924985,0.00773485080300174
6.3128625725145024,0.007751127715827045
6.313262652530506,0.007767458161834387
6.31366273254651,0.007783842381835511
6.314062812562512,0.007800280618019575
6.314462892578516,0.007816773113962843
6.3148629725945185,0.007833320114638068
6.315263052610522,0.007849921866424523
6.315663132626526,0.007866578617117566
6.316063212642528,0.007883290615938603
6.316463292658532,0.007900058113545196
6.3168633726745345,0.007916881362040858
6.317263452690538,0.007933760614985474
6.317663532706542,0.007950696127405258
6.318063612722544,0.007967688155803182
6.318463692738548,0.00798473695816947
6.3188637727545505,0.008001842793991807
6.319263852770554,0.008019005924266206
6.319663932786558,0.00803622661150739
6.32006401280256,0.00805350511975964
6.320464092818564,0.008070841714607762
6.3208641728345665,0.008088236663187693
6.32126425285057,0.008105690234197863
6.321664332866574,0.008123202697909978
6.322064412882576,0.008140774326180392
6.32246449289858,0.008158405392461432
6.3228645729145825,0.008176096171812591
6.323264652930586,0.008193846940912256
6.32366473294659,0.008211657978069034
6.324064812962592,0.008229529563233539
6.324464892978596,0.008247461978010268
6.3248649729945985,0.008265455505669216
6.325265053010602,0.00828351043115816
6.325665133026606,0.008301627041114423
6.326065213042608,0.008319805623877194
6.326465293058612,0.008338046469499922
6.3268653730746145,0.008356349869762407
6.327265453090618,0.008374716118183615
6.327665533106622,0.008393145510033988
6.328065613122624,0.008411638342348246
6.328465693138628,0.008430194913938375
6.3288657731546305,0.008448815525406172
6.329265853170634,0.008467500479156665
6.329665933186638,0.008486250079410958
6.33006601320264,0.008505064632219604
6.330466093218644,0.008523944445476045
6.3308661732346465,0.00854288982892991
6.33126625325065,0.008561901094200821
6.331666333266654,0.008580978554791925
6.332066413282656,0.0086001225261038
6.33246649329866,0.008619333325448494
6.3328665733146625,0.008638611272063423
6.333266653330666,0.00865795668712578
6.33366673334667,0.008677369893766627
6.334066813362672,0.008696851217085461
6.334466893378676,0.008716400984164875
6.3348669733946785,0.008736019524084994
6.335267053410682,0.008755707167938647
6.335667133426686,0.008775464248845958
6.336067213442688,0.008795291101969667
6.336467293458692,0.008815188064530362
6.3368673734746945,0.008835155475821586
6.337267453490698,0.008855193677225698
6.337667533506702,0.008875303012229128
6.338067613522704,0.008895483826438306
6.338467693538708,0.008915736467595652
6.3388677735547105,0.008936061285595407
6.339267853570714,0.0089564586325
6.339667933586718,0.008976928862556247
6.34006801360272,0.008997472332211808
6.340468093618724,0.009018089400132009
6.3408681736347265,0.009038780427216283
6.34126825365073,0.00905954577661542
6.341668333666734,0.009080385813748346
6.342068413682736,0.009101300906319417
6.34246849369874,0.00912229142433598
6.3428685737147426,0.009143357740125587
6.343268653730746,0.009164500228353958
6.34366873374675,0.009185719266042608
6.344068813762752,0.009207015232586886
6.344468893778756,0.009228388509774374
6.344868973794759,0.009249839481802784
6.345269053810762,0.00927136853529892
6.345669133826766,0.009292976059336936
6.346069213842768,0.009314662445457303
6.346469293858772,0.009336428087686031
6.346869373874775,0.009358273382553451
6.347269453890778,0.009380198729113854
6.347669533906782,0.009402204528964874
6.348069613922784,0.009424291186267131
6.348469693938788,0.009446459107764383
6.348869773954791,0.009468708702803192
6.349269853970794,0.009491040383353553
6.349669933986798,0.009513454564028998
6.3500700140028,0.009535951662107352
6.350470094018804,0.009558532097551689
6.350870174034807,0.00958119629303095
6.35127025405081,0.009603944673941572
6.351670334066814,0.009626777668428512
6.352070414082816,0.009649695707406952
6.35247049409882,0.00967269922458426
6.352870574114823,0.0096957886564816
6.353270654130826,0.009718964442456556
6.35367073414683,0.009742227024725103
6.354070814162832,0.009765576848384442
6.354470894178836,0.009789014361435894
6.354870974194839,0.009812540014807603
6.355271054210842,0.00983615426237821
6.355671134226846,0.009859857560999864
6.356071214242848,0.009883650370522128
6.356471294258852,0.009907533153815994
6.356871374274855,0.009931506376797678
6.357271454290858,0.009955570508453354
6.357671534306862,0.009979726020863328
6.358071614322864,0.010003973389227119
6.358471694338868,0.010028313091888534
6.358871774354871,0.010052745610360672
6.359271854370874,0.01007727142935178
6.359671934386878,0.01010189103679075
6.36007201440288,0.010126604923853194
6.360472094418884,0.010151413584987907
6.360872174434887,0.010176317517942936
6.36127225445089,0.010201317223792875
6.361672334466894,0.010226413206965362
6.362072414482896,0.010251605975268639
6.3624724944989,0.010276896039919157
6.362872574514903,0.010302283915569017
6.363272654530906,0.010327770120334489
6.36367273454691,0.010353355175823926
6.364072814562912,0.010379039607166572
6.364472894578916,0.010404823943041541
6.364872974594919,0.010430708715706682
6.365273054610922,0.010456694461028395
6.365673134626926,0.010482781718510959
6.366073214642928,0.010508971031326805
6.366473294658932,0.010535262946346869
6.366873374674935,0.010561658014170886
6.367273454690938,0.010588156789158705
6.367673534706942,0.010614759829461105
6.368073614722944,0.010641467697051465
6.368473694738948,0.010668280957757756
6.368873774754951,0.010695200181294238
6.369273854770954,0.010722225941294409
6.369673934786958,0.010749358815343323
6.37007401480296,0.010776599385010847
6.370474094818964,0.010803948235885272
6.370874174834967,0.010831405957606592
6.37127425485097,0.01085897314390112
6.371674334866974,0.01088665039261541
6.372074414882976,0.01091443830575119
6.37247449489898,0.010942337489500705
6.372874574914983,0.010970348554281677
6.373274654930986,0.010998472114773603
6.37367473494699,0.011026708789953477
6.374074814962992,0.011055059203132487
6.374474894978996,0.011083523981993108
6.374874974994999,0.011112103758625874
6.375275055011002,0.01114079916956753
6.375675135027006,0.011169610855838605
6.3760752150430084,0.011198539462981922
6.376475295059012,0.011227585641101635
6.376875375075015,0.011256750044901932
6.377275455091018,0.011286033333727019
6.377675535107022,0.011315436171600773
6.3780756151230245,0.011344959227267148
6.378475695139028,0.011374603174231262
6.378875775155031,0.011404368690800063
6.379275855171034,0.011434256460124482
6.379675935187038,0.011464267170240997
6.3800760152030405,0.011494401514114292
6.380476095219044,0.011524660189680378
6.380876175235047,0.011555043899889397
6.38127625525105,0.01158555335275
6.381676335267054,0.011616189261373097
6.3820764152830565,0.01164695234401672
6.38247649529906,0.011677843324131378
6.382876575315063,0.011708862930405198
6.383276655331066,0.011740011896810558
6.38367673534707,0.011771290962650172
6.3840768153630725,0.011802700872604328
6.384476895379076,0.011834242376778617
6.384876975395079,0.011865916230751518
6.385277055411082,0.011897723195623414
6.385677135427086,0.01192966403806524
6.3860772154430885,0.011961739530368106
6.386477295459092,0.011993950450493692
6.386877375475095,0.012026297582124276
6.387277455491098,0.012058781714714459
6.387677535507102,0.012091403643542276
6.3880776155231045,0.012124164169761694
6.388477695539108,0.01215706410045551
6.388877775555111,0.012190104248688178
6.389277855571114,0.012223285433560311
6.389677935587118,0.012256608480262507
6.3900780156031205,0.012290074220130724
6.390478095619124,0.012323683490702052
6.390878175635127,0.012357437135770375
6.39127825565113,0.012391336005443792
6.391678335667134,0.012425380956201541
6.3920784156831365,0.012459572850952172
6.39247849569914,0.01249391255909247
6.392878575715143,0.012528400956566208
6.393278655731146,0.01256303892592464
6.39367873574715,0.012597827356386536
6.3940788157631525,0.012632767143899604
6.394478895779156,0.012667859191202651
6.394878975795159,0.012703104407887513
6.395279055811162,0.012738503710462958
6.395679135827166,0.012774058022417996
6.3960792158431685,0.012809768274286768
6.396479295859172,0.012845635403714046
6.396879375875175,0.012881660355520703
6.397279455891178,0.012917844081771112
6.397679535907182,0.01295418754184005
6.3980796159231845,0.012990691702481098
6.398479695939188,0.01302735753789595
6.398879775955191,0.013064186029803448
6.399279855971194,0.013101178167510814
6.399679935987198,0.013138334947984227
6.4000800160032005,0.013175657375921274
6.400480096019204,0.013213146463823903
6.400880176035207,0.013250803232071564
6.40128025605121,0.013288628708996381
6.401680336067214,0.013326623930957777
6.4020804160832165,0.013364789942418978
6.40248049609922,0.013403127796024145
6.402880576115223,0.013441638552675744
6.403280656131226,0.013480323281613868
6.40368073614723,0.013519183060495293
6.4040808161632325,0.013558218975474209
6.404480896179236,0.013597432121283906
6.404880976195239,0.013636823601318505
6.405281056211242,0.013676394527716858
6.405681136227246,0.01371614602144621
6.4060812162432486,0.01375607921238754
6.406481296259252,0.013796195239422007
6.406881376275255,0.01383649525051735
6.407281456291258,0.013876980402816782
6.407681536307262,0.013917651862727393
6.408081616323265,0.01395851080601055
6.408481696339268,0.013999558417873294
6.408881776355271,0.014040795893059928
6.409281856371274,0.014082224435945975
6.409681936387278,0.014123845260631835
6.410082016403281,0.014165659591038491
6.410482096419284,0.014207668661004313
6.410882176435287,0.01424987371438196
6.41128225645129,0.01429227600513795
6.411682336467294,0.014334876797451889
6.412082416483297,0.0143776773658178
6.4124824964993,0.014420678995146636
6.412882576515303,0.014463882980869053
6.413282656531306,0.014507290629040825
6.41368273654731,0.014550903256448023
6.414082816563313,0.014594722190714378
6.414482896579316,0.014638748770409995
6.414882976595319,0.014682984345160263
6.415283056611322,0.014727430275757548
6.415683136627326,0.014772087934272801
6.416083216643329,0.014816958704169353
6.416483296659332,0.014862043980418137
6.416883376675335,0.014907345169613334
6.417283456691338,0.0149528636900907
6.417683536707342,0.014998600972046014
6.418083616723345,0.015044558457655823
6.418483696739348,0.015090737601199663
6.418883776755351,0.015137139869182697
6.419283856771354,0.015183766740461443
6.419683936787358,0.01523061970636933
6.420084016803361,0.015277700270844956
6.420484096819364,0.015325009950561758
6.420884176835367,0.015372550275058272
6.42128425685137,0.015420322786871561
6.421684336867374,0.015468329041670604
6.422084416883377,0.01551657060839243
6.42248449689938,0.015565049069379925
6.422884576915383,0.015613766020520099
6.423284656931386,0.01566272307138588
6.42368473694739,0.015711921845377858
6.424084816963393,0.015761363979868857
6.424484896979396,0.01581105112635038
6.424884976995399,0.01586098495057971
6.425285057011402,0.015911167132730393
6.425685137027405,0.015961599367542927
6.426085217043409,0.016012283364479036
6.426485297059412,0.016063220847876203
6.426885377075415,0.01611441355710517
6.427285457091418,0.016165863246729535
6.427685537107421,0.01621757168666605
6.428085617123425,0.016269540662348737
6.428485697139428,0.016321771974893255
6.428885777155431,0.01637426744126457
6.429285857171434,0.016427028894446617
6.429685937187437,0.01648005818361307
6.430086017203441,0.01653335717430183
6.430486097219444,0.016586927748590146
6.430886177235447,0.016640771805273003
6.43128625725145,0.016694891260043768
6.431686337267453,0.01674928804567608
6.432086417283457,0.016803964112209566
6.43248649729946,0.016858921427136492
6.432886577315463,0.016914161975591608
6.433286657331466,0.01696968776054477
6.433686737347469,0.017025500802994545
6.434086817363473,0.017081603142166238
6.434486897379476,0.017137996835710732
6.434886977395479,0.017194683959906833
6.435287057411482,0.0172516666098666
6.435687137427485,0.017308946899741707
6.436087217443489,0.01736652696293463
6.436487297459492,0.01742440895231061
6.436887377475495,0.01748259504041349
6.437287457491498,0.017541087419684635
6.437687537507501,0.01759988830268317
6.438087617523505,0.017658999922311173
6.438487697539508,0.017718424532039843
6.438887777555511,0.0177781644061399
6.4392878575715145,0.017838221839915097
6.439687937587517,0.017898599149937387
6.440088017603521,0.01795929867428724
6.440488097619524,0.01802032277279514
6.440888177635527,0.01808167382728762
6.4412882576515305,0.018143354241836558
6.441688337667533,0.018205366443010337
6.442088417683537,0.018267712880130592
6.44248849769954,0.018330396025530195
6.442888577715543,0.018393418374816038
6.4432886577315465,0.018456782447135497
6.443688737747549,0.018520490785444807
6.444088817763553,0.018584545956783573
6.444488897779556,0.018648950552550343
6.444888977795559,0.018713707188783735
6.4452890578115625,0.018778818506447238
6.445689137827565,0.018844287171716375
6.446089217843569,0.018910115876271994
6.446489297859572,0.018976307337595352
6.446889377875575,0.01904286429926872
6.4472894578915785,0.019109789531280067
6.447689537907581,0.019177085830330377
6.448089617923585,0.019244756020147566
6.448489697939588,0.019312802951802387
6.448889777955591,0.019381229504030085
6.4492898579715945,0.01945003858355664
6.449689937987597,0.019519233125428068
6.450090018003601,0.019588816093346274
6.450490098019604,0.019658790480007536
6.450890178035607,0.01972915930744721
6.4512902580516105,0.019799925627389164
6.451690338067613,0.019871092521598552
6.452090418083617,0.019942663102241825
6.45249049809962,0.020014640512249608
6.452890578115623,0.020087027925686115
6.4532906581316265,0.020159828548123697
6.453690738147629,0.020233045617021286
6.454090818163633,0.020306682402110473
6.454490898179636,0.020380742205784612
6.454890978195639,0.02045522836349516
6.4552910582116425,0.020530144244153486
6.455691138227645,0.020605493250537153
6.456091218243649,0.020681278819703896
6.456491298259652,0.02075750442340965
6.456891378275655,0.020834173568533683
6.4572914582916585,0.020911289797510394
6.457691538307661,0.020988856688765056
6.458091618323665,0.021066877857158984
6.458491698339668,0.021145356954438123
6.458891778355671,0.021224297669690063
6.4592918583716745,0.021303703729807704
6.459691938387677,0.02138357889995783
6.460092018403681,0.02146392698405927
6.460492098419684,0.02154475182526527
6.460892178435687,0.02162605730645479
6.4612922584516905,0.021707847350731002
6.461692338467693,0.021790125921925377
6.462092418483697,0.021872897025111693
6.4624924984997,0.021956164707125254
6.462892578515703,0.022039933057091336
6.4632926585317065,0.022124206206961594
6.463692738547709,0.02220898833205657
6.464092818563713,0.02229428365161911
6.464492898579716,0.0223800964293732
6.464892978595719,0.02246643097409304
6.4652930586117225,0.022553291640180686
6.465693138627725,0.022640682828250377
6.466093218643729,0.02272860898572473
6.466493298659732,0.02281707460743684
6.466893378675735,0.022906084236243487
6.4672934586917386,0.02299564246364769
6.467693538707741,0.023085753930428735
6.468093618723745,0.023176423327284673
6.468493698739748,0.0232676553954818
6.468893778755751,0.023359454927515833
6.469293858771755,0.023451826767783544
6.469693938787757,0.023544775813262354
6.470094018803761,0.023638307014203587
6.470494098819764,0.02373242537483347
6.470894178835767,0.023827135954066707
6.471294258851771,0.02392244386623151
6.471694338867773,0.024018354281803444
6.472094418883777,0.02411487242815398
6.47249449889978,0.02421200359030774
6.472894578915783,0.02430975311171325
6.473294658931787,0.024408126395026302
6.473694738947789,0.024507128902903057
6.474094818963793,0.024606766158809055
6.474494898979796,0.024707043747837627
6.474894978995799,0.024807967317543644
6.475295059011803,0.02490954257879012
6.475695139027805,0.025011775306606386
6.476095219043809,0.02511467134106296
6.476495299059812,0.025218236588157368
6.476895379075815,0.025322477020715987
6.477295459091819,0.025427398679310556
6.477695539107821,0.02553300767318716
6.478095619123825,0.025639310181213477
6.478495699139828,0.025746312452837893
6.478895779155831,0.025854020809066437
6.479295859171835,0.025962441643455594
6.479695939187837,0.026071581423118856
6.480096019203841,0.02618144668975311
6.480496099219844,0.026292044060678452
6.480896179235847,0.0264033802298971
6.481296259251851,0.026515461969169905
6.481696339267853,0.02662829612910791
6.482096419283857,0.02674188964028586
6.48249649929986,0.02685624951436999
6.482896579315863,0.02697138284526728
6.483296659331867,0.027087296810293572
6.483696739347869,0.027203998671358805
6.484096819363873,0.027321495776175448
6.484496899379876,0.027439795559483695
6.484896979395879,0.02755890554429937
6.485297059411883,0.027678833343183062
6.485697139427885,0.027799586659527725
6.486097219443889,0.02792117328887218
6.4864972994598915,0.028043601120232412
6.486897379475895,0.028166878137459772
6.487297459491899,0.02829101242061799
6.487697539507901,0.028416012147386784
6.488097619523905,0.02854188559448887
6.4884976995399075,0.028668641139138966
6.488897779555911,0.02879628726052178
6.489297859571915,0.02892483254129096
6.489697939587917,0.029054285669096958
6.490098019603921,0.029184655438141114
6.4904980996199235,0.029315950750753737
6.490898179635927,0.029448180619004047
6.491298259651931,0.02958135416633354
6.491698339667933,0.029715480629220966
6.492098419683937,0.02985056935887623
6.4924984996999395,0.029986629822961082
6.492898579715943,0.03012367160734447
6.493298659731947,0.03026170441788422
6.493698739747949,0.030400738082243365
6.494098819763953,0.030540782551738366
6.4944988997799555,0.030681847903217215
6.494898979795959,0.03082394434097534
6.495299059811963,0.030967082198701305
6.495699139827965,0.031111271941460038
6.496099219843969,0.03125652416771185
6.4964992998599715,0.031402849611364345
6.496899379875975,0.031550259143866104
6.497299459891979,0.03169876377633332
6.497699539907981,0.03184837466171817
6.498099619923985,0.03199910309701638
6.4984996999399876,0.03215096052551169
6.498899779955991,0.03230395853906627
6.499299859971995,0.03245810888044772
6.499699939987997,0.03261342344570242
6.500100020004001,0.032769914286571895
6.500500100020004,0.03292759361295097
6.500900180036007,0.03308647379539565
6.501300260052011,0.0332465673676728
6.501700340068013,0.033407887029360345
6.502100420084017,0.03357044564849566
6.50250050010002,0.03373425626427015
6.502900580116023,0.033899332089779285
6.503300660132027,0.034065686514818595
6.503700740148029,0.03423333310873625
6.504100820164033,0.03440228562333895
6.504500900180036,0.034572557995849185
6.504900980196039,0.034744164351924
6.505301060212043,0.03491711900872535
6.505701140228045,0.035091436478052726
6.506101220244049,0.03526713146953549
6.506501300260052,0.03544421889388236
6.506901380276055,0.03562271386619915
6.507301460292059,0.03580263170936419
6.507701540308061,0.03598398795747305
6.508101620324065,0.03616679835934942
6.508501700340068,0.03635107888212025
6.508901780356071,0.036536845714866636
6.509301860372075,0.036724115272338945
6.509701940388077,0.036912904198749194
6.510102020404081,0.03710322937163773
6.510502100420084,0.03729510790581118
6.510902180436087,0.03748855715736425
6.511302260452091,0.037683594727775105
6.511702340468093,0.03788023846808527
6.512102420484097,0.038078506483162945
6.5125025005001,0.03827841713604655
6.512902580516103,0.03847998905238156
6.513302660532107,0.03868324112493923
6.513702740548109,0.038888192518230766
6.514102820564113,0.039094862673213535
6.514502900580116,0.039303271312088495
6.514902980596119,0.039513438443200745
6.515303060612123,0.03972538436603252
6.515703140628125,0.03993912967630268
6.516103220644129,0.0401546952711697
6.516503300660132,0.040372102354536345
6.516903380676135,0.04059137244247021
6.517303460692139,0.04081252736872807
6.517703540708141,0.041035589290399306
6.518103620724145,0.041260580693665484
6.518503700740148,0.04148752439967429
6.518903780756151,0.04171644357054322
6.519303860772155,0.04194736171548008
6.519703940788157,0.04218030269703698
6.520104020804161,0.04241529073749474
6.520504100820164,0.042652350425376455
6.520904180836167,0.042891506722105704
6.521304260852171,0.04313278496879753
6.521704340868173,0.04337621089319838
6.522104420884177,0.043621810616773365
6.52250450090018,0.04386961066193876
6.522904580916183,0.044119637959457246
6.523304660932187,0.0443719198559828
6.523704740948189,0.04462648412177336
6.524104820964193,0.044883358958569194
6.524504900980196,0.045142573007635446
6.524904980996199,0.0454041553579877
6.525305061012203,0.04566813555478685
6.525705141028205,0.045934543607922707
6.526105221044209,0.04620341000078459
6.526505301060212,0.046474765699218164
6.526905381076215,0.04674864216068755
6.527305461092219,0.047025071343629925
6.527705541108221,0.047304085717022305
6.528105621124225,0.04758571827016069
6.528505701140228,0.04787000252264915
6.528905781156231,0.048156972534620875
6.529305861172235,0.04844666291717779
6.529705941188237,0.04873910884306972
6.530106021204241,0.04903434605761374
6.530506101220244,0.049332410889851984
6.530906181236247,0.04963334026397165
6.531306261252251,0.04993717171097265
6.5317063412682534,0.05024394338060765
6.532106421284257,0.05055369405359275
6.53250650130026,0.05086646315409064
6.532906581316263,0.051182290762489376
6.533306661332267,0.05150121762846396
6.5337067413482695,0.05182328518434568
6.534106821364273,0.052148535558799544
6.534506901380276,0.052477011590811355
6.534906981396279,0.05280875684401037
6.535307061412283,0.05314381562131377
6.5357071414282855,0.0534822329799208
6.536107221444289,0.05382405474665753
6.536507301460292,0.054169327533674254
6.536907381476295,0.05451809875452408
6.537307461492299,0.05487041664060899
6.5377075415083015,0.05522633025802335
6.538107621524305,0.05558588952479718
6.538507701540308,0.05594914522854179
6.538907781556311,0.05631614904452914
6.539307861572315,0.05668695355419124
6.5397079415883175,0.05706161226407248
6.540108021604321,0.057440179625238015
6.540508101620324,0.057822711053142406
6.540908181636327,0.05820926294799223
6.541308261652331,0.0585998927155901
6.5417083416683335,0.05899465878869499
6.542108421684337,0.05939362064890436
6.54250850170034,0.05979683884906328
6.542908581716343,0.06020437503623707
6.543308661732347,0.06061629197523657
6.5437087417483495,0.06103265357273335
6.544108821764353,0.06145352490197219
6.544508901780356,0.06187897222808824
6.544908981796359,0.06230906303406877
6.545309061812363,0.06274386604734926
6.5457091418283655,0.06318345126708497
6.546109221844369,0.06362788999210818
6.546509301860372,0.06407725484957913
6.546909381876375,0.06453161982437597
6.547309461892379,0.06499106028921421
6.5477095419083815,0.06545565303554092
6.548109621924385,0.06592547630521635
6.548509701940388,0.0664006098229941
6.548909781956391,0.0668811348298491
6.549309861972395,0.06736713411714551
6.5497099419883975,0.06785869206169551
6.550110022004401,0.06835589466172315
6.550510102020404,0.06885882957374903
6.550910182036407,0.06936758615044908
6.551310262052411,0.06988225547948206
6.5517103420684135,0.07040293042334277
6.552110422084417,0.07092970566025779
6.55251050210042,0.07146267772614351
6.552910582116423,0.07200194505768588
6.553310662132427,0.07254760803653942
6.5537107421484295,0.0730997690347074
6.554110822164433,0.07365853246112582
6.554510902180436,0.07422400480947498
6.554910982196439,0.0747962947072837
6.555311062212443,0.07537551296632806
6.5557111422284455,0.07596177263439435
6.556111222244449,0.07655518904843196
6.556511302260452,0.07715587988912671
6.556911382276455,0.07776396523696717
6.557311462292459,0.07837956762980978
6.5577115423084615,0.07900281212201957
6.558111622324465,0.07963382634522122
6.558511702340468,0.08027274057069288
6.558911782356471,0.08091968777348758
6.559311862372475,0.0815748036982912
6.5597119423884775,0.08223822692710428
6.560112022404481,0.08291009894878808
6.560512102420484,0.08359056423051568
6.560912182436487,0.08427977029122297
6.561312262452491,0.08497786777707332
6.5617123424684936,0.0856850105390355
6.562112422484497,0.08640135571262267
6.5625125025005,0.0871270637998415
6.562912582516503,0.087862298753458
6.563312662532507,0.0886072280636009
6.56371274254851,0.08936202284681596
6.564112822564513,0.0901268579376248
6.564512902580516,0.09090191198265109
6.564912982596519,0.09168736753743197
6.565313062612523,0.09248341116594393
6.565713142628526,0.09329023354297014
6.566113222644529,0.09410802955937593
6.566513302660532,0.09493699843036382
6.566913382676535,0.09577734380684153
6.567313462692539,0.09662927388994451
6.567713542708542,0.09749300154885109
6.568113622724545,0.09836874444197445
6.568513702740548,0.09925672514161192
6.568913782756551,0.1001571712622037
6.569313862772555,0.10107031559225181
6.569713942788558,0.10199639623005899
6.570114022804561,0.10293565672338084
6.570514102820564,0.1038883462130884
6.570914182836567,0.10485471958101338
6.571314262852571,0.1058350376020364
6.571714342868574,0.10682956710059835
6.572114422884577,0.10783858111174509
6.57251450290058,0.1088623590468164
6.572914582916583,0.109901186863972
6.573314662932587,0.11095535724362916
6.57371474294859,0.11202516976901299
6.574114822964593,0.1131109311119439
6.574514902980596,0.11421295522399268
6.574914982996599,0.1153315635332151
6.575315063012603,0.1164670851465549
6.575715143028606,0.1176198570581381
6.576115223044609,0.11879022436360005
6.576515303060612,0.11997854048059005
6.576915383076615,0.12118516737568936
6.577315463092619,0.12241047579784216
6.577715543108622,0.12365484551854543
6.578115623124625,0.12491866557895176
6.578515703140628,0.12620233454404622
6.578915783156631,0.12750626076415233
6.579315863172635,0.12883086264387658
6.579715943188638,0.13017656891875337
6.580116023204641,0.13154381893975964
6.580516103220644,0.13293306296586424
6.580916183236647,0.13434476246488983
6.581316263252651,0.1357793904227881
6.581716343268654,0.1372374316616141
6.582116423284657,0.1387193831663616
6.58251650330066,0.14022575442083116
6.582916583316663,0.14175706775280758
6.583316663332667,0.14331385868864327
6.58371674334867,0.1448966763175266
6.584116823364673,0.14650608366558882
6.584516903380676,0.14814265807999955
6.584916983396679,0.1498069916233162
6.585317063412683,0.15149969147815265
6.585717143428686,0.15322138036241797
6.586117223444689,0.15497269695524465
6.586517303460692,0.15675429633370214
6.586917383476695,0.15856685042052512
6.587317463492699,0.16041104844284348
6.587717543508702,0.16228759740211013
6.588117623524705,0.16419722255525426
6.588517703540708,0.16614066790707016
6.588917783556711,0.16811869671396523
6.589317863572715,0.1701320919989319
6.589717943588718,0.17218165707781066
6.590118023604721,0.17426821609672108
6.590518103620724,0.17639261458049363
6.590918183636727,0.17855571999205255
6.591318263652731,0.18075842230238676
6.591718343668734,0.18300163457095478
6.592118423684737,0.18528629353613393
6.59251850370074,0.18761336021525493
6.592918583716743,0.1899838205138595
6.593318663732747,0.1923986858434553
6.59371874374875,0.19485899374722723
6.594118823764753,0.19736580853288882
6.594518903780756,0.1999202219117245
6.5949189837967594,0.20252335364295865
6.595319063812763,0.20517635218212904
6.595719143828766,0.20788039533231328
6.596119223844769,0.21063669089668638
6.596519303860772,0.21344647733070676
6.5969193838767755,0.21631102439223993
6.597319463892779,0.21923163378738522
6.597719543908782,0.22220963980986566
6.598119623924785,0.22524640997138046
6.598519703940788,0.22834334562002387
6.5989197839567915,0.23150188254381365
6.599319863972795,0.23472349155566907
6.599719943988798,0.2380096790561946
6.600120024004801,0.24136198756999905
6.600520104020804,0.2447819962508513
6.6009201840368075,0.24827132135077248
6.601320264052811,0.25183161664726833
6.601720344068814,0.2554645738227706
6.602120424084817,0.25917192278953116
6.60252050410082,0.26295543195256477
6.6029205841168235,0.2668169084028531
6.603320664132827,0.27075819803185247
6.60372074414883,0.2747811855580086
6.604120824164833,0.27888779445486617
6.604520904180836,0.2830799867694338
6.6049209841968395,0.28735976281882764
6.605321064212843,0.29172916075167193
6.605721144228846,0.296190255960141
6.606121224244849,0.30074516032701254
6.606521304260852,0.30539602129084575
6.6069213842768555,0.31014502071139194
6.607321464292859,0.3149943735153913
6.607721544308862,0.3199463261019412
6.608121624324865,0.3250031544846936
6.608521704340868,0.33016716214643965
6.6089217843568715,0.33544067758027296
6.609321864372875,0.3408260514890668
6.609721944388878,0.3463256536136963
6.610122024404881,0.35194186915804854
6.610522104420884,0.3576770947767756
6.6109221844368875,0.3635337340900622
6.611322264452891,0.36951419268682084
6.611722344468894,0.375620872576205
6.612122424484897,0.38185616604468214
6.6125225045009,0.3882224488736644
6.6129225845169035,0.39472207287099553
6.613322664532907,0.401357357666727
6.61372274454891,0.4081305817223478
6.614122824564913,0.4150439725002814
6.614522904580916,0.42209969573877215
6.6149229845969195,0.4292998437763842
6.615323064612923,0.43664642286840344
6.615723144628926,0.444141339437579
6.616123224644929,0.4517863852008724
6.616523304660932,0.4595832211142463
6.6169233846769355,0.4675333600791556
6.617323464692939,0.4756381483553609
6.617723544708942,0.4838987456284381
6.618123624724945,0.49231610368367235
6.618523704740948,0.5008909436431874
6.6189237847569515,0.5096237317304001
6.619323864772955,0.5185146535330821
6.619723944788958,0.5275635867473585
6.620124024804961,0.536770072396332
6.620524104820964,0.5461332845312452
6.6209241848369675,0.555651998440444
6.62132426485297,0.5653245574095613
6.621724344868974,0.5751488380997681
6.622124424884977,0.5851222146346804
6.62252450490098,0.5952415215160396
6.6229245849169835,0.6055030155190677
6.623324664932986,0.6159023367533101
6.62372474494899,0.6264344691138833
6.624124824964993,0.6370937003884243
6.624524904980996,0.6478735823310813
6.6249249849969996,0.6587668910618216
6.625325065013002,0.6697655881995633
6.625725145029006,0.680860783190767
6.626125225045009,0.6920426973474073
6.626525305061012,0.7033006301636339
6.626925385077016,0.7146229285331006
6.627325465093018,0.725996959540517
6.627725545109022,0.7374090875501991
6.628125625125025,0.748844656356288
6.628525705141028,0.7602879771970998
6.628925785157032,0.7717223234626432
6.629325865173034,0.7831299329406128
6.629725945189038,0.7944920184498523
6.630126025205041,0.8057887876957982
6.630526105221044,0.816999473152587
6.630926185237048,0.8281023727238778
6.63132626525305,0.8390749018604271
6.631726345269054,0.849893657715091
6.632126425285057,0.8605344957912158
6.63252650530106,0.870972619392434
6.632926585317064,0.8811826820061297
6.633326665333066,0.8911389025532331
6.63372674534907,0.9008151932155151
6.634126825365073,0.9101852993083537
6.634526905381076,0.9192229504106649
6.63492698539708,0.9279020216950706
6.635327065413082,0.9361967041295769
6.635727145429086,0.9440816819539577
6.636127225445089,0.9515323155754066
6.636527305461092,0.9585248277911305
6.636927385477096,0.965036491035265
6.637327465493098,0.9710458131750334
6.637727545509102,0.9765327192541448
6.638127625525105,0.9814787265056062
6.638527705541108,0.9858671099402896
6.638927785557112,0.9896830558631291
6.639327865573114,0.9929138007800292
6.639727945589118,0.9955487533351113
6.640128025605121,0.9975795971566443
6.640528105621124,0.9990003727879805
6.640928185637128,0.9998075372283859
6.64132826565313,1.0
6.641728345669134,0.9995791350800125
6.642128425685137,0.998548768479248
6.64252850570114,0.9969151416971159
6.642928585717144,0.9946868517247192
6.643328665733146,0.9918747686901503
6.64372874574915,0.9884919326301629
6.644128825765153,0.9845534312203539
6.644528905781156,0.9800762605918714
6.64492898579716,0.9750791716004945
6.645329065813162,0.9695825040887204
6.645729145829166,0.9636080117905544
6.646129225845169,0.9571786805737693
6.646529305861172,0.9503185426956801
6.646929385877176,0.9430524896724197
6.647329465893178,0.9354060862332185
6.647729545909182,0.9274053876569833
6.648129625925185,0.9190767625790004
6.648529705941188,0.910446723116127
6.648929785957192,0.9015417639014615
6.649329865973194,0.8923882113506264
6.649729945989198,0.8830120842092609
6.650130026005201,0.8734389661647586
6.650530106021204,0.8636938910470175
6.650930186037208,0.8538012409021524
6.65133026605321,0.8437846570013781
6.651730346069214,0.8336669636475035
6.652130426085217,0.8234701044683793
6.65253050610122,0.8132150907368121
6.652930586117224,0.8029219611344733
6.653330666133226,0.792609752279787
6.65373074614923,0.7822964792654595
6.654130826165233,0.7719991254014295
6.654530906181236,0.7617336403269819
6.65493098619724,0.7515149456439048
6.655331066213242,0.7413569472257434
6.655731146229246,0.7312725533739854
6.6561312262452486,0.7212736980209842
6.656531306261252,0.7113713682146033
6.656931386277256,0.7015756351644362
6.657331466293258,0.6918956881765886
6.657731546309262,0.6823398708565255
6.658131626325265,0.6729157190129432
6.658531706341268,0.6636299997489913
6.658931786357272,0.6544887512819196
6.659331866373274,0.6454973230832761
6.659731946389278,0.6366604159827743
6.660132026405281,0.6279821219265282
6.660532106421284,0.6194659631244338
6.660932186437288,0.611114930364084
6.66133226645329,0.602931520305748
6.661732346469294,0.5949177716084896
6.662132426485297,0.5870752997689453
6.6625325065013,0.5794053305818597
6.662932586517304,0.5719087321575065
6.663332666533306,0.5645860454521691
6.66373274654931,0.5574375132877231
6.664132826565313,0.5504631078528851
6.664532906581316,0.5436625566923623
6.66493298659732,0.5370353672029392
6.665333066613322,0.5305808496646549
6.665733146629326,0.5242981388439365
6.666133226645329,0.5181862142120923
6.666533306661332,0.5122439188271966
6.666933386677336,0.5064699769320659
6.667333466693338,0.5008630103230468
6.667733546709342,0.49542155354665834
6.668133626725345,0.4901440679821448
6.668533706741348,0.4850289548679003
6.668933786757352,0.48007456733015946
6.669333866773354,0.47527922147095125
6.669733946789358,0.4706412065716076
6.670134026805361,0.46615879446665354
6.670534106821364,0.4618302481408254
6.670934186837368,0.4576538296006422
6.67133426685337,0.4536278070693396
6.671734346869374,0.4497504615521839
6.672134426885377,0.4460200928169392
6.67253450690138,0.442435024831705
6.672934586917384,0.43899361070055365
6.673334666933386,0.4356942371346702
6.67373474694939,0.4325353284947749
6.674134826965393,0.4295153504384057
6.674534906981396,0.42663281320325414
6.6749349869974,0.4238862745560827
6.675335067013402,0.42127434243436
6.675735147029406,0.41879567730606987
6.676135227045409,0.41644899427127663
6.676535307061412,0.4142330649270657
6.676935387077416,0.41214671901605915
6.677335467093418,0.41018884587681037
6.677735547109422,0.40835839571298604
6.678135627125425,0.4066543806967587
6.678535707141428,0.40507587592025257
6.678935787157432,0.40362202020777244
6.679335867173434,0.4022920167999987
6.679735947189438,0.401085133920253
6.680136027205441,0.400000705231707
6.680536107221444,0.39903813019316214
6.680936187237448,0.39819687432007506
6.68133626725345,0.39747646935627096
6.681736347269454,0.3968765133608429
6.682136427285457,0.3963966707136906
6.68253650730146,0.3960366720420985
6.682936587317464,0.39579631406985855
6.683336667333466,0.39567545938937415
6.68373674734947,0.3956740361562777
6.684136827365473,0.39579203770508214
6.684536907381476,0.3960295220834384
6.68493698739748,0.39638661150155474
6.685337067413482,0.3968634916923598
6.685737147429486,0.39746041117696473
6.686137227445489,0.398177680428911
6.686537307461492,0.39901567092967044
6.686937387477496,0.3999748141066883
6.687337467493498,0.4010556001441931
6.687737547509502,0.40225857665576875
6.688137627525505,0.40358434720643516
6.688537707541508,0.4050335696708146
6.688937787557512,0.4066069544124783
6.6893378675735145,0.4083052622683501
6.689737947589518,0.410129302320523
6.690138027605521,0.4120799294363321
6.690538107621524,0.4141580415561366
6.690938187637528,0.4163645767064471
6.6913382676535305,0.4187005097146206
6.691738347669534,0.4211668485995077
6.692138427685537,0.4237646306106902
6.69253850770154,0.42649491788736493
6.692938587717544,0.42935879270585303
6.6933386677335465,0.43235735228320005
6.69373874774955,0.4354917031023584
6.694138827765553,0.438762954722635
6.694538907781556,0.4421722130376109
6.69493898779756,0.445720572940694
6.6953390678135625,0.4494091103573058
6.695739147829566,0.4532388736010446
6.696139227845569,0.45721087400992916
6.696539307861572,0.4613260758181205
6.696939387877576,0.46558538521737564
6.6973394678935785,0.46998963856260484
6.697739547909582,0.4745395896757098
6.698139627925585,0.479235896202458
6.698539707941588,0.48407910497871415
6.698939787957592,0.48906963636372464
6.6993398679735945,0.4942077675014335
6.699739947989598,0.49949361447415913
6.700140028005601,0.5049271133176587
6.700540108021604,0.5105079998730142
6.700940188037608,0.5162357884574447
6.7013402680536105,0.5221097493456427
6.701740348069614,0.5281288850633745
6.702140428085617,0.5342919055074006
6.70254050810162,0.5405972019206643
6.702940588117624,0.5470428197674663
6.7033406681336265,0.5536264305729992
6.70374074814963,0.5603453028123956
6.704140828165633,0.5671962719583404
6.704540908181636,0.5741757098232493
6.70494098819764,0.5812794933603983
6.7053410682136425,0.588502973120945
6.705741148229646,0.5958409415976215
6.706141228245649,0.6032876017225544
6.706541308261652,0.6108365358260696
6.706941388277656,0.6184806754030494
6.7073414682936585,0.6262122720761133
6.707741548309662,0.634022870186846
6.708141628325665,0.6419032814886007
6.708541708341668,0.649843562456277
6.708941788357672,0.6578329947666517
6.7093418683736745,0.6658600695394196
6.709741948389678,0.6739124759593661
6.710142028405681,0.6819770949244277
6.710542108421684,0.6900399983813081
6.710942188437688,0.6980864550156655
6.7113422684536905,0.7061009429594097
6.711742348469694,0.7140671701579593
6.712142428485697,0.7219681030057626
6.7125425085017,0.7297860038074607
6.712942588517704,0.7375024775510146
6.7133426685337065,0.7450985283904431
6.71374274854971,0.7525546261253965
6.714142828565713,0.7598507828346132
6.714542908581716,0.7669666396709819
6.71494298859772,0.7738815636565629
6.7153430686137225,0.7805747541319409
6.715743148629726,0.7870253583152749
6.716143228645729,0.7932125952183301
6.716543308661732,0.799115886954003
6.716943388677736,0.8047149962561461
6.7173434686937386,0.8099901688267135
6.717743548709742,0.8149222789311372
6.718143628725745,0.8194929764890259
6.718543708741748,0.8236848337604485
6.718943788757752,0.8274814896134158
6.719343868773755,0.8308677892839852
6.719743948789758,0.8338299175094684
6.720144028805761,0.8363555229330577
6.720544108821764,0.8384338317467159
6.720944188837768,0.8400557486586665
6.721344268853771,0.8412139434422462
6.721744348869774,0.8419029215402652
6.722144428885777,0.8421190774592473
6.72254450890178,0.8418607299842681
6.722944588917784,0.8411281385693884
6.723344668933787,0.8399235006020459
6.72374474894979,0.8382509295918638
6.724144828965793,0.8361164146851235
6.724544908981796,0.8335277622448549
6.7249449889978,0.8304945205539546
6.725345069013803,0.8270278889852469
6.725745149029806,0.8231406132310883
6.726145229045809,0.8188468683896566
6.726545309061812,0.8141621318606764
6.726945389077816,0.809103048108943
6.727345469093819,0.8036872874072363
6.727745549109822,0.7979334006741308
6.728145629125825,0.7918606724786292
6.728545709141828,0.7854889741965171
6.728945789157832,0.778838619179854
6.729345869173835,0.7719302216447876
6.729745949189838,0.7647845608031094
6.730146029205841,0.7574224515650169
6.730546109221844,0.7498646229309368
6.730946189237848,0.7421316049775333
6.731346269253851,0.7342436251298239
6.731746349269854,0.7262205142060928
6.732146429285857,0.7180816225274196
6.73254650930186,0.7098457462025485
6.732946589317864,0.7015310635364915
6.733346669333867,0.6931550813658764
6.73374674934987,0.6847345910003126
6.734146829365873,0.6762856333450229
6.734546909381876,0.6678234726953861
6.73494698939788,0.6593625786303855
6.735347069413883,0.6509166153843907
6.735747149429886,0.642498438047407
6.736147229445889,0.6341200949289348
6.736547309461892,0.6257928354180093
6.736947389477896,0.6175271226823799
6.737347469493899,0.6093326505675014
6.737747549509902,0.6012183640830653
6.738147629525905,0.5931924828971165
6.738547709541908,0.585262527293952
6.738947789557912,0.5774353460928211
6.739347869573915,0.5697171460651075
6.739747949589918,0.5621135224307666
6.740148029605921,0.5546294900571236
6.740548109621924,0.5472695150240572
6.740948189637928,0.5400375462606274
6.741348269653931,0.53293704699552
6.741748349669934,0.5259710258002821
6.742148429685937,0.519142067037886
6.74254850970194,0.5124523605596161
6.742948589717944,0.5059037305224721
6.743348669733947,0.4994976632241126
6.74374874974995,0.49323533387599644
6.744148829765953,0.48711763225588356
6.744548909781956,0.48114518719851646
6.74494898979796,0.4753183898999164
6.745349069813963,0.46963741602370235
6.745749149829966,0.46410224661007926
6.746149229845969,0.4587126877980809
6.746549309861972,0.45346838937953765
6.746949389877976,0.4483688622107518
6.747349469893979,0.44341349451269335
6.747749549909982,0.43860156709530174
6.748149629925985,0.4339322675447149
6.748549709941988,0.4294047034142756
6.748949789957992,0.4250179144623003
6.749349869973995,0.42077088397991774
6.749749949989998,0.41666254925294977
6.750150030006001,0.4126918112015717
6.7505501100220044,0.4088575432405582
6.750950190038008,0.40515859940243903
6.751350270054011,0.40159382176411024
6.751750350070014,0.39816204721629056
6.752150430086017,0.3948621136134617
6.7525505101020205,0.39169286533984876
6.752950590118024,0.38865315832545144
6.753350670134027,0.38574186454369314
6.75375075015003,0.38295787602040254
6.754150830166033,0.38030010838171685
6.7545509101820365,0.3777675039660964
6.75495099019804,0.37535903452383906
6.755351070214043,0.37307370352497066
6.755751150230046,0.3709105480944729
6.756151230246049,0.3688686405916507
6.7565513102620525,0.3669470898481736
6.756951390278056,0.3651450420775197
6.757351470294059,0.36346168146623703
6.757751550310062,0.36189623045558966
6.758151630326065,0.3604479497201691
6.7585517103420685,0.3591161378479497
6.758951790358072,0.3579001307245777
6.759351870374075,0.356799300622591
6.759751950390078,0.35581305499453886
6.760152030406081,0.3549408349671592
6.7605521104220845,0.3541821135319009
6.760952190438088,0.35353639342547427
6.761352270454091,0.3530032046923261
6.761752350470094,0.3525821019193454
6.762152430486097,0.35227266113154926
6.7625525105021005,0.35207447633593336
6.762952590518104,0.35198715569931677
6.763352670534107,0.352010317344626
6.76375275055011,0.3521435847488857
6.764152830566113,0.3523865817250801
6.7645529105821165,0.352738926969137
6.76495299059812,0.353200228152538
6.765353070614123,0.35377007554055206
6.765753150630126,0.3544480351158142
6.766153230646129,0.3552336411869909
6.7665533106621325,0.3561263884626897
6.766953390678136,0.3571257235714661
6.767353470694139,0.3582310360100738
6.767753550710142,0.3594416485037968
6.768153630726145,0.360756806764982
6.7685537107421485,0.36217566863895734
6.768953790758152,0.3636972926300717
6.769353870774155,0.36532062580523805
6.769753950790158,0.36704449107767606
6.770154030806161,0.36886757387989905
6.7705541108221645,0.3707884082425648
6.770954190838168,0.37280536230418204
6.771354270854171,0.3749166232866639
6.771754350870174,0.3771201819826765
6.772154430886177,0.3794138168131198
6.7725545109021805,0.3817950775270527
6.772954590918184,0.3842612686312789
6.773354670934187,0.38680943265363693
6.77375475095019,0.38943633336174804
6.774154830966193,0.3921384390780655
6.7745549109821965,0.3949119062524941
6.7749549909982,0.39775256347461346
6.775355071014203,0.40065589612962177
6.775755151030206,0.4036170319239481
6.776155231046209,0.40663072752840485
6.7765553110622125,0.4096913566083548
6.776955391078216,0.4127928995301537
6.777355471094219,0.41592893505185485
6.777755551110222,0.41909263432168326
6.778155631126225,0.42227675752013294
6.7785557111422285,0.4254736534898651
6.778955791158232,0.42867526270001827
6.779355871174235,0.4318731238885731
6.779755951190238,0.4350583847156486
6.780156031206241,0.4382218167419957
6.7805561112222446,0.44135383501968145
6.780956191238248,0.4444445225443585
6.781356271254251,0.44748365977154136
6.781756351270254,0.4504607593411394
6.782156431286257,0.45336510608607816
6.782556511302261,0.45618580232236644
6.782956591318264,0.4589118183293867
6.783356671334267,0.46153204783285356
6.78375675135027,0.46403536819911073
6.784156831366273,0.4664107049409741
6.784556911382277,0.46864710002466337
6.78495699139828,0.47073378335653376
6.785357071414283,0.472660246721715
6.785757151430286,0.474416319346627
6.786157231446289,0.47599224416799063
6.786557311462293,0.47737875381581585
6.786957391478296,0.47856714525986266
6.787357471494299,0.47954935203211874
6.787757551510302,0.48031801292373305
6.788157631526305,0.48086653606609153
6.788557711542309,0.48118915734339046
6.788957791558312,0.4812809921482621
6.789357871574315,0.4811380795825032
6.789757951590318,0.4807574183197517
6.790158031606321,0.4801369934837822
6.790558111622325,0.47927579405129456
6.790958191638328,0.4781738204576037
6.791358271654331,0.47683208226249524
6.791758351670334,0.47525258591666275
6.792158431686337,0.4734383128511003
6.792558511702341,0.47139318828707727
6.792958591718344,0.4691220413282675
6.793358671734347,0.46663055704396905
6.79375875175035,0.46392522137994907
6.794158831766353,0.46101325983781594
6.794558911782357,0.4579025709426004
6.79495899179836,0.4546016555711089
6.795359071814363,0.45111954323911496
6.795759151830366,0.44746571644558136
6.796159231846369,0.44365003414761556
6.796559311862373,0.4396826553929875
6.796959391878376,0.43557396407155424
6.797359471894379,0.43133449566456467
6.797759551910382,0.4269748667766242
6.798159631926385,0.42250570813165134
6.798559711942389,0.4179376016049296
6.798959791958392,0.4132810217528224
6.799359871974395,0.40854628219106454
6.799759951990398,0.40374348706629604
6.800160032006401,0.3988824877648055
6.800560112022405,0.3939728449089321
6.800960192038408,0.3890237956080686
6.801360272054411,0.38404422585636927
6.801760352070414,0.3790426479058617
6.802160432086417,0.3740271823904238
6.802560512102421,0.3690055449328828
6.802960592118423,0.36398503693526846
6.803360672134427,0.3589725402280725
6.80376075215043,0.353974515240152
6.804160832166433,0.3489970023430524
6.804560912182437,0.34404562602343014
6.804960992198439,0.33912560154251503
6.805361072214443,0.3342417437512698
6.805761152230446,0.3293984777444682
6.806161232246449,0.32459985105335026
6.806561312262453,0.3198495470961332
6.806961392278455,0.31515089962646087
6.807361472294459,0.3105069079411881
6.807761552310462,0.3059202526315666
6.808161632326465,0.301393311683291
6.808561712342469,0.296928176752777
6.808961792358471,0.2925266694677929
6.809361872374475,0.2881903576200149
6.809761952390478,0.2839205711362492
6.810162032406481,0.2797184177318662
6.810562112422485,0.27558479816634973
6.810962192438487,0.2715204210354862
6.811362272454491,0.26752581704763684
6.811762352470494,0.2636013527439503
6.812162432486497,0.25974724363244306
6.812562512502501,0.2559635667155491
6.812962592518503,0.2522502723988846
6.813362672534507,0.2486071957757433
6.8137627525505104,0.2450340672883652
6.814162832566513,0.24153052277167034
6.814562912582517,0.238096112889734
6.814962992598519,0.234730311978781
6.815363072614523,0.23143252631305114
6.8157631526305265,0.2282021018125403
6.816163232646529,0.22503833121290437
6.816563312662533,0.22194046071931445
6.816963392678535,0.2189076961668677
6.817363472694539,0.21593920871039465
6.8177635527105425,0.21303414006707147
6.818163632726545,0.21019160733478734
6.818563712742549,0.20741070740918155
6.818963792758551,0.2046905210217991
6.819363872774555,0.2020301164209921
6.8197639527905585,0.19942855271683074
6.820164032806561,0.1968848829101414
6.820564112822565,0.19439815662514565
6.820964192838567,0.19196742256423985
6.821364272854571,0.18959173070232108
6.8217643528705745,0.1872701342374032
6.822164432886577,0.18500169131298377
6.822564512902581,0.18278546652685684
6.822964592918583,0.18062053224009322
6.823364672934587,0.17850596969879626
6.8237647529505905,0.17644086998060102
6.824164832966593,0.1744243347767259
6.824564912982597,0.17245547701970276
6.824964992998599,0.17053342136608815
6.825365073014603,0.16865730454252373
6.8257651530306065,0.1668262755630225
6.826165233046609,0.165039495824423
6.826565313062613,0.16329613908646165
6.826965393078615,0.1615953913423092
6.827365473094619,0.1599364505847394
6.8277655531106225,0.15831852647281291
6.828165633126625,0.15674083990331875
6.828565713142629,0.15520262249097147
6.828965793158631,0.153703115961038
6.829365873174635,0.15224157145770809
6.8297659531906385,0.1508172487715207
6.830166033206641,0.14942941548887942
6.830566113222645,0.14807734606676784
6.830966193238647,0.14676032083584184
6.831366273254651,0.1454776249350981
6.8317663532706545,0.14422854718173375
6.832166433286657,0.143012378879974
6.832566513302661,0.14182841257319015
6.832966593318663,0.14067594074416753
6.833366673334667,0.1395542544689439
6.8337667533506705,0.1384626420305536
6.834166833366673,0.13740038749974756
6.834566913382677,0.1363667692908513
6.834966993398679,0.1353610587020179
6.835367073414683,0.13438251845027585
6.8357671534306865,0.13343040121320066
6.836167233446689,0.13250394819032094
6.836567313462693,0.1316023876989067
6.836967393478695,0.13072493382031108
6.837367473494699,0.12987078511449726
6.837767553510702,0.12903912342202828
6.838167633526705,0.12822911277415452
6.838567713542709,0.12743989843314169
6.838967793558711,0.12667060608612796
6.839367873574715,0.12592034121690482
6.839767953590718,0.12518818868080658
6.840168033606721,0.12447321250828429
6.840568113622725,0.12377445596289591
6.840968193638727,0.12309094187894094
6.841368273654731,0.12242167330307345
6.841768353670734,0.12176563446267105
6.842168433686737,0.12112179208145635
6.842568513702741,0.1204890970600111
6.842968593718743,0.11986648653504106
6.843368673734747,0.11925288632683731
6.84376875375075,0.11864721377913828
6.844168833766753,0.11804838098957325
6.844568913782757,0.11745529842228676
6.8449689937987594,0.11686687888701928
6.845369073814763,0.11628204186124638
6.845769153830766,0.11569971812395019
6.846169233846769,0.11511885466138753
6.846569313862773,0.11453841979722394
6.8469693938787755,0.11395740849158235
6.847369473894779,0.11337484774644116
6.847769553910782,0.11278980204849336
6.848169633926785,0.11220137877531446
6.848569713942789,0.11160873348688605
6.8489697939587915,0.11101107502214401
6.849369873974795,0.11040767031970312
6.849769953990798,0.10979784888322677
6.850170034006801,0.10918100681512699
6.850570114022805,0.1085566103475735
6.8509701940388075,0.10792419880682619
6.851370274054811,0.1072833869558177
6.851770354070814,0.10663386667032416
6.852170434086817,0.10597540791570825
6.852570514102821,0.10530785900394438
6.8529705941188235,0.10463114612380393
6.853370674134827,0.10394527215058258
6.85377075415083,0.10325031475501098
6.854170834166833,0.10254642384362407
6.854570914182837,0.10183381837468723
6.8549709941988395,0.10111278260416245
6.855371074214843,0.10038366182519134
6.855771154230846,0.09964685767175702
6.856171234246849,0.09890282306243275
6.856571314262853,0.09815205686356472
6.8569713942788555,0.0973950983525421
6.857371474294859,0.09663252156138578
6.857771554310862,0.09586492957865142
6.858171634326865,0.09509294888377899
6.858571714342869,0.09431722378294996
6.8589717943588715,0.09353841100914918
6.859371874374875,0.09275717454205708
6.859771954390878,0.09197418069568437
6.860172034406881,0.09119009351354686
6.860572114422885,0.0904055705031208
6.8609721944388875,0.08962125873319762
6.861372274454891,0.08883779131009245
6.861772354470894,0.08805578424140505
6.862172434486897,0.08727583368930208
6.862572514502901,0.0864985136093966
6.8629725945189035,0.08572437376595408
6.863372674534907,0.08495393810973755
6.86377275455091,0.08418770350109792
6.864172834566913,0.08342613875790648
6.864572914582917,0.08266968400579706
6.8649729945989195,0.08191875030653627
6.865373074614923,0.08117371953945923
6.865773154630926,0.08043494451051363
6.866173234646929,0.07970274926347683
6.866573314662933,0.07897742956848866
6.8669733946789355,0.0782592535637742
6.867373474694939,0.07754846252757566
6.867773554710942,0.07684527175861641
6.868173634726945,0.0761498715448033
6.868573714742949,0.07546242820151819
6.8689737947589515,0.07478308516236065
6.869373874774955,0.0741119641068835
6.869773954790958,0.07344916611147179
6.870174034806961,0.07279477281102775
6.870574114822965,0.07214884756072057
6.8709741948389675,0.07151143658840425
6.871374274854971,0.07088257012970949
6.871774354870974,0.07026226353905822
6.872174434886977,0.06965051837095664
6.872574514902981,0.06904732342704178
6.8729745949189835,0.06845265576523357
6.873374674934987,0.0678664816682386
6.87377475495099,0.06728875756940834
6.874174834966993,0.06671943093456965
6.874574914982997,0.06615844109909913
6.8749749949989996,0.06560572005994283
6.875375075015003,0.06506119322275253
6.875775155031006,0.06452478010467566
6.876175235047009,0.0639963949935884
6.876575315063013,0.06347594756488155
6.876975395079016,0.06296334345703694
6.877375475095019,0.06245848480743185
6.877775555111022,0.06196127074992666
6.878175635127025,0.061471597875835074
6.878575715143029,0.06098936065999718
6.878975795159032,0.060514451853644756
6.879375875175035,0.06004676284579986
6.879775955191038,0.05958618399494074
6.880176035207041,0.05913260493261126
6.880576115223045,0.05868591484067639
6.880976195239048,0.05824600270382531
6.881376275255051,0.05781275753891218
6.881776355271054,0.05738606860266556
6.882176435287057,0.05696582557920593
6.882576515303061,0.05655191874879927
6.882976595319064,0.056144239139156796
6.883376675335067,0.05574267866055969
6.88377675535107,0.05534713022601869
6.884176835367073,0.0549574878575829
6.884576915383077,0.054573646779895055
6.88497699539908,0.05419550350198003
6.885377075415083,0.05382295588822037
6.885777155431086,0.053455903219414555
6.886177235447089,0.05309424624472565
6.886577315463093,0.05273788722531965
6.886977395479096,0.052386729970394154
6.887377475495099,0.0520406798662771
6.887777555511102,0.05169964389922801
6.888177635527105,0.051363530672500254
6.888577715543109,0.051032250418225185
6.888977795559112,0.050705715004594816
6.889377875575115,0.05038383793881058
6.889777955591118,0.05006653436622859
6.890178035607121,0.04975372106607473
6.890578115623125,0.04944531644411025
6.890978195639128,0.049141240522561476
6.891378275655131,0.04884141492762584
6.891778355671134,0.04854576287483784
6.892178435687137,0.0482542091525364
6.892578515703141,0.047966680103686286
6.892978595719144,0.04768310360625143
6.893378675735147,0.0474034090523228
6.89377875575115,0.04712752732618453
6.894178835767153,0.04685539078146616
6.894578915783157,0.04658693321754574
6.89497899579916,0.046322089855323656
6.895379075815163,0.046060797312494746
6.895779155831166,0.04580299357843341
6.896179235847169,0.04554861798877785
6.896579315863173,0.045297611199819454
6.896979395879176,0.04504991516276354
6.897379475895179,0.04480547309794013
6.897779555911182,0.044564229469033864
6.898179635927185,0.04432612995737821
6.898579715943189,0.04409112143638081
6.898979795959192,0.04385915194611248
6.899379875975195,0.04363017066810543
6.899779955991198,0.04340412790040111
6.900180036007201,0.04318097503286558
6.900580116023205,0.042960664522815266
6.900980196039208,0.042743149870962505
6.901380276055211,0.04252838559770711
6.901780356071214,0.0423163272197944
6.902180436087217,0.04210693122734263
6.902580516103221,0.04190015506126495
6.902980596119224,0.04169595709108368
6.903380676135227,0.041494296593149356
6.90378075615123,0.04129513372927345
6.904180836167233,0.041098429525768344
6.904580916183237,0.04090414585290954
6.90498099619924,0.04071224540481081
6.905381076215243,0.04052269167971597
6.905781156231246,0.04033544896071059
6.9061812362472494,0.04015048229684163
6.906581316263253,0.039967757484654
6.906981396279256,0.03978724105013075
6.907381476295259,0.0396089002310376
6.907781556311262,0.03943270295967045
6.9081816363272655,0.03925861784599181
6.908581716343269,0.03908661416116359
6.908981796359272,0.03891666182146047
6.909381876375275,0.03874873137256282
6.909781956391278,0.038582793974228445
6.9101820364072815,0.03841882138532761
6.910582116423285,0.038256785949248376
6.910982196439288,0.038096660579657646
6.911382276455291,0.03793841874661725
6.911782356471294,0.037782034463054275
6.9121824364872975,0.037627482271572955
6.912582516503301,0.03747473723161442
6.912982596519304,0.037323774906953607
6.913382676535307,0.03717457135353219
6.91378275655131,0.03702710310763029
6.9141828365673135,0.03688134717436529
6.914582916583317,0.03673728101652635
6.91498299659932,0.03659488254373536
6.915383076615323,0.03645413010193645
6.915783156631326,0.03631500246321557
6.9161832366473295,0.0361774788159434
6.916583316663333,0.03604153875524766
6.916983396679336,0.0359071622738089
6.917383476695339,0.03577432975297969
6.917783556711342,0.03564302195423012
6.9181836367273455,0.035513220010909084
6.918583716743349,0.035384905420328426
6.918983796759352,0.03525806003615776
6.919383876775355,0.03513266606112902
6.919783956791358,0.03500870604004667
6.9201840368073615,0.034886162853089486
6.920584116823365,0.03476501970940253
6.920984196839368,0.03464526014096193
6.921384276855371,0.03452686799670193
6.921784356871374,0.03440982743689338
6.9221844368873775,0.03429412292774898
6.922584516903381,0.034179739236247085
6.922984596919384,0.03406666142514616
6.923384676935387,0.033954874848172605
6.92378475695139,0.03384436514536162
6.9241848369673935,0.03373511823852216
6.924584916983397,0.03362712032681003
6.9249849969994,0.03352035788237917
6.925385077015403,0.033414817646091215
6.925785157031406,0.033310486623262824
6.9261852370474095,0.03320735207942462
6.926585317063413,0.03310540153607975
6.926985397079416,0.0330046227664392
6.927385477095419,0.03290500379112242
6.927785557111422,0.032806532873814055
6.9281856371274255,0.03270919851686285
6.928585717143429,0.03261298945682497
6.928985797159432,0.032517894659944195
6.929385877175435,0.03242390331757326
6.929785957191438,0.03233100484154281
6.9301860372074415,0.032239188859481016
6.930586117223445,0.03214844521009951
6.930986197239448,0.0320587639384541
6.931386277255451,0.03197013529119556
6.931786357271454,0.03188254971182858
6.9321864372874575,0.03179599783599068
6.932586517303461,0.03171047048677337
6.932986597319464,0.03162595867009793
6.933386677335467,0.03154245357016394
6.93378675735147,0.03145994654498821
6.9341868373674735,0.031378429122043666
6.934586917383477,0.031297892994016585
6.93498699739948,0.03121833001468936
6.935387077415483,0.031139732194959552
6.935787157431486,0.031062091699004975
6.9361872374474896,0.03098540084059645
6.936587317463493,0.030909652079566433
6.936987397479496,0.030834838018432523
6.937387477495499,0.030760951399177016
6.937787557511502,0.030687985100183404
6.938187637527506,0.03061593213332317
6.938587717543509,0.030544785641194235
6.938987797559512,0.030474538894501732
6.939387877575515,0.03040518528957765
6.939787957591518,0.03033671834603454
6.940188037607522,0.03026913170454231
6.940588117623525,0.03020241912472622
6.940988197639528,0.030136574483174427
6.941388277655531,0.03007159177154967
6.941788357671534,0.030007465094799093
6.942188437687538,0.029944188669451585
6.942588517703541,0.029881756821999894
6.942988597719544,0.029820163987357467
6.943388677735547,0.029759404707385244
6.94378875775155,0.02969947362948372
6.944188837767554,0.02964036550524154
6.944588917783557,0.02958207518913952
6.94498899779956,0.0295245976373021
6.945389077815563,0.029467927906293507
6.945789157831566,0.029412061151955604
6.94618923784757,0.029356992628281453
6.946589317863573,0.029302717686324562
6.946989397879576,0.02924923177313858
6.947389477895579,0.02919653043074564
6.947789557911582,0.02914460929513314
6.948189637927586,0.029093464095273358
6.948589717943589,0.02904309065216843
6.948989797959592,0.02899348487791583
6.949389877975595,0.028944642774794905
6.949789957991598,0.028896560434374077
6.950190038007602,0.02884923403663516
6.950590118023605,0.028802659849117514
6.950990198039608,0.028756834226078578
6.951390278055611,0.028711753607671187
6.951790358071614,0.02866741451913853
6.952190438087618,0.028623813570023585
6.952590518103621,0.028580947453395834
6.952990598119624,0.028538812945092376
6.953390678135627,0.028497406902974302
6.95379075815163,0.02845672626619907
6.954190838167634,0.028416768054506054
6.954590918183637,0.028377529367518074
6.95499099819964,0.028339007384056435
6.955391078215643,0.028301199361470023
6.955791158231646,0.028264102634979266
6.95619123824765,0.02822771461703231
6.956591318263653,0.028192032796676012
6.956991398279656,0.028157054738939334
6.957391478295659,0.028122778084229427
6.957791558311662,0.028089200547741132
6.958191638327666,0.028056319918877536
6.958591718343669,0.028024134060683468
6.958991798359672,0.02799264090928947
6.959391878375675,0.027961838473367046
6.959791958391678,0.02793172483359478
6.960192038407682,0.027902298142133446
6.960592118423685,0.027873556622111436
6.960992198439688,0.027845498567118425
6.961392278455691,0.027818122340706894
6.961792358471694,0.027791426375901762
6.962192438487698,0.02776540917471587
6.962592518503701,0.027740069307672057
6.962992598519704,0.027715405413329702
6.963392678535707,0.027691416197815382
6.96379275855171,0.027668100434357502
6.964192838567714,0.02764545696282203
6.964592918583717,0.027623484689250584
6.96499299859972,0.027602182585397882
6.965393078615723,0.027581549688268606
6.965793158631726,0.02756158509965247
6.96619323864773,0.027542287985655563
6.966593318663733,0.027523657576227982
6.966993398679736,0.027505693164685555
6.967393478695739,0.027488394107224826
6.967793558711742,0.027471759822430632
6.968193638727746,0.027455789790774045
6.968593718743749,0.02744048355410079
6.968993798759752,0.027425840715108132
6.9693938787757554,0.027411860936809553
6.969793958791758,0.02739854394198691
6.970194038807762,0.027385889512628218
6.970594118823765,0.02737389748935164
6.970994198839768,0.02736256777081451
6.9713942788557715,0.027351900313107587
6.971794358871774,0.02734189512913471
6.972194438887778,0.027332552287978137
6.972594518903781,0.027323871914250734
6.972994598919784,0.027315854187435845
6.9733946789357875,0.027308499341217058
6.97379475895179,0.027301807662799975
6.974194838967794,0.027295779492228996
6.974594918983797,0.02729041522170269
6.9749949989998,0.027285715294892182
6.9753950790158035,0.027281680206267814
6.975795159031806,0.027278310500439933
6.97619523904781,0.027275606771520928
6.976595319063813,0.027273569662516622
6.976995399079816,0.027272199864755625
6.9773954790958195,0.027271498117367024
6.977795559111822,0.027271465206817263
6.978195639127826,0.027272101966518438
6.978595719143829,0.027273409276520947
6.978995799159832,0.027275388063304627
6.9793958791758355,0.027278039299683327
6.979795959191838,0.0272813640048382
6.980196039207842,0.02728536324449607
6.980596119223845,0.027290038131269068
6.980996199239848,0.027295389825172083
6.9813962792558515,0.02730141953433407
6.981796359271854,0.027308128515918833
6.982196439287858,0.027315518077269833
6.982596519303861,0.027323589577291925
6.982996599319864,0.027332344428081315
6.9833966793358675,0.02734178409681274
6.98379675935187,0.027351910107888826
6.984196839367874,0.027362724045355512
6.984596919383876,0.02737422755558055
6.98499699939988,0.027386422350190783
6.9853970794158835,0.027399310209256737
6.985797159431886,0.027412892984709777
6.98619723944789,0.027427172603971265
6.986597319463892,0.027442151073767507
6.986997399479896,0.027457830484100387
6.9873974794958995,0.02747421301233686
6.987797559511902,0.02749130092737781
6.988197639527906,0.027509096593861394
6.988597719543908,0.02752760247635311
6.988997799559912,0.02754682114347317
6.9893978795759155,0.027566755271908924
6.989797959591918,0.027587407650261443
6.990198039607922,0.027608781182675186
6.990598119623924,0.02763087889220218
6.990998199639928,0.0276537039238563
6.9913982796559315,0.027677259547316646
6.991798359671934,0.027701549159246143
6.992198439687938,0.02772657628519757
6.99259851970394,0.027752344581086313
6.992998599719944,0.027778857834219066
6.9933986797359475,0.02780611996387393
6.99379875975195,0.027834135021437955
6.994198839767954,0.027862907190115933
6.994598919783956,0.027892440784231604
6.99499899979996,0.027922740248151643
6.9953990798159635,0.027953810154867524
6.995799159831966,0.027985655204277853
6.99619923984797,0.028018280221216822
6.996599319863972,0.0280516901532778
6.996999399879976,0.028085890068485372
6.9973994798959795,0.028120885152865482
6.997799559911982,0.028156680707968236
6.998199639927986,0.02819328214839232
6.998599719943988,0.028230694999358437
6.998999799959992,0.028268924894378235
6.9993998799759956,0.028307977573056555
6.999799959991998,0.02834785887906501
7.000200040008002,0.02838857475831666
7.000600120024005,0.02843013125736699
7.001000200040008,0.028472534522062776
7.001400280056011,0.028515790796453496
7.001800360072014,0.02855990642197542
7.002200440088018,0.028604887836914266
7.002600520104021,0.028650741576148442
7.003000600120024,0.028697474271170045
7.003400680136027,0.028745092650378192
7.00380076015203,0.02879360353963629
7.004200840168034,0.02884301386308209
7.004600920184037,0.0288933306441791
7.00500100020004,0.02894456100699415
7.005401080216043,0.028996712177687286
7.005801160232046,0.029049791486197685
7.00620124024805,0.02910380636811009
7.006601320264053,0.029158764366687337
7.007001400280056,0.02921467313505224
7.007401480296059,0.02927154043850555
7.007801560312062,0.029329374156964988
7.008201640328066,0.02938818228751271
7.008601720344069,0.02944797294704007
7.009001800360072,0.029508754374977096
7.009401880376075,0.029570534936098222
7.009801960392078,0.0296333231233939
7.010202040408082,0.029697127561000958
7.010602120424085,0.02976195700718547
7.011002200440088,0.029827820357371127
7.011402280456091,0.029894726647209265
7.011802360472094,0.029962685055685386
7.012202440488098,0.030031704908259654
7.012602520504101,0.030101795680039477
7.013002600520104,0.030172966998981178
7.013402680536107,0.03024522864912095
7.01380276055211,0.030318590573833196
7.014202840568114,0.030393062879116802
7.0146029205841165,0.03046865583691051
7.01500300060012,0.03054537988843774
7.015403080616123,0.030623245647580205
7.015803160632126,0.03070226390428572
7.01620324064813,0.03078244562800728
7.0166033206641325,0.030863801971179244
7.017003400680136,0.030946344272731238
7.017403480696139,0.031030084061640314
7.017803560712142,0.0311150330605281
7.018203640728146,0.03120120318930031
7.0186037207441485,0.031288606568835496
7.019003800760152,0.031377255524724285
7.019403880776155,0.03146716259105971
7.019803960792158,0.031558340514286236
7.020204040808162,0.03165080225710475
7.0206041208241645,0.03174456100244095
7.021004200840168,0.03183963015747848
7.021404280856171,0.03193602335775732
7.021804360872174,0.03203375447134567
7.022204440888178,0.032132837603082276
7.0226045209041805,0.03223328709889673
7.023004600920184,0.032335117550209506
7.023404680936187,0.03243834379841175
7.02380476095219,0.032542980939433794
7.024204840968194,0.03264904432839842
7.0246049209841965,0.03275654958436785
7.0250050010002,0.03286551259518461
7.025405081016203,0.03297594952240793
7.025805161032206,0.03308787680635352
7.02620524104821,0.03320131117123364
7.0266053210642125,0.03331626963040588
7.027005401080216,0.03343276949173165
7.027405481096219,0.03355082836304521
7.027805561112222,0.03367046415774233
7.028205641128226,0.033791695100484624
7.0286057211442285,0.03391453973302858
7.029005801160232,0.034039016920180985
7.029405881176235,0.034165145855880485
7.029805961192238,0.034292946069415874
7.030206041208242,0.03442243743177636
7.0306061212242446,0.0345536401621444
7.031006201240248,0.034686574834531046
7.031406281256251,0.03482126238455567
7.031806361272254,0.03495772411638037
7.032206441288258,0.03509598170979379
7.032606521304261,0.03523605722745634
7.033006601320264,0.03537797312230683
7.033406681336267,0.035521752245132224
7.03380676135227,0.03566741785231156
7.034206841368274,0.03581499361372952
7.034606921384277,0.03596450362087072
7.03500700140028,0.03611597239509725
7.035407081416283,0.03626942489610916
7.035807161432286,0.03642488653060176
7.03620724144829,0.036582383161113396
7.036607321464293,0.03674194111507765
7.037007401480296,0.03690358719408102
7.037407481496299,0.0370673486833272
7.037807561512302,0.03723325336132276
7.038207641528306,0.03740132950977794
7.038607721544309,0.0375716059237373
7.039007801560312,0.03774411192194225
7.039407881576315,0.037918877357427334
7.039807961592318,0.03809593262836566
7.040208041608322,0.03827530868915828
7.040608121624325,0.03845703706178352
7.041008201640328,0.038641149847408934
7.041408281656331,0.03882767973826929
7.041808361672334,0.03901666002982712
7.042208441688338,0.03920812463321205
7.042608521704341,0.03940210808795677
7.043008601720344,0.03959864557503371
7.043408681736347,0.03979777293019765
7.04380876175235,0.03999952665765372
7.044208841768354,0.04020394394404778
7.044608921784357,0.040411062672801
7.04500900180036,0.04062092143879496
7.045409081816363,0.040833559563414765
7.045809161832366,0.04104901710997414
7.04620924184837,0.04126733489952206
7.046609321864373,0.04148855452705709
7.047009401880376,0.0417127183781598
7.047409481896379,0.04193986964605472
7.047809561912382,0.04217005234913183
7.048209641928386,0.04240331134893033
7.048609721944389,0.04263969236861815
7.049009801960392,0.042879242011981795
7.049409881976395,0.0431220077829447
7.049809961992398,0.043368038105649494
7.050210042008402,0.04361738234511379
7.050610122024405,0.04387009082849867
7.051010202040408,0.044126214867011224
7.051410282056411,0.044385806778464404
7.051810362072414,0.04464891991053732
7.052210442088418,0.04491560866474909
7.052610522104421,0.04518592852119155
7.053010602120424,0.04545993606404681
7.053410682136427,0.04573768900791503
7.05381076215243,0.04601924622499956
7.054210842168434,0.04630466777316272
7.054610922184437,0.046594014924897655
7.05501100220044,0.04688735019724127
7.055411082216443,0.04718473738264936
7.055811162232446,0.04748624158087659
7.05621124224845,0.04779192923186744
7.056611322264453,0.04810186814969519
7.057011402280456,0.04841612755756317
7.057411482296459,0.04873477812387612
7.057811562312462,0.04905789199941303
7.058211642328466,0.049385542855589736
7.058611722344469,0.04971780592383392
7.059011802360472,0.05005475803607078
7.059411882376475,0.05039647766630907
7.059811962392478,0.050743044973345384
7.060212042408482,0.05109454184455785
7.060612122424485,0.051451051940802156
7.061012202440488,0.05181266074239519
7.061412282456491,0.05217945559617119
7.061812362472494,0.05255152576362402
7.062212442488498,0.05292896247010761
7.062612522504501,0.05331185895511448
7.063012602520504,0.05370031052362739
7.063412682536507,0.054094414598544575
7.0638127625525104,0.054494270774214225
7.064212842568514,0.05489998087107503
7.064612922584517,0.05531164899145312
7.06501300260052,0.05572938157654458
7.065413082616523,0.056153287464620345
7.0658131626325265,0.056583477950530287
7.06621324264853,0.05702006684654169
7.066613322664533,0.0574631705446056
7.067013402680536,0.057912908080120375
7.067413482696539,0.058369401197267336
7.0678135627125425,0.05883277441603348
7.068213642728546,0.05930315510098813
7.068613722744549,0.05978067353193889
7.069013802760552,0.06026546297655963
7.069413882776555,0.06075765976508622
7.0698139627925585,0.061257403367213165
7.070214042808562,0.061764836471266474
7.070614122824565,0.06228010506578656
7.071014202840568,0.06280335852361747
7.071414282856571,0.06333474968859522
7.0718143628725745,0.0638744349649663
7.072214442888578,0.06442257440960414
7.072614522904581,0.06497933182715004
7.073014602920584,0.06554487486816518
7.073414682936587,0.06611937513037493
7.0738147629525905,0.0667030082631307
7.074214842968594,0.06729595407514208
7.074614922984597,0.0678983966456026
7.0750150030006,0.06851052443878564
7.075415083016603,0.06913253042218663
7.0758151630326065,0.0697646121883344
7.07621524304861,0.0704069720803211
7.076615323064613,0.07105981732117521
7.077015403080616,0.07172336014715719
7.077415483096619,0.07239781794505452
7.0778155631126225,0.07308341339360985
7.078215643128626,0.0737803746091336
7.078615723144629,0.07448893529543812
7.079015803160632,0.07520933489818075
7.079415883176635,0.07594181876370273
7.0798159631926385,0.07668663830251042
7.080216043208642,0.07744405115745907
7.080616123224645,0.07821432137679116
7.081016203240648,0.07899771959212483
7.081416283256651,0.07979452320149195
7.0818163632726545,0.08060501655758312
7.082216443288658,0.08142949116126713
7.082616523304661,0.08226824586054801
7.083016603320664,0.08312158705506079
7.083416683336667,0.08398982890620917
7.0838167633526705,0.08487329355311014
7.084216843368674,0.08577231133441063
7.084616923384677,0.08668722101613983
7.08501700340068,0.08761837002569663
7.085417083416683,0.08856611469206445
7.0858171634326865,0.08953082049241622
7.08621724344869,0.09051286230515242
7.086617323464693,0.09151262466952778
7.087017403480696,0.09253050205193983
7.087417483496699,0.09356689911894589
7.0878175635127025,0.0946222310171439
7.088217643528706,0.09569692365991932
7.088617723544709,0.09679141402117443
7.089017803560712,0.09790615043606385
7.089417883576715,0.09904159290874198
7.0898179635927185,0.10019821342720162
7.090218043608722,0.10137649628512305
7.090618123624725,0.10257693841077435
7.091018203640728,0.103800049702891
7.091418283656731,0.10504635337343347
7.0918183636727345,0.10631638629718825
7.092218443688738,0.10761069936799748
7.092618523704741,0.10892985786151416
7.093018603720744,0.11027444180424759
7.093418683736747,0.11164504634861543
7.0938187637527506,0.11304228215377463
7.094218843768754,0.11446677577178571
7.094618923784757,0.11591917003877335
7.09501900380076,0.11740012447057421
7.095419083816763,0.1189103156622898
7.095819163832767,0.12045043769119765
7.09621924384877,0.12202120252220995
7.096619323864773,0.1236233404151535
7.097019403880776,0.12525760033293273
7.097419483896779,0.12692475034951214
7.097819563912783,0.12862557805666786
7.098219643928786,0.1303608909681176
7.098619723944789,0.1321315169196975
7.099019803960792,0.13393830446396426
7.099419883976795,0.13578212325742703
7.099819963992799,0.13766386443855633
7.100220044008802,0.1395844409943036
7.100620124024805,0.14154478811285306
7.101020204040808,0.14354586351994966
7.101420284056811,0.14558864779587843
7.101820364072815,0.14767414467003973
7.102220444088818,0.14980338128951173
7.102620524104821,0.1519774084579082
7.103020604120824,0.154197300840316
7.103420684136827,0.1564641571297083
7.103820764152831,0.15877910016997715
7.104220844168834,0.1611432770300071
7.104620924184837,0.16355785902299944
7.10502100420084,0.16602404166455567
7.105421084216843,0.1685430445624665
7.105821164232847,0.17111611123073403
7.10622124424885,0.17374450881941284
7.106621324264853,0.17642952775147086
7.107021404280856,0.17917248125693816
7.107421484296859,0.18197470479382213
7.107821564312863,0.18483755534464566
7.108221644328866,0.18776241057624513
7.108621724344869,0.19075066784986486
7.109021804360872,0.19380374306738032
7.109421884376875,0.19692306933843182
7.109821964392879,0.200110095452388
7.110222044408882,0.20336628413754174
7.110622124424885,0.20669311008912
7.111022204440888,0.2100920577462044
7.111422284456891,0.21356461879636643
7.111822364472895,0.217112289385758
7.112222444488898,0.22073656701063513
7.112622524504901,0.22443894706533227
7.113022604520904,0.22822091902005742
7.113422684536907,0.23208396220048466
7.113822764552911,0.23602954114005492
7.114222844568914,0.2400591004741136
7.114622924584917,0.24417405934421282
7.11502300460092,0.24837580527945066
7.115423084616923,0.25266568752064594
7.115823164632927,0.25704500975258615
7.11622324464893,0.26151502220837236
7.116623324664933,0.26607691310995296
7.117023404680936,0.2707317994084546
7.117423484696939,0.275480716788107
7.117823564712943,0.28032460889855415
7.118223644728946,0.28526431578090783
7.118623724744949,0.29030056145517225
7.119023804760952,0.2954339406387122
7.119423884776955,0.30066490456855643
7.119823964792959,0.3059937459047741
7.120224044808962,0.3114205826965539
7.120624124824965,0.3169453413993762
7.121024204840968,0.3225677389386215
7.121424284856971,0.32828726382368323
7.121824364872975,0.3341031563272736
7.122224444888978,0.34001438775577225
7.122624524904981,0.3460196388506949
7.123024604920984,0.3521172773763527
7.123424684936987,0.35830533496608885
7.123824764952991,0.36458148331935936
7.124224844968994,0.3709430098626171
7.124624924984997,0.37738679301126715
7.1250250050010004,0.3839092771950851
7.125425085017003,0.39050644783706906
7.125825165033007,0.39717380650561757
7.12622524504901,0.40390634649015666
7.126625325065013,0.41069852908345794
7.1270254050810165,0.4175442608866003
7.127425485097019,0.42443687248609857
7.127825565113023,0.43136909888658764
7.128225645129026,0.4383330621139257
7.128625725145029,0.44532025643481404
7.1290258051610325,0.4523215366659894
7.129425885177035,0.45932711006943683
7.129825965193039,0.46632653234871807
7.130226045209042,0.47330870827204174
7.130626125225045,0.4802618974518677
7.1310262052410485,0.4871737258039959
7.131426285257051,0.494031203191784
7.131826365273055,0.500820747731925
7.132226445289058,0.507528217193908
7.132626525305061,0.5141389478678904
7.1330266053210645,0.52063780120132
7.133426685337067,0.5270092184147809
7.133826765353071,0.5332372832021022
7.134226845369074,0.5393057924974592
7.134626925385077,0.5451983351570464
7.1350270054010805,0.5508983782537007
7.135427085417083,0.5563893605238867
7.135827165433087,0.5616547923406889
7.13622724544909,0.5666783614161154
7.136627325465093,0.5714440432679783
7.1370274054810965,0.5759362153232718
7.137427485497099,0.5801397733781548
7.137827565513103,0.584040248999637
7.138227645529106,0.5876239263401107
7.138627725545109,0.5908779567501328
7.1390278055611125,0.5937904695199869
7.139427885577115,0.5963506770619299
7.139827965593119,0.5985489728651797
7.140228045609122,0.6003770206158434
7.140628125625125,0.6018278329756741
7.1410282056411285,0.6028958386545309
7.141428285657131,0.6035769365900046
7.141828365673135,0.603868536259543
7.142228445689138,0.6037695833900194
7.142628525705141,0.6032805705909475
7.1430286057211445,0.6024035327125595
7.143428685737147,0.6011420270110861
7.143828765753151,0.5995010984822047
7.144228845769154,0.597487230991855
7.144628925785157,0.595108285083391
7.1450290058011605,0.5923734235647063
7.145429085817163,0.5892930261724987
7.145829165833167,0.5858785947682822
7.14622924584917,0.582142650639758
7.146629325865173,0.5780986255587888
7.1470294058811765,0.573760748284448
7.147429485897179,0.5691439281969833
7.147829565913183,0.5642636377082356
7.148229645929186,0.5591357950208536
7.148629725945189,0.5537766487051634
7.1490298059611925,0.5482026654355426
7.149429885977195,0.5424304220819851
7.149829965993199,0.5364765031924513
7.150230046009202,0.5303574047345425
7.150630126025205,0.5240894447936872
7.1510302060412085,0.51768868175644
7.151430286057211,0.511170840344236
7.151830366073215,0.5045512457083006
7.152230446089218,0.49784476565493996
7.152630526105221,0.49106576094129234
7.1530306061212245,0.48422804346907466
7.153430686137227,0.4773448421068542
7.153830766153231,0.47042877579007353
7.154230846169234,0.4634918334840929
7.154630926185237,0.4565453605451678
7.1550310062012406,0.4496000509796092
7.155431086217243,0.4426659450792745
7.155831166233247,0.43575243190060525
7.15623124624925,0.4288682560551434
7.156631326265253,0.4220215282872745
7.157031406281257,0.4152197393314295
7.157431486297259,0.40846977656283495
7.157831566313263,0.4017779429818167
7.158231646329266,0.395149978102305
7.158631726345269,0.3885910803464731
7.159031806361273,0.3821059305814182
7.159431886377275,0.3756987164677577
7.159831966393279,0.3693731573233088
7.160232046409282,0.36313252923888056
7.160632126425285,0.35697969021429765
7.161032206441289,0.3509171051136101
7.161432286457291,0.3449468702669795
7.161832366473295,0.3390707375728446
7.162232446489298,0.3332901379791956
7.162632526505301,0.3276062042444477
7.163032606521305,0.32201979289912724
7.163432686537307,0.3165315053477606
7.163832766553311,0.3111417080661011
7.164232846569314,0.30585055186377974
7.164632926585317,0.30065799019425804
7.165033006601321,0.295563796505188
7.165433086617323,0.2905675806315069
7.165833166633327,0.28566880424102997
7.16623324664933,0.28086679534945685
7.166633326665333,0.276160761926478
7.167033406681337,0.2715498046193945
7.167433486697339,0.26703292862406836
7.167833566713343,0.26260905473528917
7.168233646729346,0.2582770296110907
7.168633726745349,0.25403563528629286
7.169033806761353,0.24988359797165535
7.169433886777355,0.2458195961753299
7.169833966793359,0.24184226818290003
7.170234046809362,0.2379502189324261
7.170634126825365,0.23414202631975498
7.171034206841369,0.23041624696882188
7.171434286857371,0.22677142150062965
7.171834366873375,0.22320607933314288
7.172234446889378,0.21971874304354477
7.172634526905381,0.2163079323225158
7.173034606921384,0.21297216754913856
7.173434686937387,0.20970997301355623
7.173834766953391,0.20651987981307002
7.174234846969394,0.20340042844596307
7.174634926985397,0.20035017112607426
7.1750350070014,0.1973676738396581
7.175435087017403,0.19445151816490133
7.175835167033407,0.19160030287309035
7.17623524704941,0.1888126453292176
7.176635327065413,0.1860871827087343
7.177035407081416,0.18342257304591472
7.177435487097419,0.1808174961283553
7.177835567113423,0.17827065425103128
7.178235647129426,0.17578077284237184
7.178635727145429,0.173346600974007
7.179035807161432,0.1709669117648612
7.179435887177435,0.16864050268958672
7.179835967193439,0.16636619580048856
7.180236047209442,0.16414283787139097
7.180636127225445,0.16196930047131597
7.181036207241448,0.15984447997511977
7.181436287257451,0.1577672975177624
7.181836367273455,0.15573669889827407
7.182236447289458,0.1537516544389827
7.182636527305461,0.15181115880518228
7.183036607321464,0.14991423078988975
7.183436687337467,0.1480599130680368
7.183836767353471,0.1462472719240041
7.184236847369474,0.14447539695606942
7.184636927385477,0.1427434007610854
7.18503700740148,0.1410504186023331
7.185437087417483,0.13939560806330611
7.185837167433487,0.1377781486898766
7.18623724744949,0.13619724162306737
7.186637327465493,0.13465210922450388
7.187037407481496,0.1331419946963518
7.187437487497499,0.13166616169744283
7.187837567513503,0.13022389395707884
7.1882376475295064,0.12881449488785554
7.188637727545509,0.12743728719876626
7.189037807561512,0.12609161250965298
7.189437887577515,0.12477683096802641
7.189837967593519,0.1234923208691261
7.1902380476095225,0.12223747827999815
7.190638127625525,0.12101171666833135
7.191038207641528,0.11981446653665027
7.191438287657531,0.11864517506245652
7.191838367673535,0.11750330574479599
7.1922384476895385,0.11638833805767768
7.192638527705541,0.11529976711075218
7.193038607721544,0.11423710331755585
7.193438687737547,0.11319987207163326
7.193838767753551,0.11218761343076716
7.1942388477695545,0.11119988180951187
7.194638927785557,0.1102362456802175
7.19503900780156,0.10929628728265796
7.195439087817563,0.10837960234238128
7.195839167833567,0.1074857997978403
7.19623924784957,0.10661450153633237
7.196639327865573,0.10576534213876404
7.197039407881576,0.10493796863324234
7.197439487897579,0.10413204025739901
7.197839567913583,0.10334722822943276
7.198239647929586,0.1025832155277287
7.198639727945589,0.10183969667895695
7.199039807961592,0.10111637755452706
7.199439887977595,0.10041297517520117
7.199839967993599,0.09972921752374259
7.200240048009602,0.0990648433653702
7.200640128025605,0.09841960207584136
7.201040208041608,0.09779325347696975
7.201440288057611,0.09718556767933323
7.201840368073615,0.09659632493200486
7.202240448089618,0.09602531547906347
7.202640528105621,0.09547233942269734
7.203040608121624,0.09493720659272031
7.203440688137627,0.09441973642228875
7.203840768153631,0.09391975782969204
7.204240848169634,0.09343710910603648
7.204640928185637,0.09297163780870671
7.20504100820164,0.09252320066050314
7.205441088217643,0.0920916634543393
7.205841168233647,0.09167690096345754
7.20624124824965,0.09127879685708512
7.206641328265653,0.09089724362150421
7.207041408281656,0.0905321424865207
7.207441488297659,0.09018340335730007
7.207841568313663,0.08985094475159203
7.208241648329666,0.08953469374232435
7.208641728345669,0.08923458590558044
7.209041808361672,0.08895056527396392
7.209441888377675,0.08868258429533156
7.209841968393679,0.08843060379689666
7.210242048409682,0.08819459295466064
7.210642128425685,0.08797452926813394
7.211042208441688,0.08777039854028999
7.211442288457691,0.08758219486265212
7.211842368473695,0.08740992060542331
7.212242448489698,0.08725358641250987
7.212642528505701,0.08711321120128498
7.213042608521704,0.08698882216690292
7.213442688537707,0.08688045479093644
7.213842768553711,0.08678815285409354
7.214242848569714,0.08671196845272008
7.214642928585717,0.08665196201877319
7.21504300860172,0.08660820234290988
7.215443088617723,0.08658076660029466
7.215843168633727,0.086569740378698
7.21624324864973,0.08657521770840884
7.216643328665733,0.08659730109344559
7.217043408681736,0.08663610154350225
7.217443488697739,0.08669173860601435
7.217843568713743,0.08676434039768031
7.218243648729746,0.0868540436347118
7.218643728745749,0.08696099366103091
7.219043808761752,0.08708534447355597
7.2194438887777554,0.0872272587436583
7.219843968793759,0.08738690783377967
7.220244048809762,0.08756447180812776
7.220644128825765,0.08776013943626909
7.221044208841768,0.08797410818833429
7.2214442888577715,0.08820658422045999
7.221844368873775,0.08845778234895012
7.222244448889778,0.08872792601153785
7.222644528905781,0.08901724721397992
7.223044608921784,0.08932598646006491
7.2234446889377875,0.08965439266298046
7.223844768953791,0.09000272303578434
7.224244848969794,0.09037124295857452
7.224644928985797,0.09076022581973957
7.2250450090018,0.09116995282845944
7.2254450890178035,0.0916007127954364
7.225845169033807,0.09205280187855226
7.22624524904981,0.09252652328994804
7.226645329065813,0.09302218696072777
7.227045409081816,0.09354010915920442
7.2274454890978195,0.09408061205835236
7.227845569113823,0.0946440232477617
7.228245649129826,0.09523067518512894
7.228645729145829,0.09584090458194519
7.229045809161832,0.0964750517176891
7.2294458891778355,0.09713345967652415
7.229845969193839,0.09781647350005435
7.230246049209842,0.09852443924939333
7.230646129225845,0.09925770296937678
7.231046209241848,0.10001660954736127
7.2314462892578515,0.10080150145873522
7.231846369273855,0.1016127173908091
7.232246449289858,0.1024505907364892
7.232646529305861,0.10331544794874846
7.233046609321864,0.10420760674660154
7.2334466893378675,0.10512737416309394
7.233846769353871,0.10607504442549438
7.234246849369874,0.10705089665783525
7.234646929385877,0.10805519239579978
7.23504700940188,0.10908817290396929
7.2354470894178835,0.11015005628564405
7.235847169433887,0.1112410343755885
7.23624724944989,0.11236126940657984
7.236647329465893,0.11351089044114653
7.237047409481896,0.11468998956066347
7.2374474894978995,0.11589861780507904
7.237847569513903,0.11713678085768726
7.238247649529906,0.11840443447107357
7.238647729545909,0.11970147963217405
7.239047809561912,0.12102775746664877
7.2394478895779155,0.1223830438855344
7.239847969593919,0.12376704398008212
7.240248049609922,0.1251793861744126
7.240648129625925,0.12661961614959116
7.241048209641928,0.12808719055731904
7.2414482896579315,0.12958147054670469
7.241848369673935,0.13110171513313099
7.242248449689938,0.13264707444471316
7.242648529705941,0.1342165828886129
7.243048609721944,0.13580915228690996
7.2434486897379475,0.137423565039809
7.243848769753951,0.13905846738220626
7.244248849769954,0.1407123628086404
7.244648929785957,0.14238360575064157
7.24504900980196,0.14407039559973353
7.2454490898179635,0.1457707711787196
7.245849169833967,0.1474826057726955
7.24624924984997,0.1492036028400057
7.246649329865973,0.15093129253108173
7.247049409881976,0.15266302914990304
7.2474494898979795,0.15439598969840593
7.247849569913983,0.156127173647649
7.248249649929986,0.15785340408132656
7.248649729945989,0.15957133035612078
7.249049809961992,0.16127743241947418
7.2494498899779956,0.16296802691826465
7.249849969993999,0.1646392752207158
7.250250050010002,0.1662871934591575
7.250650130026005,0.16790766468191778
7.251050210042008,0.16949645317905992
7.251450290058012,0.171049221018781
7.251850370074015,0.17256154679874985
7.252250450090018,0.17402894658046264
7.252650530106021,0.17544689693452087
7.253050610122024,0.17681085998172585
7.253450690138028,0.1781163102697404
7.253850770154031,0.179358763278479
7.254250850170034,0.180533805301089
7.254650930186037,0.1816371244020853
7.25505101020204,0.1826645421117336
7.255451090218044,0.18361204547755902
7.255851170234047,0.18447581906111538
7.25625125025005,0.1852522764427896
7.256651330266053,0.18593809078029294
7.257051410282056,0.18653022395903818
7.25745149029806,0.18702595387564666
7.257851570314063,0.18742289940973875
7.258251650330066,0.18771904266445694
7.258651730346069,0.18791274809233438
7.259051810362072,0.18800277816975763
7.259451890378076,0.18798830533930005
7.259851970394079,0.18786892000318361
7.260252050410082,0.18764463442142562
7.260652130426085,0.18731588244279052
7.261052210442088,0.1868835150733695
7.261452290458092,0.18634879196413642
7.261852370474095,0.18571336897302107
7.262252450490098,0.18497928202660566
7.262652530506101,0.1841489275696723
7.263052610522104,0.1832250399457677
7.263452690538108,0.18221066609725362
7.263852770554111,0.1811091380082942
7.264252850570114,0.17992404333794837
7.264652930586117,0.17865919470321434
7.26505301060212,0.177318598073541
7.265453090618124,0.17590642072952078
7.265853170634127,0.17442695922047427
7.26625325065013,0.17288460772903758
7.266653330666133,0.17128382721756363
7.267053410682136,0.16962911569226258
7.26745349069814,0.16792497987798105
7.267853570714143,0.16617590855129055
7.268253650730146,0.16438634773283348
7.268653730746149,0.1625606778936431
7.269053810762152,0.1607031932851498
7.269453890778156,0.15881808345973053
7.269853970794159,0.156909417009251
7.270254050810162,0.15498112751289694
7.270654130826165,0.15303700165389558
7.271054210842168,0.15108066943724563
7.271454290858172,0.1491155964173637
7.271854370874175,0.14714507782611305
7.272254450890178,0.14517223447699237
7.272654530906181,0.14320001031092047
7.273054610922184,0.14123117144222028
7.273454690938188,0.13926830655969719
7.273854770954191,0.13731382853728566
7.274254850970194,0.13536997711032037
7.274654930986197,0.13343882247754946
7.2750550110022,0.13152226969461842
7.275455091018204,0.129622063731534
7.275855171034207,0.12773979507479785
7.27625525105021,0.12587690576329585
7.276655331066213,0.12403469575623934
7.277055411082216,0.122214329540711
7.27745549109822,0.12041684289548564
7.277855571114223,0.11864314973712092
7.278255651130226,0.11689404898289485
7.278655731146229,0.11517023137372849
7.279055811162232,0.11347228620816965
7.279455891178236,0.11180070794580624
7.279855971194239,0.11015590264555054
7.280256051210242,0.10853819421031798
7.280656131226245,0.10694783041547036
7.281056211242248,0.1053849887035282
7.281456291258252,0.10384978173212132
7.281856371274255,0.10234226266639201
7.282256451290258,0.10086243021042576
7.2826565313062614,0.09941023337548115
7.283056611322264,0.09798557598542972
7.283456691338268,0.09658832092193947
7.283856771354271,0.095218294113981
7.284256851370274,0.09387528827759933
7.2846569313862775,0.09255906641324457
7.28505701140228,0.09126936506892494
7.285457091418284,0.09000589737808427
7.285857171434287,0.08876835588180376
7.28625725145029,0.08755641514512447
7.2866573314662935,0.08636973417759865
7.287057411482296,0.08520795866824771
7.2874574914983,0.0840707230449826
7.287857571514303,0.08295765236856567
7.288257651530306,0.08186836407085195
7.2886577315463095,0.08080246954688859
7.289057811562312,0.07975957561014338
7.289457891578316,0.07873928581971848
7.289857971594319,0.07774120168817321
7.290258051610322,0.07676492377807377
7.2906581316263255,0.07581005269508154
7.291058211642328,0.07487618998499655
7.291458291658332,0.0739629389417055
7.291858371674335,0.07306990533271285
7.292258451690338,0.07219669804843769
7.2926585317063415,0.07134292968116097
7.293058611722344,0.0705082170391458
7.293458691738348,0.06969218160104114
7.293858771754351,0.06889444991545098
7.294258851770354,0.06811465395013071
7.2946589317863575,0.06735243139503438
7.29505901180236,0.06660742592314932
7.295459091818364,0.06587928741271899
7.295859171834367,0.06516767213429556
7.29625925185037,0.06447224290572452
7.2966593318663735,0.0637926692179976
7.297059411882376,0.06312862733469053
7.29745949189838,0.06247980036744975
7.297859571914383,0.06184587832988594
7.298259651930386,0.06122655817197342
7.2986597319463895,0.06062154379694255
7.299059811962392,0.06003054606249562
7.299459891978396,0.05945328276798622
7.299859971994399,0.05888947862914337
7.300260052010402,0.05833886524172278
7.3006601320264055,0.057801181035399635
7.301060212042408,0.057276171219108156
7.301460292058412,0.05676358771889133
7.301860372074415,0.056263189109297916
7.302260452090418,0.05577474053921356
7.3026605321064215,0.05529801365297513
7.303060612122424,0.05483278650754233
7.303460692138428,0.05437884348639645
7.303860772154431,0.05393597521083199
7.304260852170434,0.053503978449191344
7.3046609321864375,0.05308265602457758
7.30506101220244,0.05267181672152855
7.305461092218444,0.05227127519205956
7.305861172234447,0.05188085186149082
7.30626125225045,0.05150037283438794
7.3066613322664535,0.051129669800941226
7.307061412282456,0.050768579944075964
7.30746149229846,0.050416945847528837
7.307861572314463,0.05007461540514297
7.308261652330466,0.04974144173156608
7.3086617323464695,0.04941728307454202
7.309061812362472,0.04910200272896438
7.309461892378476,0.04879546895281705
7.309861972394479,0.04849755488514996
7.310262052410482,0.048208138466182576
7.3106621324264855,0.047927102359641
7.311062212442488,0.047654333877417195
7.311462292458492,0.04738972490660981
7.311862372474495,0.047133171839026315
7.312262452490498,0.046884575503184936
7.312662532506502,0.046643841098868044
7.313062612522504,0.04641087813426865
7.313462692538508,0.0461856003657471
7.313862772554511,0.04596792574023825
7.314262852570514,0.04575777634031373
7.314662932586518,0.04555507833191882
7.31506301260252,0.045359761914796716
7.315463092618524,0.045171761275593414
7.315863172634527,0.04499101454365759
7.31626325265053,0.04481746374952181
7.316663332666534,0.044651054786064126
7.317063412682536,0.04449173737234476
7.31746349269854,0.04433946502009748
7.317863572714543,0.04419419500287252
7.318263652730546,0.044055888327806374
7.31866373274655,0.043924509710002856
7.319063812762552,0.04380002754950831
7.319463892778556,0.043682413910849927
7.319863972794559,0.04357164450512033
7.320264052810562,0.04346769867457424
7.320664132826566,0.04337055937970938
7.321064212842568,0.043280213188801445
7.321464292858572,0.04319665026985172
7.321864372874575,0.043119864384915316
7.322264452890578,0.04304985288676322
7.322664532906582,0.042986616717834984
7.323064612922584,0.04293016041143425
7.323464692938588,0.042880492095110356
7.323864772954591,0.042837623496171234
7.324264852970594,0.04280156994926219
7.324664932986598,0.04277235040594225
7.3250650130026,0.04274998744618355
7.325465093018604,0.04273450729170975
7.325865173034607,0.04272593982108565
7.32626525305061,0.04272431858645783
7.326665333066614,0.04272968083183965
7.327065413082616,0.04274206751282177
7.32746549309862,0.04276152331758002
7.327865573114623,0.042788096689037214
7.328265653130626,0.04282183984802494
7.32866573314663,0.04286280881727444
7.329065813162632,0.042911063446049114
7.329465893178636,0.042966667435215405
7.329865973194639,0.04302968836252569
7.330266053210642,0.04310019770786906
7.330666133226646,0.043178270878220605
7.331066213242648,0.04326398723199156
7.331466293258652,0.043357430102462964
7.331866373274655,0.04345868681994304
7.332266453290658,0.04356784873226785
7.332666533306662,0.04368501122322129
7.333066613322664,0.04381027372840993
7.333466693338668,0.043943739748096636
7.333866773354671,0.0440855168564348
7.334266853370674,0.04423571670651169
7.334666933386678,0.04439445503054452
7.33506701340268,0.04456185163451525
7.335467093418684,0.04473803038647791
7.335867173434687,0.044923119197686594
7.33626725345069,0.04511724999563727
7.336667333466694,0.045320558688027375
7.337067413482696,0.04553318511654933
7.3374674934987,0.045755272999361156
7.337867573514703,0.04598696986095365
7.338267653530706,0.04622842694805711
7.33866773354671,0.04647979913010197
7.339067813562712,0.0467412447826299
7.339467893578716,0.04701292565194554
7.339867973594719,0.04729500669913618
7.340268053610722,0.04758765592147753
7.340668133626726,0.04789104414907714
7.341068213642728,0.048205344814450005
7.341468293658732,0.04853073369258303
7.341868373674735,0.0488673886088397
7.342268453690738,0.04921548911191842
7.342668533706742,0.04957521610887499
7.343068613722744,0.04994675145903248
7.343468693738748,0.05033027752344108
7.3438687737547514,0.05072597666631783
7.344268853770754,0.051134030704747604
7.344668933786758,0.0515546203027113
7.34506901380276,0.05198792430531911
7.345469093818764,0.05243411900898107
7.3458691738347675,0.052893377363028654
7.34626925385077,0.053365868098197725
7.346669333866774,0.05385175477721605
7.347069413882776,0.05435119476262341
7.34746949389878,0.054864338096909236
7.3478695739147835,0.055391326289946884
7.348269653930786,0.055932291008761084
7.34866973394679,0.05648735266467889
7.349069813962792,0.05705661889302353
7.349469893978796,0.05764018292073893
7.3498699739947995,0.05823812181753553
7.350270054010802,0.05885049462658096
7.350670134026806,0.05947734037119422
7.351070214042808,0.060118675934603544
7.351470294058812,0.060774493810621284
7.3518703740748155,0.06144475972391709
7.352270454090818,0.06212941011972809
7.352670534106822,0.06282834952406971
7.353070614122824,0.06354144777699516
7.353470694138828,0.0642685371432199
7.3538707741548315,0.06500940930630664
7.354270854170834,0.06576381225491161
7.354670934186837,0.06653144707203631
7.35507101420284,0.06731196464101964
7.355471094218844,0.0681049622850859
7.3558711742348475,0.06890998036062618
7.35627125425085,0.0697264988280041
7.356671334266853,0.0705539338276188
7.357071414282856,0.07139163429307474
7.35747149429886,0.07223887863768903
7.3578715743148635,0.07309487155508707
7.358271654330866,0.07395874097921835
7.358671734346869,0.0748295352537927
7.359071814362872,0.07570622056564968
7.359471894378876,0.07658767870096335
7.3598719743948795,0.07747270518722336
7.360272054410882,0.0783600078874713
7.360672134426885,0.07924820611624155
7.361072214442888,0.08013583034872905
7.361472294458892,0.08102132259583984
7.3618723744748955,0.08190303751767268
7.362272454490898,0.08277924434642851
7.362672534506901,0.083648129686651
7.363072614522904,0.08450780125573068
7.363472694538908,0.08535629262074118
7.3638727745549115,0.08619156897868474
7.364272854570914,0.08701153401602722
7.364672934586917,0.08781403787004809
7.36507301460292,0.08859688619892181
7.365473094618924,0.08935785034982179
7.3658731746349275,0.09009467859480158
7.36627325465093,0.09080510838304748
7.366673334666933,0.09148687953577483
7.367073414682936,0.09213774828690319
7.36747349469894,0.09275550204938135
7.3678735747149435,0.09333797476418475
7.368273654730946,0.0938830626672963
7.368673734746949,0.0943887402901951
7.369073814762952,0.09485307649217614
7.369473894778956,0.0952742503090324
7.3698739747949595,0.09565056639286303
7.370274054810962,0.09598046981263275
7.370674134826965,0.09626255998512465
7.371074214842968,0.09649560351134832
7.371474294858972,0.09667854570451892
7.3718743748749755,0.09681052061230683
7.372274454890978,0.0968908593579476
7.372674534906981,0.09691909665156757
7.373074614922984,0.09689497535403317
7.373474694938988,0.09681844900999878
7.3738747749549916,0.09668968230361338
7.374274854970994,0.09650904942851037
7.374674934986997,0.09627713040210938
7.3750750150030004,0.09599470539178902
7.375475095019004,0.09566274715602828
7.375875175035008,0.09528241173615729
7.37627525505101,0.09485502756305086
7.376675335067013,0.09438208316715851
7.3770754150830165,0.09386521369922456
7.37747549509902,0.09330618648251283
7.377875575115023,0.09270688582521447
7.378275655131026,0.09206929732406315
7.378675735147029,0.09139549188724824
7.3790758151630325,0.09068760969685567
7.379475895179036,0.08994784431901436
7.379875975195039,0.08917842715404607
7.380276055211042,0.08838161240021178
7.380676135227045,0.08755966268368398
7.3810762152430485,0.08671483548488197
7.381476295259052,0.08584937046822412
7.381876375275055,0.0849654777989944
7.382276455291058,0.08406532750833752
7.382676535307061,0.08315103994568127
7.3830766153230645,0.08222467733754213
7.383476695339068,0.0812882364532772
7.383876775355071,0.08034364236173996
7.384276855371074,0.07939274324851636
7.384676935387077,0.07843730625128358
7.3850770154030805,0.07747901426082852
7.385477095419084,0.07651946362758472
7.385877175435087,0.07556016270766619
7.38627725545109,0.07460253117855141
7.386677335467093,0.07364790005237616
7.3870774154830965,0.0726975123140169
7.3874774954991,0.0717525241118679
7.387877575515103,0.07081400643079383
7.388277655531106,0.0698829471794132
7.388677735547109,0.06896025362717982
7.3890778155631125,0.06804675513050858
7.389477895579116,0.06714320609154593
7.389877975595119,0.06625028909755445
7.390278055611122,0.06536861819356447
7.390678135627125,0.064498742245573
7.3910782156431285,0.06364114835607329
7.391478295659132,0.06279626529823727
7.391878375675135,0.061964466939216485
7.392278455691138,0.061146075627113786
7.392678535707141,0.060341365519936165
7.3930786157231445,0.059550565838262834
7.393478695739148,0.058773864026657706
7.393878775755151,0.05801140881166628
7.394278855771154,0.05726331314692069
7.394678935787157,0.05652965703821778
7.3950790158031605,0.05581049024345152
7.395479095819164,0.05510583484419552
7.395879175835167,0.05441568768722394
7.39627925585117,0.05374002269568359
7.396679335867173,0.05307879305078768
7.3970794158831765,0.05243193324582919
7.39747949589918,0.05179936101520402
7.397879575915183,0.051180979141713906
7.398279655931186,0.05057667714599974
7.398679735947189,0.04998633286236296
7.3990798159631925,0.0494098139054927
7.399479895979196,0.04884697903290723
7.399879975995199,0.04829767940798293
7.400280056011202,0.047761759768562784
7.400680136027205,0.04723905950615074
7.4010802160432085,0.04672941366062328
7.401480296059212,0.046232653835385044
7.401880376075215,0.04574860903772617
7.402280456091218,0.04527710644905097
7.402680536107221,0.044817972129496876
7.4030806161232245,0.044371031661259774
7.403480696139228,0.04393611073482341
7.403880776155231,0.04351303568204929
7.404280856171234,0.04310163395993055
7.404680936187237,0.04270173458862047
7.4050810162032406,0.042313168547122464
7.405481096219244,0.04193576912988978
7.405881176235247,0.04156937226734573
7.40628125625125,0.04121381681318583
7.406681336267253,0.040868944801143225
7.407081416283257,0.04053460167370035
7.40748149629926,0.040210636485108454
7.407881576315263,0.03989690208087464
7.408281656331266,0.0395932552557519
7.408681736347269,0.039299556892122486
7.409081816363273,0.03901567208050267
7.409481896379276,0.038741470223803996
7.409881976395279,0.03847682512682534
7.410282056411282,0.03822161507235631
7.410682136427285,0.037975722885160004
7.411082216443289,0.037739035984977715
7.411482296459292,0.03751144642963173
7.411882376475295,0.0372928509491759
7.412282456491298,0.03708315097197679
7.412682536507301,0.03688225264352112
7.413082616523305,0.0366900668386511
7.413482696539308,0.03650650916787926
7.413882776555311,0.036331499978337685
7.414282856571314,0.036164964349864555
7.414682936587317,0.03600683208666562
7.415083016603321,0.03585703770491216
7.415483096619324,0.035715520416598874
7.415883176635327,0.035582224109906635
7.41628325665133,0.03545709732627318
7.416683336667333,0.035340093234318457
7.417083416683337,0.035231169600709045
7.41748349669934,0.035130288758009685
7.417883576715343,0.03503741756950239
7.418283656731346,0.0349525273909126
7.418683736747349,0.03487559402892933
7.419083816763353,0.03480659769634743
7.419483896779356,0.03474552296361878
7.419883976795359,0.03469235870653585
7.420284056811362,0.034647098049723365
7.420684136827365,0.034609738305556435
7.421084216843369,0.0345802809080635
7.421484296859372,0.03455873134131793
7.421884376875375,0.03454509906175579
7.422284456891378,0.03453939741379656
7.422684536907381,0.034541643538076525
7.423084616923385,0.034551858271533696
7.423484696939388,0.03457006603851261
7.423884776955391,0.034596294731980615
7.424284856971394,0.03463057558386942
7.424684936987397,0.03467294302347176
7.425085017003401,0.03472343452274043
7.425485097019404,0.0347820904272433
7.425885177035407,0.03484895377144081
7.42628525705141,0.03492407007685298
7.426685337067413,0.03500748713158378
7.427085417083417,0.03509925474957511
7.42748549709942,0.0351994245078498
7.427885577115423,0.03530804945990683
7.428285657131426,0.03542518382332113
7.428685737147429,0.03555088263949093
7.429085817163433,0.035685201403380704
7.429485897179436,0.03582819566099026
7.429885977195439,0.035979920572195845
7.430286057211442,0.036140430436506686
7.430686137227445,0.0363097781791943
7.431086217243449,0.03648801479518807
7.431486297259452,0.036675188748051
7.431886377275455,0.036871345321323766
7.432286457291458,0.03707652591948826
7.432686537307461,0.037290767315800936
7.433086617323465,0.037514100844291715
7.433486697339468,0.03774655153326511
7.433886777355471,0.03798813717776978
7.434286857371474,0.03823886734864163
7.434686937387477,0.03849874233593026
7.435087017403481,0.038767752024809546
7.435487097419484,0.03904587470238255
7.435887177435487,0.039333075794242466
7.43628725745149,0.03962930653014084
7.436687337467493,0.03993450253871969
7.437087417483497,0.04024858237200336
7.4374874974995,0.04057144596114229
7.437887577515503,0.040902973005899415
7.4382876575315064,0.0412430213014422
7.438687737547509,0.04159142500724536
7.439087817563513,0.04194799286432685
7.439487897579516,0.04231250636854884
7.439887977595519,0.042684717909463495
7.4402880576115225,0.0430643488860228
7.440688137627525,0.04345108781248996
7.441088217643529,0.04384458843008257
7.441488297659532,0.04424446784212652
7.441888377675535,0.04465030469294983
7.4422884576915385,0.04506163741320285
7.442688537707541,0.04547796255682204
7.443088617723545,0.0458987332574222
7.443488697739548,0.04632335783433538
7.443888777755551,0.046751198580932046
7.4442888577715545,0.047181570770009465
7.444688937787557,0.04761374191294001
7.445089017803561,0.04804693131084964
7.445489097819564,0.04848030993712749
7.445889177835567,0.048913000691130144
7.4462892578515705,0.049344079062742165
7.446689337867573,0.0497725742464945
7.447089417883577,0.05019747074211522
7.44748949789958,0.050617710475475385
7.447889577915583,0.05103219546999734
7.4482896579315865,0.05143979109345544
7.448689737947589,0.05183932989879341
7.449089817963593,0.05222961607009489
7.449489897979596,0.052609430476080764
7.449889977995599,0.05297753632372044
7.4502900580116025,0.05333268539366153
7.450690138027605,0.05367362482748787
7.451090218043609,0.05399910442451187
7.451490298059612,0.054307884393067475
7.451890378075615,0.05459874348856237
7.4522904580916185,0.054870487458073824
7.452690538107621,0.05512195769951633
7.453090618123625,0.05535204003276596
7.453490698139628,0.05555967347093476
7.453890778155631,0.05574385887276416
7.4542908581716345,0.055903667352100714
7.454690938187637,0.05603824831802277
7.455091018203641,0.056146837019639316
7.455491098219644,0.056228761473004124
7.455891178235647,0.05628344865412135
7.4562912582516505,0.05631042985154775
7.456691338267653,0.056309345084523434
7.457091418283657,0.05627994650759777
7.45749149829966,0.05622210073999628
7.457891578315663,0.05613579007703941
7.4582916583316665,0.05602111256123751
7.458691738347669,0.05587828091166177
7.459091818363673,0.0557076203311964
7.459491898379676,0.055509565231726336
7.459891978395679,0.05528465493656219
7.4602920584116825,0.05503352843695971
7.460692138427685,0.05475691829494997
7.461092218443689,0.05445564379746257
7.461492298459692,0.05413060347669025
7.461892378475695,0.053782767118530785
7.4622924584916985,0.053413167384809744
7.462692538507701,0.05302289117582286
7.463092618523705,0.052613070857672334
7.463492698539708,0.05218487547425757
7.463892778555711,0.05173950205676019
7.4642928585717145,0.05127816713456214
7.464692938587717,0.050802098541051506
7.465093018603721,0.050312527596096786
7.465493098619724,0.0498106817346473
7.465893178635727,0.04929777763813087
7.4662932586517305,0.04877501491263122
7.466693338667733,0.04824357034543504
7.467093418683737,0.04770459275970231
7.46749349869974,0.047159198476103475
7.467893578715743,0.04660846738022623
7.4682936587317466,0.04605343958572604
7.468693738747749,0.045495112675518035
7.469093818763753,0.04493443949679496
7.469493898779756,0.044372326480463506
7.469893978795759,0.04380963245142505
7.470294058811763,0.04324716789317131
7.470694138827765,0.04268569462817775
7.471094218843769,0.04212592587446071
7.471494298859772,0.041568526638465095
7.471894378875775,0.04101411440480866
7.472294458891779,0.0404632600844634
7.472694538907781,0.039916489184445965
7.473094618923785,0.039374283163909785
7.473494698939788,0.03883708094374925
7.473894778955791,0.03830528053910639
7.474294858971795,0.03777924078668584
7.474694938987797,0.03725928314131343
7.475095019003801,0.03674569351866996
7.475495099019804,0.03623872416368983
7.475895179035807,0.03573859552646774
7.476295259051811,0.03524549812986751
7.476695339067813,0.03475959441520885
7.477095419083817,0.034281020554408105
7.47749549909982,0.03380988821889736
7.477895579115823,0.03334628629731289
7.478295659131827,0.03289028255555482
7.478695739147829,0.03244192523423054
7.479095819163833,0.0320012445797214
7.479495899179836,0.031568254306284016
7.479895979195839,0.031142952987520546
7.480296059211843,0.030725325376437414
7.480696139227845,0.030315343654041843
7.481096219243849,0.029912968607013597
7.481496299259852,0.02951815073556217
7.481896379275855,0.02913083129295997
7.482296459291859,0.028750943258624876
7.482696539307861,0.028378412246902667
7.483096619323865,0.02801315735388525
7.483496699339868,0.027655091944805952
7.483896779355871,0.027304124384617594
7.484296859371875,0.02696015871445681
7.484696939387877,0.02662309527673003
7.485097019403881,0.02629283129153127
7.485497099419884,0.025969261387121648
7.485897179435887,0.025652278087113536
7.486297259451891,0.025341772256967914
7.486697339467893,0.025037633512336867
7.487097419483897,0.024739750591673142
7.4874974994999,0.0244480116954729
7.487897579515903,0.024162304794379974
7.488297659531907,0.023882517908301135
7.488697739547909,0.023608539358574918
7.489097819563913,0.023340257995109494
7.489497899579916,0.02307756340033372
7.489897979595919,0.022820346071667955
7.490298059611923,0.022568497584142245
7.490698139627925,0.02232191073468997
7.491098219643929,0.022080479669532645
7.491498299659932,0.021844099996010547
7.491898379675935,0.02161266888009879
7.492298459691939,0.02138608513078562
7.492698539707941,0.021164249272412162
7.493098619723945,0.02094706360598257
7.493498699739948,0.020734432260412616
7.493898779755951,0.02052626123459304
7.494298859771955,0.02032245843110137
7.494698939787957,0.02012293368233792
7.495099019803961,0.019927598769793043
7.495499099819964,0.019736367437127336
7.495899179835967,0.019549155397674746
7.496299259851971,0.019365880336949554
7.496699339867973,0.01918646191069589
7.497099419883977,0.019010821738964647
7.49749949989998,0.018838883396687402
7.497899579915983,0.018670572401159005
7.498299659931987,0.0185058161968218
7.498699739947989,0.018344544137711173
7.499099819963993,0.01818668746787974
7.499499899979996,0.018032179300109096
7.499899979995999,0.01788095459317086
7.500300060012003,0.017732950127886556
7.500700140028005,0.017588104482211507
7.501100220044009,0.017446358005533447
7.5015003000600124,0.01730765279237501
7.501900380076015,0.017171932655650587
7.502300460092019,0.017039143099622327
7.502700540108021,0.016909231292682417
7.503100620124025,0.016782146040062975
7.5035007001400285,0.016657837756577237
7.503900780156031,0.01653625843946599
7.504300860172035,0.01641736164142202
7.504700940188037,0.016301102443853428
7.505101020204041,0.016187437430427384
7.5055011002200445,0.01607632466094173
7.505901180236047,0.015967723645548045
7.506301260252051,0.015861595319351898
7.506701340268053,0.01575790201740805
7.507101420284057,0.0156566074501136
7.5075015003000605,0.015557676679008623
7.507901580316063,0.015461076092975375
7.508301660332067,0.015366773384829563
7.508701740348069,0.01527473752829151
7.509101820364073,0.015184938755312809
7.5095019003800765,0.015097348533740238
7.509901980396079,0.015011939545282538
7.510302060412083,0.014928685663747962
7.510702140428085,0.014847561933515017
7.511102220444089,0.014768544548187493
7.5115023004600925,0.014691610829389747
7.511902380476095,0.01461673920564265
7.512302460492099,0.014543909191261674
7.512702540508101,0.014473101365212244
7.513102620524105,0.014404297349845786
7.5135027005401085,0.014337479789442373
7.513902780556111,0.014272632328470305
7.514302860572115,0.014209739589471321
7.514702940588117,0.014148787150472441
7.515103020604121,0.01408976152181223
7.5155031006201245,0.014032650122268895
7.515903180636127,0.013977441254360776
7.516303260652131,0.013924124078685127
7.516703340668133,0.013872688587151226
7.517103420684137,0.013823125574948502
7.5175035007001405,0.01377542661108659
7.517903580716143,0.013729584007325468
7.518303660732147,0.01368559078530634
7.518703740748149,0.01364344064168056
7.519103820764153,0.013603127911017622
7.5195039007801565,0.013564647526264741
7.519903980796159,0.013527994976511325
7.520304060812163,0.013493166261800645
7.520704140828165,0.013460157844716044
7.521104220844169,0.013428966598451504
7.5215043008601725,0.013399589751065847
7.521904380876175,0.01337202482560117
7.522304460892179,0.013346269575734156
7.522704540908181,0.013322321916615138
7.523104620924185,0.013300179850534874
7.5235047009401885,0.013279841387050234
7.523904780956191,0.013261304457186889
7.524304860972195,0.013244566821330815
7.524704940988197,0.013229625970414294
7.525105021004201,0.013216479019997977
7.5255051010202045,0.013205122596853443
7.525905181036207,0.013195552717654083
7.526305261052211,0.013187764659393184
7.526705341068213,0.013181752821164464
7.527105421084217,0.013177510576962587
7.5275055011002205,0.013175030119193206
7.527905581116223,0.013174302292621402
7.528305661132227,0.013175316418538242
7.528705741148229,0.01317806010898698
7.529105821164233,0.01318251907096501
7.5295059011802365,0.013188676900606931
7.529905981196239,0.013196514867458565
7.530306061212243,0.013206011689073602
7.530706141228245,0.013217143296304313
7.531106221244249,0.013229882589818066
7.531506301260253,0.013244199188550838
7.531906381276255,0.013260059171012459
7.532306461292259,0.013277424810581886
7.5327065413082614,0.013296254306177825
7.533106621324265,0.01331650150996131
7.533506701340269,0.013338115654015948
7.533906781356271,0.013361041078265808
7.534306861372275,0.013385216962219688
7.5347069413882775,0.013410577063475574
7.535107021404281,0.013437049466277391
7.535507101420285,0.013464556343775197
7.535907181436287,0.013493013738004708
7.53630726145229,0.013522331361952302
7.5367073414682935,0.013552412428407585
7.537107421484297,0.013583153510611665
7.537507501500301,0.013614444439975832
7.537907581516303,0.013646168246355455
7.538307661532306,0.013678201146509217
7.5387077415483095,0.013710412586431537
7.539107821564313,0.013742665343207719
7.539507901580317,0.01377481569188603
7.539907981596319,0.013806713642573942
7.540308061612322,0.013838203252536893
7.5407081416283255,0.0138691230174889
7.541108221644329,0.013899306345511531
7.541508301660333,0.013928582116111823
7.541908381676335,0.013956775325829463
7.542308461692338,0.01398370782053649
7.5427085417083415,0.014009199113144319
7.543108621724345,0.014033067283865433
7.543508701740349,0.014055129958491244
7.543908781756351,0.014075205358376124
7.544308861772354,0.014093113414001752
7.5447089417883575,0.01410867693217792
7.545109021804361,0.014121722805170302
7.545509101820365,0.014132083248386903
7.545909181836367,0.014139597051759479
7.54630926185237,0.014144110828686897
7.5467093418683735,0.014145480245415704
7.547109421884377,0.01414357121307464
7.547509501900381,0.014138261024295514
7.547909581916383,0.014129439416479098
7.548309661932386,0.01411700954432137
7.5487097419483895,0.014100888845211455
7.549109821964393,0.014081009782538725
7.549509901980397,0.014057320453778822
7.549909981996399,0.01402978505242818
7.550310062012402,0.013998384175366758
7.5507101420284055,0.013963114969984676
7.551110222044409,0.013923991118329183
7.551510302060413,0.01388104265853064
7.551910382076415,0.013834315646762838
7.552310462092418,0.013783871665891154
7.5527105421084215,0.01372978718968428
7.553110622124425,0.013672152813928154
7.553510702140429,0.01361107236792299
7.553910782156431,0.013546661921614557
7.554310862172434,0.013479048704965173
7.5547109421884375,0.01340836995709578
7.555111022204441,0.013334771723213575
7.555511102220445,0.013258407617394555
7.555911182236447,0.013179437568943773
7.55631126225245,0.01309802656933329
7.5567113422684535,0.013014343435678418
7.557111422284457,0.012928559605395325
7.557511502300461,0.012840847975153518
7.557911582316463,0.012751381795554014
7.558311662332466,0.012660333631176437
7.5587117423484695,0.01256787439381551
7.559111822364473,0.012474172454905487
7.559511902380476,0.012379392841364713
7.559911982396479,0.012283696517418046
7.560312062412482,0.012187239753402202
7.5607121424284855,0.012090173581141946
7.561112222444489,0.011992643334248267
7.561512302460492,0.011894788270600238
7.561912382476495,0.011796741273376429
7.562312462492498,0.011698628626270788
7.562712542508502,0.011600569857955286
7.563112622524505,0.011502677650455826
7.563512702540508,0.011405057805831467
7.563912782556511,0.01130780926542067
7.564312862572514,0.011211024175898462
7.564712942588518,0.011114787996459905
7.565113022604521,0.011019179641618762
7.565513102620524,0.01092427165432802
7.565913182636527,0.010830130404418709
7.56631326265253,0.010736816307675544
7.566713342668534,0.01064438406121054
7.567113422684537,0.01055288289117337
7.56751350270054,0.010462356809200204
7.567913582716543,0.010372844874383077
7.568313662732546,0.0102843814579081
7.56871374274855,0.010196996507857253
7.569113822764553,0.010110715812016243
7.569513902780556,0.010025561256836454
7.569913982796559,0.009941551081000621
7.570314062812562,0.009858700122312358
7.570714142828566,0.009777020056869342
7.571114222844569,0.009696519629712932
7.571514302860572,0.009617204876334147
7.571914382876575,0.009539079334598024
7.572314462892578,0.00946214424680088
7.572714542908582,0.009386398751701205
7.573114622924585,0.009311840066487796
7.573514702940588,0.009238463658734614
7.573914782956591,0.009166263408477498
7.574314862972594,0.009095231760613234
7.574714942988598,0.00902535986786809
7.575115023004601,0.008956637724633334
7.575515103020604,0.008889054291987922
7.575915183036607,0.008822597614257197
7.57631526305261,0.008757254927472213
7.576715343068614,0.008693012760098652
7.577115423084617,0.008629857026417121
7.57751550310062,0.008567773112928582
7.577915583116623,0.008506745958160864
7.578315663132626,0.008446760126245617
7.57871574314863,0.00838779987462213
7.579115823164633,0.008329849216221798
7.579515903180636,0.008272891976468204
7.579915983196639,0.008216911845419816
7.580316063212642,0.00816189242536949
7.580716143228646,0.008107817274196679
7.581116223244649,0.008054669944761539
7.581516303260652,0.008002434020609512
7.581916383276655,0.00795109314824547
7.582316463292658,0.007900631066222845
7.582716543308662,0.007851031631275913
7.583116623324665,0.0078022788417166965
7.583516703340668,0.0077543568582991345
7.583916783356671,0.00770725002274504
7.584316863372674,0.00766094287411448
7.584716943388678,0.0076154201631883816
7.585117023404681,0.007570666865026203
7.585517103420684,0.007526668189845346
7.585917183436687,0.007483409592363225
7.58631726345269,0.007440876779733041
7.586717343468694,0.007399055718192504
7.587117423484697,0.0073579326385414855
7.5875175035007,0.007317494040551549
7.587917583516703,0.007277726696406009
7.588317663532706,0.007238617653262322
7.58871774354871,0.007200154235018605
7.589117823564713,0.007162324043365009
7.589517903580716,0.007125114958189713
7.589917983596719,0.007088515137407151
7.590318063612722,0.007052513016270783
7.590718143628726,0.007017097306224979
7.591118223644729,0.00698225699335075
7.591518303660732,0.006947981336451325
7.591918383676735,0.006914259864822529
7.592318463692738,0.006881082375749208
7.592718543708742,0.0068484389317629655
7.593118623724745,0.006816319857697409
7.593518703740748,0.00678471573757014
7.5939187837567514,0.006753617411320614
7.594318863772754,0.006723015971430347
7.594718943788758,0.006692902759447374
7.595119023804761,0.006663269362438199
7.595519103820764,0.006634107609385152
7.5959191838367675,0.006605409567547154
7.59631926385277,0.006577167538800471
7.596719343868774,0.006549374055972102
7.597119423884777,0.006522021879180449
7.59751950390078,0.006495103992193185
7.5979195839167835,0.0064686135988131725
7.598319663932786,0.006442544119302091
7.59871974394879,0.006416889186848272
7.599119823964793,0.006391642644087529
7.599519903980796,0.00636679853968168
7.5999199839967995,0.006342351124960655
7.600320064012802,0.00631829485063312
7.600720144028806,0.006294624363568151
7.601120224044809,0.00627133450365264
7.601520304060812,0.00624842030072555
7.6019203840768155,0.006225876971591437
7.602320464092818,0.006203699917115113
7.602720544108822,0.00618188471939693
7.603120624124825,0.006160427139030519
7.603520704140828,0.006139323112441492
7.6039207841568315,0.006118568749307081
7.604320864172834,0.006098160330055956
7.604720944188838,0.006078094303445601
7.605121024204841,0.006058367284216624
7.605521104220844,0.006038976050820489
7.6059211842368475,0.006019917543218296
7.60632126425285,0.006001188860747785
7.606721344268854,0.005982787260053725
7.607121424284857,0.005964710153078972
7.60752150430086,0.005946955105110288
7.6079215843168635,0.005929519832874487
7.608321664332866,0.005912402202679501
7.60872174434887,0.005895600228593398
7.609121824364873,0.005879112070655675
7.609521904380876,0.005862936033112768
7.6099219843968795,0.005847070562670112
7.610322064412882,0.005831514246752671
7.610722144428886,0.00581626581176373
7.611122224444889,0.005801324121333075
7.611522304460892,0.00578668817454287
7.6119223844768955,0.0057723571041199935
7.612322464492898,0.005758330174582721
7.612722544508902,0.00574460678032734
7.613122624524905,0.005731186443641382
7.613522704540908,0.005718068812627105
7.6139227845569115,0.005705253659018823
7.614322864572914,0.005692740875876658
7.614722944588918,0.0056805304751367715
7.615123024604921,0.00566862258499858
7.615523104620924,0.005657017447126298
7.6159231846369275,0.0056457154136418455
7.61632326465293,0.00563471694388448
7.616723344668934,0.005624022600909938
7.617123424684937,0.00561363304770174
7.61752350470094,0.00560354904306398
7.6179235847169435,0.0055937714371641755
7.618323664732946,0.005584301166692599
7.61872374474895,0.0055751392496020125
7.619123824764953,0.005566286779390772
7.619523904780956,0.0055577449188891955
7.6199239847969595,0.005549514893507637
7.620324064812962,0.00554159798390266
7.620724144828966,0.005533995518014997
7.621124224844969,0.005526708862431766
7.621524304860972,0.005519739413022575
7.6219243848769755,0.005513088584797506
7.622324464892978,0.0055067578009331776
7.622724544908982,0.005500748480910598
7.623124624924985,0.005495062027707554
7.623524704940988,0.005489699813985979
7.6239247849569916,0.005484663167213678
7.624324864972994,0.005479953353658659
7.624724944988998,0.005475571561192817
7.625125025005001,0.005471518880841831
7.625525105021004,0.0054677962870170235
7.625925185037008,0.005464404616365644
7.62632526505301,0.005461344545176327
7.626725345069014,0.005458616565277565
7.627125425085017,0.005456220958369038
7.62752550510102,0.005454157768727965
7.627925585117024,0.00545242677423612
7.628325665133026,0.0054510274556775476
7.62872574514903,0.005449958964262552
7.629125825165033,0.005449220087340475
7.629525905181036,0.005448809212272061
7.62992598519704,0.005448724288442654
7.630326065213042,0.005448962787409597
7.630726145229046,0.005449521661191779
7.631126225245049,0.00545039729872672
7.631526305261052,0.005451585480540655
7.631926385277056,0.0054530813317010185
7.632326465293058,0.005454879273147945
7.632726545309062,0.005456972971533295
7.633126625325065,0.0054593552877317065
7.633526705341068,0.005462018224229507
7.633926785357072,0.005464952871643539
7.634326865373074,0.005468149354673752
7.634726945389078,0.005471596777850945
7.635127025405081,0.005475283171503723
7.635527105421084,0.005479195438437237
7.635927185437088,0.005483319301889324
7.63632726545309,0.005487639255406991
7.636727345469094,0.0054921385153671376
7.637127425485097,0.005496798976947602
7.6375275055011,0.005501601174437816
7.637927585517104,0.0055065242468592245
7.638327665533106,0.005511545909942219
7.63872774554911,0.005516642435576623
7.639127825565113,0.005521788639911309
7.639527905581116,0.005526957881325152
7.63992798559712,0.00553212206951905
7.640328065613122,0.005537251686985583
7.640728145629126,0.005542315824094749
7.641128225645129,0.00554728222898592
7.641528305661132,0.005552117373376218
7.641928385677136,0.005556786535279078
7.642328465693138,0.005561253899471999
7.642728545709142,0.00556548267635865
7.643128625725145,0.005569435239634966
7.643528705741148,0.0055730732828948686
7.643928785757152,0.005576357994998788
7.644328865773154,0.005579250253682368
7.644728945789158,0.005581710836508538
7.645129025805161,0.0055837006478702805
7.645529105821164,0.005585180960343572
7.645929185837168,0.005586113668279523
7.64632926585317,0.005586461551123781
7.646729345869174,0.005586188543572516
7.647129425885177,0.005585260009330325
7.64752950590118,0.005583643014940273
7.647929585917184,0.005581306599922202
7.648329665933186,0.005578222039294487
7.64872974594919,0.005574363094476683
7.649129825965193,0.005569706248583861
7.649529905981196,0.005564230922232861
7.6499299859972,0.005557919666188687
7.650330066013202,0.005550758327483779
7.650730146029206,0.0055427361860389355
7.651130226045209,0.005533846059294426
7.651530306061212,0.005524084372909781
7.651930386077216,0.005513451196197632
7.652330466093218,0.005501950241603056
7.652730546109222,0.005489588828204766
7.653130626125225,0.0054763778098821225
7.653530706141228,0.005462331469437715
7.653930786157232,0.005447467380574909
7.654330866173234,0.005431806240183448
7.654730946189238,0.005415371673868491
7.655131026205241,0.005398190018061207
7.655531106221244,0.005380290082357731
7.655931186237248,0.0053617028959488
7.65633126625325,0.005342461442119346
7.656731346269254,0.005322600384817455
7.6571314262852574,0.005302155791225076
7.65753150630126,0.005281164854108703
7.657931586317264,0.005259665617505059
7.658331666333266,0.005237696709010831
7.65873174634927,0.005215297081609199
7.6591318263652735,0.00519250576759825
7.659531906381276,0.005169361646790528
7.65993198639728,0.005145903230751371
7.660332066413282,0.005122168464440866
7.660732146429286,0.0050981945462310625
7.6611322264452895,0.0050740177669006715
7.661532306461292,0.005049673367860984
7.661932386477296,0.005025195418554762
7.662332466493298,0.005000616712691433
7.662732546509302,0.004975968682739331
7.6631326265253055,0.0049512813318963724
7.663532706541308,0.0049265831825936615
7.663932786557312,0.004901901240460872
7.664332866573314,0.004877260972589807
7.664732946589318,0.004852686298869702
7.6651330266053215,0.004828199595138796
7.665533106621324,0.004803821706887069
7.665933186637328,0.004779571972261854
7.66633326665333,0.004755468253161401
7.666733346669334,0.004731526973247926
7.6671334266853375,0.0047077631617744075
7.66753350670134,0.004684190502185351
7.667933586717344,0.004660821384528322
7.668333666733346,0.004637666960791711
7.66873374674935,0.0046147372023628295
7.6691338267653535,0.004592040958883406
7.669533906781356,0.004569586017856118
7.66993398679736,0.004547379164433577
7.670334066813362,0.004525426240894586
7.670734146829366,0.004503732205379313
7.6711342268453695,0.004482301189522289
7.671534306861372,0.004461136554678745
7.671934386877376,0.004440240946496104
7.672334466893378,0.004419616347631685
7.672734546909382,0.004399264128460579
7.6731346269253855,0.004379185095659838
7.673534706941388,0.00435937953858764
7.673934786957392,0.004339847273408301
7.674334866973394,0.004320587684940772
7.674734946989398,0.004301599766229465
7.6751350270054015,0.004282882155858147
7.675535107021404,0.004264433173041548
7.675935187037408,0.004246250850544248
7.67633526705341,0.004228332965487404
7.676735347069414,0.004210677068110939
7.6771354270854175,0.00419328050856794
7.67753550710142,0.0041761404618305435
7.677935587117424,0.004159253950791449
7.678335667133426,0.004142617867647389
7.67873574714943,0.004126228993650339
7.6791358271654335,0.0041100840173145465
7.679535907181436,0.004094179551164601
7.67993598719744,0.004078512147109587
7.680336067213442,0.0040630783105265415
7.680736147229446,0.004047874513132708
7.6811362272454495,0.004032897204725441
7.681536307261452,0.004018142823863627
7.681936387277456,0.004003607807562728
7.682336467293458,0.003989288600072136
7.682736547309462,0.003975181660799179
7.6831366273254655,0.003961283471442502
7.683536707341468,0.0039475905423924686
7.683936787357472,0.003934099418454075
7.684336867373474,0.003920806683944538
7.684736947389478,0.0039077089672136045
7.6851370274054815,0.0038948029446331544
7.685537107421484,0.003882085344098129
7.685937187437488,0.0038695529480790017
7.68633726745349,0.0038572025962632607
7.686737347469494,0.0038450311878198765
7.6871374274854976,0.00383303568331971
7.6875375075015,0.003821213106341091
7.687937587517504,0.0038095605447884097
7.6883376675335064,0.0037980751519496583
7.68873774754951,0.0037867541473158525
7.689137827565514,0.0037755948171848937
7.689537907581516,0.0037645945150694077
7.68993798759752,0.0037537506619272753
7.6903380676135225,0.003743060746232112
7.690738147629526,0.003732522323898755
7.69113822764553,0.0037221330180788477
7.691538307661532,0.003711890518839065
7.691938387677536,0.003701792582734357
7.6923384676935385,0.0036918370322874777
7.692738547709542,0.0036820217553844145
7.693138627725546,0.003672344704595716
7.693538707741548,0.0036628038964316677
7.693938787757552,0.003653397410539424
7.6943388677735545,0.0036441233888494704
7.694738947789558,0.0036349800346775164
7.695139027805562,0.0036259656117884898
7.695539107821564,0.0036170784434277417
7.695939187837568,0.00360831691132473
7.6963392678535705,0.0035996794546741566
7.696739347869574,0.0035911645690982724
7.697139427885578,0.0035827708055948876
7.69753950790158,0.0035744967694740894
7.697939587917584,0.003566341119286952
7.6983396679335865,0.003558302565749122
7.69873974794959,0.0035503798706610283
7.699139827965594,0.003542571845827007
7.699539907981596,0.0035348773519740264
7.6999399879976,0.003527295297670793
7.7003400680136025,0.0035198246382472137
7.700740148029606,0.0035124643747128236
7.70114022804561,0.003505213552672861
7.701540308061612,0.0034980712612386433
7.701940388077616,0.0034910366319284326
7.7023404680936185,0.0034841088375536493
7.702740548109622,0.0034772870910834194
7.703140628125626,0.0034705706444796893
7.703540708141628,0.0034639587874928527
7.703940788157632,0.003457450846406493
7.7043408681736345,0.0034510461827181333
7.704740948189638,0.0034447441917405714
7.705141028205642,0.0034385443011071847
7.705541108221644,0.0034324459691620728
7.705941188237648,0.003426448683214517
7.7063412682536505,0.003420551957635493
7.706741348269654,0.003414755331771994
7.707141428285658,0.003409058367654118
7.70754150830166,0.0034034606474680437
7.707941588317664,0.0033979617707675072
7.7083416683336665,0.003392561351395732
7.70874174834967,0.0033872590140890434
7.709141828365674,0.0033820543907341545
7.709541908381676,0.0033769471162508444
7.70994198839768,0.003371936824073013
7.7103420684136825,0.0033670231412023972
7.710742148429686,0.0033622056828103864
7.71114222844569,0.003357484046366129
7.711542308461692,0.0033528578052709063
7.711942388477696,0.0033483265019820037
7.7123424684936985,0.003343889640612496
7.712742548509702,0.0033395466789965913
7.713142628525706,0.003335297020214677
7.713542708541708,0.0033311400035760655
7.713942788557712,0.003327074895062412
7.7143428685737145,0.0033231008772400448
7.714742948589718,0.0033192170386546187
7.715143028605722,0.003315422362728245
7.715543108621724,0.003311715716185333
7.715943188637728,0.0033080958370410615
7.7163432686537305,0.003304561322194322
7.716743348669734,0.0033011106146754493
7.717143428685738,0.0032977419906090565
7.71754350870174,0.003294453545962225
7.717943588717744,0.003291243183159884
7.7183436687337466,0.0032881085976614105
7.71874374874975,0.0032850472646053248
7.719143828765754,0.003282056425643205
7.719543908781756,0.0032791330760983243
7.719943988797759,0.0032762739525998433
7.720344068813763,0.0032734755213591118
7.720744148829766,0.0032707339672701967
7.72114422884577,0.003268045184032399
7.721544308861772,0.003265404765507413
7.721944388877775,0.0032628079985376527
7.722344468893779,0.0032602498574644877
7.722744548909782,0.003257725000595128
7.723144628925786,0.0032552277688741187
7.723544708941788,0.0032527521870188837
7.723944788957791,0.003250291967378122
7.724344868973795,0.0032478405167660354
7.724744948989798,0.00324539094651381
7.725145029005802,0.003242936085961724
7.725545109021804,0.0032404684995902384
7.725945189037807,0.0032379805079558064
7.726345269053811,0.003235464212556555
7.726745349069814,0.0032329115247047113
7.727145429085818,0.0032303141984260032
7.72754550910182,0.0032276638673427132
7.727945589117823,0.0032249520854262387
7.728345669133827,0.003222170371428752
7.72874574914983,0.0032193102567227433
7.729145829165834,0.003216363336193827
7.729545909181836,0.0032133213217482286
7.729945989197839,0.003210176097913919
7.730346069213843,0.003206919778936359
7.730746149229846,0.0032035447666984686
7.73114622924585,0.003200043808732779
7.731546309261852,0.0031964100555443714
7.731946389277855,0.0031926371164283955
7.732346469293859,0.0031887191129481534
7.732746549309862,0.0031846507292403246
7.733146629325866,0.003180427258334158
7.733546709341868,0.003176044643712332
7.733946789357871,0.003171499515401501
7.734346869373875,0.0031667892199606787
7.734746949389878,0.0031619118438326707
7.735147029405882,0.0031568662296362813
7.735547109421884,0.003151651985101767
7.735947189437887,0.0031462694844851544
7.736347269453891,0.003140719862435347
7.736747349469894,0.0031350050004267925
7.737147429485898,0.0031291275060059778
7.7375475095019,0.0031230906852285955
7.737947589517903,0.003116898508781319
7.738347669533907,0.0031105555723857
7.73874774954991,0.0031040670521680913
7.739147829565914,0.003097438655747428
7.739547909581916,0.0030906765698411015
7.739947989597919,0.0030837874052167015
7.740348069613923,0.0030767781398256012
7.740748149629926,0.003069656060942931
7.74114822964593,0.00306242870710976
7.741548309661932,0.0030551038106291437
7.741948389677935,0.0030476892413100337
7.742348469693939,0.0030401929520850707
7.742748549709942,0.0030326229270521057
7.743148629725945,0.003024987132407976
7.743548709741948,0.003017293470659349
7.743948789757951,0.0030095497384113714
7.744348869773955,0.003001763587952132
7.744748949789958,0.002993942492773386
7.745149029805961,0.002986093717093915
7.745549109821964,0.0029782242893857114
7.745949189837967,0.0029703409798437705
7.746349269853971,0.0029624502816879466
7.746749349869974,0.0029545583961425852
7.747149429885977,0.0029466712209030906
7.74754950990198,0.0029387943418710235
7.747949589917983,0.002930933027918899
7.748349669933987,0.002923092228431135
7.74874974994999,0.0029152765733608805
7.749149829965993,0.0029074903755390872
7.749549909981996,0.0028997376349750394
7.749949989997999,0.002892022044893915
7.750350070014003,0.0028843469992656736
7.750750150030006,0.002876715601592693
7.751150230046009,0.002869130674736511
7.7515503100620124,0.002861594771580097
7.751950390078015,0.0028541101863381714
7.752350470094019,0.0028466789663443397
7.752750550110022,0.002839302924161324
7.753150630126025,0.002831983649876312
7.7535507101420285,0.0028247225234599134
7.753950790158031,0.0028175207270826792
7.754350870174035,0.00281037925729697
7.754750950190038,0.002803298937006497
7.755151030206041,0.002796280427157528
7.7555511102220445,0.002789324238097825
7.755951190238047,0.0027824307405599153
7.756351270254051,0.002775600176234132
7.756751350270054,0.002768832667906226
7.757151430286057,0.002762128229140938
7.7575515103020605,0.002755486773500032
7.757951590318063,0.0027489081232889984
7.758351670334067,0.0027423920178310315
7.75875175035007,0.0027359381212718496
7.759151830366073,0.0027295460299216995
7.7595519103820765,0.00272321527914423
7.759951990398079,0.002716945349804382
7.760352070414083,0.0027107356742887565
7.760752150430086,0.0027045856421142505
7.761152230446089,0.0026984946051410033
7.7615523104620925,0.0026924618824070226
7.761952390478095,0.0026864867646022965
7.762352470494099,0.0026805685182000336
7.762752550510102,0.0026747063892634104
7.763152630526105,0.0026688996069453995
7.7635527105421085,0.002663147386699433
7.763952790558111,0.002657448933218283
7.764352870574115,0.0026518034431176297
7.764752950590118,0.002646210107380958
7.765153030606121,0.0026406681135811116
7.7655531106221245,0.0026351766478936857
7.765953190638127,0.0026297348969167213
7.766353270654131,0.002624342049310147
7.766753350670134,0.0026189972972682817
7.767153430686137,0.002613699837837517
7.7675535107021405,0.002608448874090912
7.767953590718143,0.002603243616170894
7.768353670734147,0.002598083282210103
7.76875375075015,0.002592967099140533
7.769153830766153,0.002587894303399824
7.7695539107821565,0.0025828641415434586
7.769953990798159,0.0025778758707709825
7.770354070814163,0.0025729287593735887
7.770754150830166,0.002568022087110379
7.771154230846169,0.002563155145519675
7.7715543108621725,0.002558327238171655
7.771954390878175,0.002553537680868132
7.772354470894179,0.002548785801794641
7.772754550910182,0.002544070941630118
7.773154630926185,0.0025393924536185855
7.7735547109421885,0.002534749703607344
7.773954790958191,0.0025301420700557676
7.774354870974195,0.0025255689440182596
7.774754950990198,0.0025210297291051536
7.775155031006201,0.002516523841424558
7.7755551110222045,0.0025120507095082226
7.775955191038207,0.0025076097742243075
7.776355271054211,0.0025032004886792907
7.776755351070214,0.002498822318111635
7.777155431086217,0.0024944747397790032
7.7775555111022205,0.002490157242840977
7.777955591118223,0.0024858693282389815
7.778355671134227,0.002481610508574576
7.77875575115023,0.002477380307987536
7.779155831166233,0.00247317826203448
7.7795559111822365,0.0024690039175687996
7.779955991198239,0.0024648568326225556
7.780356071214243,0.002460736576290335
7.780756151230246,0.0024566427286154707
7.781156231246249,0.0024525748804782896
7.781556311262253,0.002448532633486172
7.781956391278255,0.0024445155998650534
7.782356471294259,0.00244052340235159
7.782756551310262,0.0024365556740855
7.783156631326265,0.002432612058501077
7.783556711342269,0.002428692209217087
7.783956791358271,0.002424795789924259
7.784356871374275,0.0024209224742692105
7.784756951390278,0.0024170719457342667
7.785157031406281,0.0024132438975121005
7.785557111422285,0.002409438032374613
7.785957191438287,0.002405654062535557
7.786357271454291,0.0024018917095062174
7.786757351470294,0.002398150703944168
7.787157431486297,0.002394430785494751
7.787557511502301,0.00239073170262545
7.787957591518303,0.002387053212453495
7.788357671534307,0.0023833950805668904
7.78875775155031,0.002379757080839737
7.789157831566313,0.0023761389952423307
7.789557911582317,0.0023725406136469833
7.789957991598319,0.0023689617336306156
7.790358071614323,0.0023654021602749083
7.790758151630326,0.0023618617059653372
7.791158231646329,0.0023583401901899554
7.791558311662333,0.0023548374393390754
7.791958391678335,0.002351353286506925
7.792358471694339,0.002347887571296073
7.792758551710342,0.0023444401396256766
7.793158631726345,0.00234101084354415
7.793558711742349,0.002337599541046968
7.793958791758351,0.0023342060959001404
7.794358871774355,0.0023308303774696344
7.794758951790358,0.002327472260557092
7.795159031806361,0.0023241316252418116
7.795559111822365,0.0023208083567290007
7.795959191838367,0.0023175023452041837
7.796359271854371,0.00231421348569325
7.796759351870374,0.00231094167792798
7.797159431886377,0.0023076868262162653
7.797559511902381,0.002304448839316489
7.797959591918383,0.002301227630315401
7.798359671934387,0.002298023116508466
7.79875975195039,0.0022948352192820438
7.799159831966393,0.0022916638639962237
7.799559911982397,0.0022885089798674236
7.799959991998399,0.0022853704998496735
7.800360072014403,0.00228224836051337
7.800760152030406,0.0022791425019204935
7.801160232046409,0.0022760528674949185
7.801560312062413,0.00227297940388664
7.801960392078415,0.002269922060828682
7.802360472094419,0.0022668807909851916
7.802760552110422,0.00226385554978954
7.803160632126425,0.0022608462952708385
7.803560712142429,0.002257852987867478
7.803960792158431,0.0022548755902262263
7.804360872174435,0.002251914066985156
7.804760952190438,0.0022489683845390105
7.805161032206441,0.0022460385107851088
7.805561112222445,0.0022431244148482053
7.805961192238447,0.0022402260667825293
7.806361272254451,0.0022373434372490327
7.806761352270454,0.0022344764971661693
7.807161432286457,0.002231625217332075
7.807561512302461,0.00222878956801629
7.807961592318463,0.0022259695185190354
7.808361672334467,0.002223165036695891
7.80876175235047,0.0022203760884460266
7.809161832366473,0.002217602637161748
7.809561912382477,0.002214844643137497
7.809961992398479,0.002212102062936361
7.810362072414483,0.002209374848712055
7.810762152430486,0.002206662947484856
7.811162232446489,0.002203966300369643
7.811562312462493,0.0022012848417547613
7.811962392478495,0.0021986184984305493
7.812362472494499,0.002195967188666519
7.8127625525105024,0.002193330821236869
7.813162632526505,0.0021907092943940806
7.813562712542509,0.0021881024947911294
7.813962792558511,0.0021855102963533597
7.814362872574515,0.0021829325591016554
7.8147629525905185,0.002180369127929524
7.815163032606521,0.0021778198313374035
7.815563112622525,0.002175284480128622
7.815963192638527,0.002172762866072591
7.816363272654531,0.002170254760541836
7.8167633526705345,0.0021677599131311107
7.817163432686537,0.0021652780502680238
7.817563512702541,0.002162808873826312
7.817963592718543,0.0021603520597546166
7.818363672734547,0.0021579072567351207
7.8187637527505505,0.0021554740848885286
7.819163832766553,0.002153052134543425
7.819563912782557,0.0021506409650900553
7.819963992798559,0.0021482401039404375
7.820364072814563,0.002145849045618203
7.8207641528305665,0.002143467251003525
7.821164232846569,0.002141094146759579
7.821564312862573,0.002138729124968365
7.821964392878575,0.002136371543004498
7.822364472894579,0.0021340207236758917
7.8227645529105825,0.002131675955660439
7.823164632926585,0.002129336494266897
7.823564712942589,0.0021270015625470995
7.823964792958591,0.002124670352784643
7.824364872974595,0.0021223420283821956
7.8247649529905985,0.0021200157261663114
7.825165033006601,0.0021176905591238126
7.825565113022605,0.0021153656195786233
7.825965193038607,0.002113039982811712
7.826365273054611,0.002110712711119549
7.8267653530706145,0.002108382858298912
7.827165433086617,0.002106049474537168
7.827565513102621,0.0021037116116783996
7.827965593118623,0.0021013683288264853
7.828365673134627,0.0020990186982367673
7.8287657531506305,0.002096661811439144
7.829165833166633,0.0020942967855264163
7.829565913182637,0.0020919227695340905
7.829965993198639,0.0020895389508309254
7.830366073214643,0.00208714456143393
7.8307661532306465,0.002084738884157875
7.831166233246649,0.002082321258507141
7.831566313262653,0.002079891086217946
7.831966393278655,0.002077447836361237
7.832366473294659,0.0020749910499207546
7.8327665533106625,0.002072520343767839
7.833166633326665,0.002070035413962985
7.833566713342669,0.0020675360383250792
7.833966793358671,0.0020650220782216953
7.834366873374675,0.002062493479547351
7.8347669533906785,0.00205995027287166
7.835167033406681,0.0020573925727542675
7.835567113422685,0.002054820576238969
7.835967193438687,0.0020522345605544457
7.836367273454691,0.002049634880062929
7.8367673534706945,0.0020470219625114937
7.837167433486697,0.0020443963046517305
7.837567513502701,0.0020417584673032975
7.837967593518703,0.002039109069944437
7.838367673534707,0.002036448784917608
7.8387677535507105,0.002033778331341832
7.839167833566713,0.002031098468823912
7.839567913582717,0.002028409991059666
7.839967993598719,0.0020257137194131425
7.840368073614723,0.0020230104965567406
7.8407681536307265,0.002020301180249094
7.841168233646729,0.00201758663731982
7.841568313662733,0.0020148677379219753
7.841968393678735,0.002012145350104161
7.842368473694739,0.0020094203347447294
7.8427685537107426,0.002006693540881621
7.843168633726745,0.0020039658014619315
7.843568713742749,0.0020012379295268894
7.8439687937587514,0.0019985107148398624
7.844368873774755,0.001995784920957396
7.844768953790759,0.001993061282737119
7.845169033806761,0.0019903405042702464
7.845569113822765,0.001987623257221869
7.8459691938387675,0.001984910179558213
7.846369273854771,0.0019822018746367856
7.846769353870775,0.001979498910633364
7.847169433886777,0.0019768018202778754
7.847569513902781,0.0019741111008705786
7.8479695939187835,0.0019714272145496775
7.848369673934787,0.0019687505887814698
7.848769753950791,0.0019660816170451903
7.849169833966793,0.0019634206596853224
7.849569913982797,0.0019607680449056945
7.8499699939987995,0.0019581240698811593
7.850370074014803,0.001955489001964091
7.850770154030807,0.0019528630799650194
7.851170234046809,0.0019502465154881369
7.851570314062813,0.0019476394943044864
7.8519703940788155,0.001945042177747329
7.852370474094819,0.00194245470411575
7.852770554110823,0.0019398771900745208
7.853170634126825,0.0019373097320394509
7.853570714142829,0.0019347524075391483
7.8539707941588315,0.0019322052765454686
7.854370874174835,0.0019296683827659691
7.854770954190839,0.0019271417548931715
7.855171034206841,0.001924625407806171
7.855571114222845,0.00192211934372126
7.8559711942388475,0.0019196235532891394
7.856371274254851,0.0019171380166367999
7.856771354270855,0.0019146627043532271
7.857171434286857,0.00191219757841834
7.857571514302861,0.0019097425930753135
7.8579715943188635,0.0019072976956469442
7.858371674334867,0.0019048628272968888
7.858771754350871,0.0019024379237373185
7.859171834366873,0.0019000229158844775
7.859571914382877,0.0018976177304641266
7.8599719943988795,0.0018952222905690103
7.860372074414883,0.001892836516170508
7.860772154430887,0.0018904603245869884
7.861172234446889,0.0018880936309112232
7.861572314462893,0.0018857363483994116
7.8619723944788955,0.001883388388824391
7.862372474494899,0.0018810496627954332
7.862772554510903,0.0018787200800472127
7.863172634526905,0.0018763995497002492
7.863572714542909,0.0018740879804951802
7.8639727945589115,0.0018717852810031265
7.864372874574915,0.0018694913598141373
7.864772954590919,0.0018672061257058465
7.865173034606921,0.0018649294877940675
7.865573114622925,0.001862661355667093
7.8659731946389275,0.001860401639505365
7.866373274654931,0.0018581502501878136
7.866773354670935,0.0018559070993863802
7.867173434686937,0.0018536720996497845
7.867573514702941,0.001851445164477695
7.8679735947189435,0.0018492262083863252
7.868373674734947,0.0018470151469661992
7.868773754750951,0.0018448118969330537
7.869173834766953,0.0018426163761724157
7.869573914782957,0.001840428503778544
7.8699739947989595,0.0018382482000883396
7.870374074814963,0.001836075386710576
7.870774154830967,0.001833909986551039
7.871174234846969,0.0018317519238338366
7.871574314862973,0.0018296011241192766
7.8719743948789755,0.0018274575143186523
7.872374474894979,0.0018253210227060987
7.872774554910983,0.0018231915789279091
7.873174634926985,0.0018210691140094141
7.873574714942989,0.0018189535603596542
7.8739747949589916,0.0018168448517741174
7.874374874974995,0.0018147429234355434
7.874774954990999,0.0018126477119131197
7.875175035007001,0.0018105591551600894
7.875575115023005,0.0018084771925099454
7.875975195039008,0.0018064017646713787
7.876375275055011,0.0018043328137219811
7.876775355071015,0.001802270283100949
7.877175435087017,0.0018002141176007745
7.877575515103021,0.0017981642633580466
7.877975595119024,0.0017961206678435073
7.878375675135027,0.001794083279851335
7.878775755151031,0.00179205204948784
7.879175835167033,0.0017900269281595465
7.879575915183037,0.0017880078685607605
7.87997599519904,0.0017859948246607203
7.880376075215043,0.0017839877516902772
7.880776155231047,0.0017819866061282686
7.881176235247049,0.0017799913456875234
7.881576315263053,0.0017780019293005664
7.881976395279056,0.0017760183171050992
7.882376475295059,0.0017740404704291609
7.882776555311063,0.001772068351776113
7.883176635327065,0.001770101924809353
7.883576715343069,0.0017681411543367935
7.883976795359072,0.0017661860062951518
7.884376875375075,0.001764236447733925
7.884776955391079,0.0017622924467991556
7.885177035407081,0.0017603539727168703
7.885577115423085,0.0017584209957761884
7.885977195439088,0.0017564934873121015
7.886377275455091,0.001754571419687784
7.886777355471095,0.0017526547662764826
7.887177435487097,0.0017507435014428516
7.887577515503101,0.0017488376005236517
7.887977595519104,0.0017469370398078337
7.888377675535107,0.0017450417965157612
7.888777755551111,0.0017431518487776246
7.889177835567113,0.0017412671756108285
7.889577915583117,0.0017393877568962681
7.88997799559912,0.0017375135733534116
7.890378075615123,0.0017356446065139354
7.890778155631127,0.0017337808386938955
7.891178235647129,0.0017319222529641452
7.891578315663133,0.001730068833118882
7.891978395679136,0.0017282205636421607
7.892378475695139,0.0017263774296720623
7.892778555711143,0.0017245394169624376
7.893178635727145,0.0017227065118418667
7.893578715743149,0.0017208787011696427
7.893978795759152,0.0017190559722885513
7.894378875775155,0.001717238312974068
7.894778955791159,0.0017154257113797965
7.895179035807161,0.0017136181559787387
7.895579115823165,0.0017118156355001284
7.895979195839168,0.0017100181388615035
7.896379275855171,0.0017082256550956015
7.896779355871175,0.0017064381732718103
7.897179435887177,0.0017046556824117144
7.897579515903181,0.0017028781713984004
7.897979595919184,0.0017011056288791721
7.898379675935187,0.001699338043161182
7.898779755951191,0.0016975754020997272
7.899179835967193,0.0016958176929787229
7.899579915983197,0.0016940649023830037
7.8999799959992,0.0016923170160621766
7.900380076015203,0.0016905740187855602
7.900780156031207,0.0016888358941880366
7.901180236047209,0.0016871026246064761
7.901580316063212,0.0016853741909065444
7.901980396079216,0.0016836505722997623
7.902380476095219,0.0016819317461507354
7.902780556111223,0.0016802176877745436
7.903180636127225,0.0016785083702244412
7.903580716143228,0.0016768037640700786
7.903980796159232,0.0016751038371666522
7.904380876175235,0.001673408554415504
7.904780956191239,0.0016717178775168622
7.905181036207241,0.0016700317647156706
7.905581116223244,0.00166835017054162
7.905981196239248,0.0016666730455447692
7.906381276255251,0.0016650003360284115
7.906781356271255,0.0016633319837810689
7.9071814362872574,0.0016616679258099132
7.90758151630326,0.0016600080940781215
7.907981596319264,0.0016583524152491086
7.908381676335267,0.0016567008104408536
7.908781756351271,0.00165505319499393
7.9091818363672735,0.0016534094782571776
7.909581916383276,0.0016517695633953412
7.90998199639928,0.0016501333472232589
7.910382076415283,0.0016485007200715527
7.910782156431287,0.0016468715656889287
7.9111822364472895,0.0016452457611865067
7.911582316463292,0.0016436231770296326
7.911982396479296,0.0016420036770827618
7.912382476495299,0.001640387118712854
7.912782556511303,0.0016387733529566362
7.9131826365273055,0.0016371622247567527
7.913582716543308,0.001635553573271396
7.913982796559312,0.0016339472322614312
7.914382876575315,0.001632343030558262
7.914782956591319,0.0016307407926147346
7.9151830366073215,0.001629140339140373
7.915583116623324,0.001627541487820869
7.915983196639328,0.0016259440541204705
7.916383276655331,0.001624347852164267
7.916783356671335,0.001622752695695761
7.9171834366873375,0.001621158399103425
7.91758351670334,0.0016195647785080926
7.917983596719344,0.0016179716529013805
7.918383676735347,0.0016163788453235327
7.918783756751351,0.0016147861840675435
7.9191838367673535,0.0016131935038949925
7.919583916783356,0.0016116006472478002
7.91998399679936,0.0016100074654392523
7.920384076815363,0.0016084138198069675
7.920784156831367,0.001606819582810341
7.9211842368473695,0.0016052246390551317
7.921584316863372,0.0016036288862284968
7.921984396879376,0.0016020322359287856
7.922384476895379,0.0016004346143758583
7.922784556911383,0.0015988359629895079
7.9231846369273855,0.0015972362388257707
7.923584716943388,0.0015956354148633717
7.923984796959392,0.0015940334801352498
7.924384876975395,0.0015924304397029521
7.924784956991398,0.0015908263144745808
7.9251850370074015,0.0015892211408698633
7.925585117023404,0.001587614970338768
7.925985197039408,0.0015860078687425093
7.926385277055411,0.0015843999156083081
7.926785357071414,0.001582791203271123
7.9271854370874175,0.0015811818359172574
7.92758551710342,0.0015795719285460255
7.927985597119424,0.0015779616058663097
7.928385677135427,0.0015763510011454114
7.92878575715143,0.0015747402550273855
7.9291858371674335,0.001573129514337719
7.929585917183436,0.001571518930890457
7.92998599719944,0.0015699086603126898
7.930386077215443,0.001568298860900154
7.930786157231446,0.001566689692516017
7.9311862372474495,0.0015650813155433727
7.931586317263452,0.0015634738899002506
7.931986397279456,0.0015618675741240612
7.932386477295459,0.0015602625245308577
7.932786557311462,0.001558658894452953
7.9331866373274655,0.0015570568335569795
7.933586717343468,0.001555456487243045
7.933986797359472,0.001553857996124238
7.934386877375475,0.0015522614955848126
7.934786957391478,0.0015506671154142016
7.9351870374074815,0.0015490749795134121
7.935587117423484,0.00154748520566966
7.935987197439488,0.0015458979053945816
7.936387277455491,0.0015443131838211816
7.936787357471494,0.0015427311396543283
7.9371874374874976,0.001541151865169642
7.9375875175035,0.0015395754462556308
7.937987597519504,0.001538001962493956
7.938387677535507,0.0015364314872729984
7.93878775755151,0.0015348640879300304
7.939187837567514,0.0015332998259175758
7.939587917583516,0.0015317387569899375
7.93998799759952,0.0015301809314059562
7.940388077615523,0.0015286263941446958
7.940788157631526,0.0015270751851307256
7.94118823764753,0.001525527339466263
7.941588317663532,0.001523982887667613
7.941988397679536,0.0015224418559036197
7.942388477695539,0.0015209042662342061
7.942788557711542,0.0015193701368472405
7.943188637727546,0.0015178394822922617
7.943588717743548,0.0015163123137098625
7.943988797759552,0.0015147886390555647
7.944388877775555,0.0015132684633174585
7.944788957791558,0.0015117517887267647
7.945189037807562,0.0015102386149608515
7.945589117823564,0.0015087289393382816
7.945989197839568,0.0015072227570055226
7.946389277855571,0.0015057200611152083
7.946789357871574,0.001504220842995762
7.947189437887578,0.0015027250923123963
7.94758951790358,0.0015012327972195472
7.947989597919584,0.0014997439445047513
7.948389677935587,0.001498258519724246
7.94878975795159,0.0014967765073303529
7.949189837967594,0.0014952978907909222
7.949589917983596,0.001493822652701127
7.9499899979996,0.0014923507748877648
7.950390078015603,0.0014908822385064954
7.950790158031606,0.0014894170241321833
7.95119023804761,0.0014879551118427137
7.951590318063612,0.0014864964812966249
7.951990398079616,0.0014850411118047613
7.952390478095619,0.0014835889823963922
7.952790558111622,0.0014821400718799823
7.953190638127626,0.0014806943588989722
7.953590718143628,0.0014792518219828973
7.953990798159632,0.0014778124395940257
7.954390878175635,0.0014763761901699195
7.954790958191638,0.0014749430521620779
7.955191038207642,0.0014735130040709787
7.955591118223644,0.0014720860244777628
7.955991198239648,0.001470662092072749
7.956391278255651,0.0014692411856810697
7.956791358271654,0.0014678232842855893
7.957191438287658,0.0014664083670472962
7.95759151830366,0.0014649964133234409
7.957991598319664,0.0014635874026834746
7.958391678335667,0.001462181314923074
7.95879175835167,0.0014607781300763336
7.959191838367674,0.001459377828426288
7.959591918383676,0.001457980390513954
7.95999199839968,0.0014565857971459283
7.960392078415683,0.0014551940294007608
7.960792158431686,0.001453805068634143
7.96119223844769,0.0014524188964830395
7.961592318463692,0.001451035494868895
7.961992398479696,0.0014496548459999273
7.962392478495699,0.0014482769323726833
7.962792558511702,0.0014469017367728626
7.963192638527706,0.0014455292422754962
7.963592718543708,0.0014441594322446036
7.963992798559712,0.001442792290332278
7.964392878575715,0.001441427800477376
7.964792958591718,0.0014400659469037702
7.965193038607722,0.001438706714118252
7.965593118623724,0.0014373500869081478
7.965993198639728,0.0014359960503386193
7.966393278655731,0.0014346445897497754
7.966793358671734,0.0014332956907535457
7.967193438687738,0.001431949339230376
7.96759351870374,0.001430605521325829
7.967993598719744,0.001429264223446974
7.968393678735747,0.0014279254322587735
7.96879375875175,0.001426589134680301
7.969193838767754,0.0014252553178809517
7.969593918783756,0.001423923969276588
7.96999399879976,0.0014225950765256316
7.9703940788157635,0.0014212686275251686
7.970794158831766,0.001419944610407017
7.97119423884777,0.0014186230135337877
7.971594318863772,0.001417303825494976
7.971994398879776,0.0014159870351030384
7.9723944788957795,0.0014146726313895037
7.972794558911782,0.0014133606036010966
7.973194638927786,0.001412050941195878
7.973594718943788,0.0014107436338394279
7.973994798959792,0.0014094386714010355
7.9743948789757955,0.0014081360439499413
7.974794958991798,0.001406835741751574
7.975195039007802,0.001405537755263823
7.975595119023804,0.0014042420751333503
7.975995199039808,0.0014029486921918793
7.9763952790558115,0.0014016575974525396
7.976795359071814,0.0014003687821061877
7.977195439087818,0.001399082237517725
7.97759551910382,0.001397797955222449
7.977995599119824,0.0013965159269223296
7.9783956791358275,0.0013952361444823148
7.97879575915183,0.0013939585999265729
7.979195839167834,0.001392683285434684
7.979595919183836,0.0013914101933378028
7.97999599919984,0.0013901393161147165
7.9803960792158435,0.001388870646387847
7.980796159231846,0.0013876041769191358
7.98119623924785,0.0013863399006058062
7.981596319263852,0.0013850778104760215
7.981996399279856,0.0013838178996843508
7.9823964792958595,0.0013825601615070988
7.982796559311862,0.0013813045893374197
7.983196639327866,0.001380051176680213
7.983596719343868,0.0013787999171468034
7.983996799359872,0.0013775508044493211
7.9843968793758755,0.0013763038323948292
7.984796959391878,0.0013750589948790999
7.985197039407882,0.0013738162858800528
7.985597119423884,0.001372575699450834
7.985997199439888,0.0013713372297124503
7.9863972794558915,0.0013701008708459992
7.986797359471894,0.001368866617084398
7.987197439487898,0.0013676344627036067
7.9875975195039,0.0013664044020133236
7.987997599519904,0.001365176429347075
7.9883976795359075,0.001363950539051712
7.98879775955191,0.0013627267254762427
7.989197839567914,0.0013615049829599727
7.989597919583916,0.0013602853058199437
7.98999799959992,0.0013590676883375858
7.9903980796159235,0.0013578521247446125
7.990798159631926,0.0013566386092080808
7.99119823964793,0.001355427135814601
7.991598319663932,0.0013542176985537047
7.991998399679936,0.001353010291300297
7.9923984796959395,0.0013518049077962386
7.992798559711942,0.0013506015416310092
7.993198639727946,0.0013494001862214588
7.993598719743948,0.001348200834790705
7.993998799759952,0.001347003480346114
7.9943988797759555,0.0013458081156564876
7.994798959791958,0.0013446147332284411
7.995199039807962,0.0013434233252820511
7.995599119823964,0.0013422338837258826
7.995999199839968,0.00134104640013144
7.9963992798559715,0.0013398608657072216
7.996799359871974,0.0013386772712724723
7.997199439887978,0.0013374956072308263
7.99759951990398,0.0013363158635440416
7.997999599919984,0.0013351380297060272
7.9983996799359875,0.0013339620947174417
7.99879975995199,0.0013327880470611353
7.999199839967994,0.0013316158746787459
7.999599919983996,0.0013304455649488392
8.0,0.0013292771046669201
