x,y
6.0,0.00498690864388125
6.000400080016004,0.004995558149793454
6.000800160032006,0.00500423119951334
6.00120024004801,0.005012927880514059
6.0016003200640125,0.00502164828068094
6.002000400080016,0.005030392488314009
6.00240048009602,0.0050391605921302285
6.002800560112022,0.005047952681265945
6.003200640128026,0.005056768845279338
6.0036007201440285,0.0050656091741527265
6.004000800160032,0.0050744737582951414
6.004400880176036,0.005083362688544659
6.004800960192038,0.0050922760561709175
6.005201040208042,0.005101213952877664
6.0056011202240445,0.005110176470805138
6.006001200240048,0.005119163702532713
6.006401280256052,0.005128175741081331
6.006801360272054,0.005137212679916108
6.007201440288058,0.005146274612948954
6.0076015203040605,0.005155361634541032
6.008001600320064,0.005164473839505535
6.008401680336068,0.005173611323110143
6.00880176035207,0.00518277418107976
6.009201840368074,0.00519196250959922
6.0096019203840765,0.0052011764053158105
6.01000200040008,0.005210415965342165
6.010402080416084,0.005219681287258811
6.010802160432086,0.005228972469116977
6.01120224044809,0.005238289609441411
6.0116023204640925,0.005247632807232994
6.012002400480096,0.005257002161971712
6.0124024804961,0.005266397773619328
6.012802560512102,0.005275819742622247
6.013202640528106,0.005285268169914464
6.0136027205441085,0.005294743156920253
6.014002800560112,0.005304244805557263
6.014402880576116,0.005313773218239246
6.014802960592118,0.005323328497879059
6.015203040608122,0.005332910747891691
6.0156031206241245,0.0053425200721970885
6.016003200640128,0.005352156575223272
6.016403280656132,0.005361820361909274
6.016803360672134,0.005371511537708169
6.017203440688138,0.0053812302085902266
6.0176035207041405,0.005390976481045827
6.018003600720144,0.005400750462088743
6.018403680736148,0.0054105522592590855
6.01880376075215,0.005420381980626531
6.019203840768154,0.005430239734793544
6.0196039207841565,0.0054401256308983905
6.02000400080016,0.005450039778618562
6.020404080816164,0.005459982288173807
6.020804160832166,0.005469953270329484
6.02120424084817,0.005479952836399884
6.0216043208641725,0.005489981098251392
6.022004400880176,0.005500038168305954
6.02240448089618,0.005510124159544309
6.022804560912182,0.00552023918550941
6.023204640928186,0.005530383360309865
6.0236047209441885,0.005540556798623229
6.024004800960192,0.005550759615699597
6.024404880976196,0.0055609919273649396
6.024804960992198,0.005571253850024643
6.025205041008202,0.005581545500667104
6.0256051210242045,0.005591866996867102
6.026005201040208,0.005602218456789554
6.026405281056212,0.005612599999192955
6.026805361072214,0.005623011743433046
6.027205441088218,0.00563345380946654
6.0276055211042205,0.00564392631785463
6.028005601120224,0.005654429389766866
6.028405681136228,0.005664963146984708
6.02880576115223,0.005675527711905373
6.029205841168234,0.005686123207545647
6.0296059211842365,0.005696749757545545
6.03000600120024,0.005707407486172334
6.030406081216244,0.0057180965183242045
6.030806161232246,0.005728816979534257
6.03120624124825,0.005739568995974476
6.031606321264253,0.005750352694459495
6.032006401280256,0.005761168202450776
6.03240648129626,0.0057720156480604405
6.032806561312262,0.005782895160055367
6.033206641328266,0.005793806867861318
6.033606721344269,0.00580475090156689
6.034006801360272,0.00581572739192777
6.034406881376276,0.005826736470370775
6.034806961392278,0.0058377782689980695
6.035207041408282,0.005848852920591454
6.035607121424285,0.005859960558616434
6.036007201440288,0.0058711013172267155
6.036407281456292,0.00588227533126828
6.036807361472294,0.005893482736283859
6.037207441488298,0.005904723668517322
6.037607521504301,0.005915998264917927
6.038007601520304,0.005927306663144961
6.038407681536308,0.005938649001572006
6.03880776155231,0.0059500254192915245
6.039207841568314,0.005961436056119469
6.039607921584317,0.005972881052599658
6.04000800160032,0.005984360550008598
6.040408081616324,0.00599587469035991
6.040808161632326,0.006007423616409093
6.04120824164833,0.006019007471658305
6.041608321664333,0.006030626400360904
6.042008401680336,0.006042280547526435
6.04240848169634,0.006053970058925265
6.042808561712342,0.006065695081093488
6.043208641728346,0.006077455761337907
6.043608721744349,0.006089252247740724
6.044008801760352,0.006101084689164773
6.044408881776356,0.0061129532352582495
6.044808961792358,0.006124858036459878
6.045209041808362,0.006136799244004022
6.045609121824365,0.006148777009925628
6.046009201840368,0.006160791487065559
6.046409281856372,0.006172842829075598
6.046809361872374,0.006184931190423763
6.047209441888378,0.006197056726399627
6.047609521904381,0.006209219593119436
6.048009601920384,0.006221419947531683
6.048409681936387,0.006233657947422243
6.04880976195239,0.0062459337514200455
6.049209841968394,0.0062582475190023105
6.049609921984397,0.0062705994105001755
6.0500100020004,0.006282989587104291
6.050410082016403,0.006295418210870247
6.050810162032406,0.00630788544472439
6.05121024204841,0.006320391452469351
6.051610322064413,0.0063329363987898
6.052010402080416,0.006345520449258335
6.052410482096419,0.006358143770341067
6.052810562112422,0.006370806529403697
6.053210642128426,0.0063835088947172295
6.053610722144429,0.006396251035464006
6.054010802160432,0.006409033121743741
6.054410882176435,0.006421855324579403
6.054810962192438,0.0064347178159235
6.055211042208442,0.0064476207686640025
6.055611122224445,0.0064605643566306315
6.056011202240448,0.006473548754601136
6.056411282256451,0.006486574138307394
6.056811362272454,0.006499640684441944
6.057211442288458,0.006512748570664163
6.057611522304461,0.006525897975606774
6.058011602320464,0.0065390890788823985
6.058411682336467,0.006552322061089876
6.05881176235247,0.006565597103821068
6.059211842368474,0.006578914389667297
6.059611922384477,0.006592274102226057
6.06001200240048,0.006605676426107905
6.060412082416483,0.006619121546942969
6.060812162432486,0.006632609651388058
6.06121224244849,0.006646140927133325
6.061612322464493,0.006659715562909307
6.062012402480496,0.0066733337484940125
6.062412482496499,0.006686995674719761
6.0628125625125024,0.006700701533480528
6.063212642528506,0.006714451517738918
6.063612722544509,0.0067282458215334505
6.064012802560512,0.006742084639985951
6.064412882576515,0.006755968169308674
6.0648129625925185,0.006769896606811926
6.065213042608522,0.006783870150911321
6.065613122624525,0.0067978890011354
6.066013202640528,0.006811953358133261
6.066413282656531,0.0068260634236820186
6.0668133626725345,0.006840219400694713
6.067213442688538,0.006854421493227881
6.067613522704541,0.006868669906489443
6.068013602720544,0.0068829648468467074
6.068413682736547,0.00689730652183408
6.0688137627525505,0.006911695140161326
6.069213842768554,0.006926130911721437
6.069613922784557,0.006940614047598853
6.07001400280056,0.006955144760077788
6.070414082816563,0.006969723262650248
6.0708141628325665,0.006984349770024644
6.07121424284857,0.006999024498133989
6.071614322864573,0.007013747664144451
6.072014402880576,0.007028519486464013
6.072414482896579,0.007043340184750822
6.0728145629125825,0.007058209979922206
6.073214642928586,0.007073129094163132
6.073614722944589,0.007088097750935172
6.074014802960592,0.007103116174985496
6.074414882976595,0.007118184592355604
6.0748149629925985,0.007133303230390646
6.075215043008602,0.007148472317748322
6.075615123024605,0.00716369208440815
6.076015203040608,0.007178962761680875
6.076415283056611,0.007194284582217559
6.0768153630726145,0.007209657780019276
6.077215443088618,0.007225082590446403
6.077615523104621,0.0072405592502282744
6.078015603120624,0.007256087997472976
6.078415683136627,0.0072716690716768265
6.0788157631526305,0.00728730271373449
6.079215843168634,0.00730298916594863
6.079615923184637,0.007318728672040007
6.08001600320064,0.007334521477157668
6.080416083216643,0.007350367827888825
6.0808161632326465,0.007366267972269402
6.08121624324865,0.007382222159794128
6.081616323264653,0.007398230641427007
6.082016403280656,0.007414293669611977
6.082416483296659,0.0074304114982832225
6.0828165633126625,0.007446584382876138
6.083216643328666,0.0074628125803378655
6.083616723344669,0.0074790963491382315
6.084016803360672,0.007495435949280832
6.084416883376675,0.00751183164231381
6.0848169633926785,0.007528283691341286
6.085217043408682,0.007544792361034335
6.085617123424685,0.007561357917642408
6.086017203440688,0.007577980629004902
6.086417283456691,0.00759466076456239
6.0868173634726945,0.007611398595368527
6.087217443488698,0.007628194394101557
6.087617523504701,0.007645048435076186
6.088017603520704,0.007661960994255653
6.088417683536707,0.007678932349263463
6.0888177635527105,0.007695962779395836
6.089217843568714,0.0077130525656336464
6.089617923584717,0.007730201990654892
6.09001800360072,0.007747411338847229
6.090418083616723,0.007764680896320268
6.0908181636327265,0.007782010950918529
6.09121824364873,0.007799401792233933
6.091618323664733,0.007816853711618799
6.092018403680736,0.007834367002198944
6.092418483696739,0.007851941958886515
6.0928185637127426,0.00786957887839351
6.093218643728746,0.007887278059244825
6.093618723744749,0.007905039801791839
6.094018803760752,0.007922864408226066
6.094418883776755,0.007940752182592591
6.094818963792759,0.007958703430804149
6.095219043808762,0.007976718460654798
6.095619123824765,0.007994797581834062
6.096019203840768,0.008012941105941236
6.096419283856771,0.008031149346499383
6.096819363872775,0.00804942261897006
6.097219443888778,0.008067761240767617
6.097619523904781,0.00808616553127395
6.098019603920784,0.008104635811853451
6.098419683936787,0.008123172405867638
6.098819763952791,0.00814177563869056
6.099219843968794,0.008160445837723697
6.099619923984797,0.008179183332411438
6.1000200040008,0.00819798845425664
6.100420084016803,0.008216861536835986
6.100820164032807,0.00823580291581602
6.10122024404881,0.008254812928968791
6.101620324064813,0.008273891916187971
6.102020404080816,0.008293040219505173
6.102420484096819,0.008312258183105953
6.102820564112823,0.008331546153346662
6.103220644128826,0.0083509044787707
6.103620724144829,0.008370333510125443
6.104020804160832,0.008389833600379273
6.104420884176835,0.00840940510473836
6.104820964192839,0.008429048380664201
6.105221044208842,0.00844876378789071
6.105621124224845,0.008468551688441893
6.106021204240848,0.008488412446649626
6.106421284256851,0.008508346429171277
6.106821364272855,0.008528354005007994
6.107221444288858,0.00854843554552263
6.107621524304861,0.008568591424458203
6.108021604320864,0.008588822017956552
6.108421684336867,0.008609127704576692
6.108821764352871,0.008629508865314042
6.109221844368874,0.008649965883619125
6.109621924384877,0.008670499145416921
6.11002200440088,0.008691109039126373
6.110422084416883,0.008711795955679624
6.110822164432887,0.008732560288542125
6.11122224444889,0.008753402433732226
6.111622324464893,0.008774322789841433
6.112022404480896,0.008795321758054815
6.112422484496899,0.008816399742171188
6.112822564512903,0.008837557148624121
6.113222644528906,0.008858794386502507
6.113622724544909,0.008880111867571734
6.114022804560912,0.008901510006295075
6.114422884576915,0.008922989219854838
6.114822964592919,0.008944549928174363
6.115223044608922,0.008966192553939548
6.115623124624925,0.00898791752262107
6.116023204640928,0.009009725262496786
6.116423284656931,0.00903161620467385
6.116823364672935,0.009053590783111824
6.117223444688938,0.009075649434645205
6.117623524704941,0.009097792599006716
6.118023604720944,0.009120020718850761
6.118423684736947,0.009142334239776666
6.118823764752951,0.009164733610352818
6.119223844768954,0.009187219282140365
6.119623924784957,0.009209791709717577
6.12002400480096,0.009232451350704442
6.120424084816963,0.009255198665787065
6.120824164832967,0.009278034118742961
6.12122424484897,0.009300958176465875
6.121624324864973,0.009323971308991366
6.122024404880976,0.009347073989522633
6.122424484896979,0.009370266694455995
6.122824564912983,0.009393549903407539
6.123224644928986,0.0094169240992391
6.123624724944989,0.009440389768085096
6.124024804960992,0.009463947399379623
6.124424884976995,0.009487597485883221
6.124824964992999,0.0095113405237108
6.125225045009002,0.009535177012358882
6.125625125025005,0.00955910745473383
6.1260252050410084,0.009583132357180212
6.126425285057011,0.00960725222950896
6.126825365073015,0.009631467585026575
6.127225445089018,0.009655778940563874
6.127625525105021,0.009680186816505496
6.1280256051210245,0.009704691736819721
6.128425685137027,0.009729294229088033
6.128825765153031,0.009753994824535818
6.129225845169034,0.009778794058062479
6.129625925185037,0.009803692468272498
6.1300260052010405,0.009828690597506677
6.130426085217043,0.009853788991873249
6.130826165233047,0.009878988201280086
6.131226245249049,0.009904288779466293
6.131626325265053,0.009929691284035097
6.1320264052810565,0.009955196276486142
6.132426485297059,0.009980804322248698
6.132826565313063,0.01000651599071524
6.133226645329065,0.010032331855274714
6.133626725345069,0.010058252493347077
6.1340268053610725,0.010084278486417228
6.134426885377075,0.010110410420069984
6.134826965393079,0.01013664888402525
6.135227045409081,0.010162994472173127
6.135627125425085,0.01018944778261009
6.1360272054410885,0.010216009417674775
6.136427285457091,0.010242679983984666
6.136827365473095,0.010269460092473138
6.137227445489097,0.010296350358426305
6.137627525505101,0.010323351401521158
6.1380276055211045,0.010350463845863135
6.138427685537107,0.010377688320024715
6.138827765553111,0.010405025457084407
6.139227845569113,0.010432475894665501
6.139627925585117,0.010460040274976181
6.1400280056011205,0.010487719244849055
6.140428085617123,0.01051551345578179
6.140828165633127,0.010543423563978112
6.141228245649129,0.010571450230388572
6.141628325665133,0.010599594120752806
6.1420284056811365,0.010627855905641118
6.142428485697139,0.010656236260497241
6.142828565713143,0.010684735865681473
6.143228645729145,0.01071335540651373
6.143628725745149,0.01074209557331782
6.1440288057611525,0.010770957061465417
6.144428885777155,0.010799940571420995
6.144828965793159,0.010829046808787273
6.145229045809161,0.010858276484350558
6.145629125825165,0.010887630314127393
6.1460292058411685,0.010917109019410827
6.146429285857171,0.010946713326817814
6.146829365873175,0.010976443968337073
6.147229445889177,0.011006301681376797
6.147629525905181,0.011036287208813883
6.1480296059211845,0.011066401299042688
6.148429685937187,0.011096644706024917
6.148829765953191,0.011127018189340102
6.149229845969193,0.011157522514235905
6.149629925985197,0.011188158451679999
6.1500300060012005,0.011218926778411435
6.150430086017203,0.011249828276993277
6.150830166033207,0.011280863735865823
6.151230246049209,0.011312033949399626
6.151630326065213,0.011343339717950185
6.1520304060812165,0.011374781847912194
6.152430486097219,0.011406361151774983
6.152830566113223,0.011438078448178691
6.153230646129225,0.011469934561970182
6.153630726145229,0.011501930324260742
6.1540308061612325,0.01153406657248333
6.154430886177235,0.011566344150451094
6.154830966193239,0.011598763908416545
6.155231046209241,0.011631326703130732
6.155631126225245,0.011664033397904004
6.1560312062412486,0.011696884862666476
6.156431286257251,0.011729881974029818
6.156831366273255,0.01176302561534973
6.1572314462892574,0.011796316676788366
6.157631526305261,0.011829756055378546
6.158031606321265,0.011863344655087591
6.158431686337267,0.011897083386882563
6.158831766353271,0.011930973168796233
6.1592318463692735,0.011965014925993079
6.159631926385277,0.011999209590837044
6.160032006401281,0.01203355810295902
6.160432086417283,0.012068061409325757
6.160832166433287,0.012102720464309573
6.1612322464492895,0.012137536229758076
6.161632326465293,0.012172509675065802
6.162032406481297,0.012207641777245513
6.162432486497299,0.012242933521001038
6.162832566513303,0.012278385898800965
6.1632326465293055,0.012313999910952384
6.163632726545309,0.012349776565676566
6.164032806561313,0.012385716879184376
6.164432886577315,0.012421821875753344
6.164832966593319,0.012458092587805543
6.1652330466093215,0.012494530055985586
6.165633126625325,0.012531135329240712
6.166033206641329,0.012567909464900566
6.166433286657331,0.01260485352875868
6.166833366673335,0.012641968595154929
6.1672334466893375,0.012679255747058037
6.167633526705341,0.012716716076150337
6.168033606721345,0.01275435068291221
6.168433686737347,0.012792160676708336
6.168833766753351,0.012830147175874926
6.1692338467693535,0.012868311307807162
6.169633926785357,0.012906654209048843
6.170034006801361,0.012945177025381841
6.170434086817363,0.012983880911917444
6.170834166833367,0.013022767033188706
6.1712342468493695,0.013061836563243103
6.171634326865373,0.013101090685737445
6.172034406881377,0.013140530594032697
6.172434486897379,0.01318015749129069
6.172834566913383,0.013219972590572036
6.1732346469293855,0.013259977114934266
6.173634726945389,0.013300172297532427
6.174034806961393,0.013340559381719595
6.174434886977395,0.013381139621149406
6.174834966993399,0.013421914279879784
6.1752350470094015,0.013462884632477069
6.175635127025405,0.013504051964122625
6.176035207041409,0.013545417570719443
6.176435287057411,0.013586982759000898
6.176835367073415,0.013628748846640731
6.1772354470894175,0.013670717162363495
6.177635527105421,0.013712889046057709
6.178035607121425,0.01375526584888891
6.178435687137427,0.013797848933415029
6.178835767153431,0.01384063967370315
6.1792358471694335,0.013883639455446718
6.179635927185437,0.013926849676085602
6.180036007201441,0.013970271744926117
6.180436087217443,0.014013907083263529
6.180836167233447,0.014057757124505993
6.1812362472494495,0.014101823314299025
6.181636327265453,0.01414610711065296
6.182036407281457,0.0141906099840705
6.182436487297459,0.014235333417676747
6.182836567313463,0.014280278907350917
6.1832366473294655,0.014325447961858554
6.183636727345469,0.01437084210298696
6.184036807361473,0.01441646286568071
6.184436887377475,0.014462311798179915
6.184836967393479,0.014508390462160061
6.1852370474094815,0.014554700432872722
6.185637127425485,0.01460124329928942
6.186037207441489,0.014648020664245726
6.186437287457491,0.014695034144588283
6.186837367473495,0.014742285371323544
6.1872374474894976,0.014789775989767351
6.187637527505501,0.014837507659697999
6.188037607521505,0.014885482055509557
6.188437687537507,0.01493370086636821
6.188837767553511,0.014982165796370545
6.189237847569514,0.015030878564702782
6.189637927585517,0.015079840905803572
6.190038007601521,0.01512905456952725
6.190438087617523,0.015178521321310244
6.190838167633527,0.015228242942339591
6.19123824764953,0.015278221229722442
6.191638327665533,0.015328457996659467
6.192038407681537,0.01537895507261868
6.192438487697539,0.015429714303512703
6.192838567713543,0.015480737551878216
6.193238647729546,0.015532026697056637
6.193638727745549,0.01558358363537876
6.194038807761553,0.01563541028035007
6.194438887777555,0.015687508562839618
6.194838967793559,0.015739880431271277
6.195239047809562,0.015792527851816382
6.195639127825565,0.015845452808590482
6.196039207841569,0.015898657303851045
6.196439287857571,0.015952143358198768
6.196839367873575,0.016005913010781556
6.197239447889578,0.016059968319500028
6.197639527905581,0.01611431136121738
6.198039607921585,0.016168944231970277
6.198439687937587,0.016223869047183714
6.198839767953591,0.016279087941888606
6.199239847969594,0.016334603070941166
6.199639927985597,0.016390416609246856
6.200040008001601,0.01644653075198557
6.200440088017603,0.016502947714840982
6.200840168033607,0.016559669734232913
6.20124024804961,0.01661669906755156
6.201640328065613,0.01667403799339673
6.202040408081617,0.016731688811818343
6.202440488097619,0.016789653844561464
6.202840568113623,0.01684793543531449
6.203240648129626,0.016906535949959604
6.203640728145629,0.01696545777682825
6.204040808161633,0.017024703326958355
6.204440888177635,0.017084275034356104
6.204840968193639,0.017144175356261473
6.205241048209642,0.017204406773415802
6.205641128225645,0.017264971790335166
6.206041208241649,0.017325872935585428
6.206441288257651,0.01738711276206225
6.206841368273655,0.01744869384727506
6.207241448289658,0.017510618793633585
6.207641528305661,0.017572890228740076
6.208041608321665,0.017635510805683898
6.208441688337667,0.01769848320334117
6.208841768353671,0.017761810126678736
6.209241848369674,0.017825494307060888
6.209641928385677,0.017889538502562516
6.210042008401681,0.017953945498284215
6.210442088417683,0.01801871810667359
6.210842168433687,0.018083859167850623
6.21124224844969,0.01814937154993644
6.211642328465693,0.018215258149388725
6.212042408481697,0.018281521891339518
6.212442488497699,0.018348165729939563
6.212842568513703,0.01841519264870704
6.213242648529706,0.01848260566088009
6.213642728545709,0.018550407809776393
6.214042808561713,0.018618602169155597
6.214442888577715,0.018687191843588365
6.214842968593719,0.018756179968830684
6.215243048609722,0.01882556971220207
6.215643128625725,0.018895364272971234
6.216043208641729,0.01896556688274515
6.216443288657731,0.0190361808058652
6.216843368673735,0.019107209339808817
6.217243448689738,0.019178655815595625
6.217643528705741,0.01925052359820163
6.218043608721745,0.019322816086976915
6.218443688737747,0.019395536716071155
6.218843768753751,0.019468688954865226
6.219243848769754,0.019542276308407373
6.219643928785757,0.01961630231785832
6.220044008801761,0.019690770560940273
6.2204440888177635,0.019765684652394193
6.220844168833767,0.01984104824444381
6.22124424884977,0.019916865027264617
6.221644328865773,0.019993138729462442
6.222044408881777,0.0200698731185565
6.2224444888977795,0.020147072001471103
6.222844568913783,0.020224739225034972
6.223244648929786,0.02030287867648586
6.223644728945789,0.02038149428398549
6.224044808961793,0.020460590017139603
6.2244448889777955,0.020540169887527198
6.224844968993799,0.020620237949238143
6.225245049009802,0.020700798299416533
6.225645129025805,0.020781855078815414
6.226045209041809,0.020863412472356707
6.2264452890578115,0.02094547470970167
6.226845369073815,0.02102804606582985
6.227245449089818,0.021111130861625003
6.227645529105821,0.02119473346447262
6.228045609121825,0.021278858288863882
6.2284456891378275,0.021363509797010505
6.228845769153831,0.02144869249946906
6.229245849169834,0.021534410955773044
6.229645929185837,0.021620669775077313
6.230046009201841,0.021707473616809716
6.2304460892178435,0.0217948271913345
6.230846169233847,0.02188273526062624
6.23124624924985,0.021971202638951904
6.231646329265853,0.022060234193566702
6.232046409281857,0.022149834845417667
6.2324464892978595,0.022240009569860133
6.232846569313863,0.022330763397385555
6.233246649329866,0.022422101414358478
6.233646729345869,0.02251402876376827
6.234046809361873,0.022606550645989557
6.2344468893778755,0.022699672319556632
6.234846969393879,0.022793399101950107
6.235247049409882,0.022887736370393947
6.235647129425885,0.022982689562668246
6.236047209441888,0.023078264177931577
6.2364472894578915,0.023174465777559727
6.236847369473895,0.02327129998599477
6.237247449489898,0.023368772491609676
6.237647529505901,0.023466889047586884
6.238047609521904,0.023565655472808904
6.2384476895379075,0.02366507765276626
6.238847769553911,0.02376516154047702
6.239247849569914,0.023865913157423358
6.239647929585917,0.023967338594503194
6.24004800960192,0.024069444012995177
6.2404480896179235,0.024172235645542637
6.240848169633927,0.02427571979715031
6.24124824964993,0.024379902846199522
6.241648329665933,0.024484791245480118
6.242048409681936,0.024590391523236953
6.2424484896979395,0.02469671028423714
6.242848569713943,0.024803754210851413
6.243248649729946,0.024911530064155675
6.243648729745949,0.025020044685050834
6.244048809761952,0.02512930499539892
6.2444488897779555,0.025239317999181624
6.244848969793959,0.025350090783674655
6.245249049809962,0.025461630520644006
6.245649129825965,0.02557394446756259
6.246049209841968,0.025687039968844475
6.2464492898579715,0.02580092445710402
6.246849369873975,0.02591560545443217
6.247249449889978,0.026031090573697197
6.247649529905981,0.02614738751986721
6.248049609921984,0.02626450409135292
6.2484496899379876,0.026382448181376892
6.248849769953991,0.026501227779362365
6.249249849969994,0.02662085097234865
6.249649929985997,0.026741325946430517
6.250050010002,0.026862660988220034
6.250450090018004,0.026984864486337315
6.250850170034007,0.02710794493292334
6.25125025005001,0.02723191092518132
6.251650330066013,0.027356771166945258
6.252050410082016,0.027482534470272692
6.25245049009802,0.027609209757069722
6.252850570114023,0.027736806060740037
6.253250650130026,0.027865332527865768
6.253650730146029,0.027994798419918077
6.254050810162032,0.02812521311499464
6.254450890178036,0.028256586109592564
6.254850970194039,0.02838892702040808
6.255251050210042,0.028522245586171235
6.255651130226045,0.02865655166951316
6.256051210242048,0.02879185525886379
6.256451290258052,0.028928166470387897
6.256851370274055,0.029065495549951366
6.257251450290058,0.029203852875125877
6.257651530306061,0.029343248957229583
6.258051610322064,0.029483694443401775
6.258451690338068,0.029625200118719417
6.258851770354071,0.029767776908347917
6.259251850370074,0.029911435879733644
6.259651930386077,0.030056188244836753
6.26005201040208,0.03020204536240156
6.260452090418084,0.03034901874027339
6.260852170434087,0.030497120037753067
6.26125225045009,0.030646361067998097
6.261652330466093,0.03079675380046818
6.262052410482096,0.0309483103634127
6.2624524904981,0.031101043046409378
6.262852570514103,0.03125496430294505
6.263252650530106,0.03141008675304811
6.263652730546109,0.03156642318597007
6.264052810562112,0.03172398656291403
6.264452890578116,0.03188279001981953
6.264852970594119,0.03204284687019473
6.265253050610122,0.03220417060800558
6.265653130626125,0.0323667749106197
6.266053210642128,0.03253067364180257
6.266453290658132,0.032695880854776184
6.266853370674135,0.03286241079533063
6.267253450690138,0.03303027790499879
6.267653530706141,0.03319949682429206
6.268053610722144,0.03337008239599451
6.268453690738148,0.033542049668526114
6.268853770754151,0.03371541389936543
6.269253850770154,0.03389019055854242
6.269653930786157,0.03406639533219907
6.27005401080216,0.03424404412621548
6.270454090818164,0.03442315306991275
6.270854170834167,0.03460373851982236
6.27125425085017,0.03478581706353359
6.271654330866173,0.034969405523616666
6.272054410882176,0.03515452096161921
6.27245449089818,0.035341180682148025
6.272854570914183,0.03552940223702552
6.273254650930186,0.03571920342953312
6.273654730946189,0.035910602318739236
6.274054810962192,0.03610361722390948
6.274454890978196,0.036298266729011895
6.274854970994199,0.036494569687306
6.275255051010202,0.036692545226028966
6.275655131026205,0.03689221275117633
6.276055211042208,0.0370935919523751
6.276455291058212,0.03729670280786272
6.276855371074215,0.037501565589560616
6.277255451090218,0.037708200868255895
6.277655531106221,0.037916629518889175
6.278055611122224,0.038126872725946295
6.278455691138228,0.038338951988968244
6.278855771154231,0.03855288912816758
6.279255851170234,0.038768706290165926
6.279655931186237,0.03898642595385034
6.28005601120224,0.03920607093634733
6.280456091218244,0.039427664399128086
6.280856171234247,0.03965122985423449
6.28125625125025,0.039876791170640837
6.2816563312662534,0.040104372580749
6.282056411282256,0.04033399868701579
6.28245649129826,0.04056569446872824
6.282856571314263,0.04079948528891465
6.283256651330266,0.041035396901407804
6.2836567313462695,0.041273455458059084
6.284056811362272,0.041513687516101204
6.284456891378276,0.04175612004567717
6.284856971394279,0.04200078043752266
6.285257051410282,0.04224769651081984
6.2856571314262855,0.04249689652122068
6.286057211442288,0.042748409169038874
6.286457291458292,0.04300226360762815
6.286857371474295,0.04325848945193453
6.287257451490298,0.04351711678724179
6.2876575315063015,0.04377817617810785
6.288057611522304,0.04404169867749248
6.288457691538308,0.04430771583609453
6.288857771554311,0.044576259711886765
6.289257851570314,0.04484736287986808
6.2896579315863175,0.04512105844203236
6.29005801160232,0.045397380037553337
6.290458091618324,0.04567636185320668
6.290858171634327,0.045958038634015694
6.29125825165033,0.04624244569414316
6.2916583316663335,0.0465296189280281
6.292058411682336,0.04681959482176835
6.29245849169834,0.04711241046477023
6.292858571714343,0.04740810356165374
6.293258651730346,0.04770671244443505
6.2936587317463495,0.04800827608498789
6.294058811762352,0.04831283410778359
6.294458891778356,0.04862042680293405
6.294858971794359,0.04893109513952512
6.295259051810362,0.049244880779265046
6.2956591318263655,0.04956182609044893
6.296059211842368,0.04988197416224134
6.296459291858372,0.05020536881930183
6.296859371874375,0.05053205463674163
6.297259451890378,0.05086207695543856
6.2976595319063815,0.05119548189771148
6.298059611922384,0.051532316383356855
6.298459691938388,0.05187262814607574
6.298859771954391,0.05221646575027872
6.299259851970394,0.052563878608297906
6.2996599319863975,0.0529149169980093
6.3000600120024,0.053269632080868524
6.300460092018404,0.05362807592039083
6.300860172034407,0.053990301501063286
6.30126025205041,0.054356362747721126
6.3016603320664135,0.054726314545392236
6.302060412082416,0.055100212759614915
6.30246049209842,0.055478114257261575
6.302860572114423,0.05586007692785811
6.303260652130426,0.05624615970543238
6.3036607321464295,0.05663642259089889
6.304060812162432,0.057030926674984765
6.304460892178436,0.05742973416173452
6.304860972194438,0.05783290839258138
6.305261052210442,0.05824051387103011
6.3056611322264455,0.05865261628793983
6.306061212242448,0.059069282547446304
6.306461292258452,0.0594905807935325
6.306861372274454,0.05991658043725601
6.307261452290458,0.060347352184675046
6.3076615323064615,0.06078296806546431
6.308061612322464,0.06122350146226408
6.308461692338468,0.0616690271407733
6.30886177235447,0.062119621280597864
6.309261852370474,0.06257536150690028
6.3096619323864775,0.06303632692284337
6.31006201240248,0.06350259814287575
6.310462092418484,0.06397425732687292
6.310862172434486,0.06445138821514797
6.31126225245049,0.06493407616438283
6.3116623324664936,0.06542240818447494
6.312062412482496,0.06591647297635177
6.3124624924985,0.06641636097077112
6.3128625725145024,0.0669221643681238
6.313262652530506,0.067433977179296
6.31366273254651,0.06795189526758767
6.314062812562512,0.06847601639174654
6.314462892578516,0.06900644025013858
6.3148629725945185,0.06954326852607624
6.315263052610522,0.07008660493436734
6.315663132626526,0.07063655526908569
6.316063212642528,0.07119322745262739
6.316463292658532,0.07175673158608105
6.3168633726745345,0.07232718000093516
6.317263452690538,0.07290468731219568
6.317663532706542,0.07348937047291679
6.318063612722544,0.0740813488302169
6.318463692738548,0.07468074418281441
6.3188637727545505,0.07528768084011118
6.319263852770554,0.07590228568290634
6.319663932786558,0.07652468822574589
6.32006401280256,0.07715502068099253
6.320464092818564,0.07779341802465299
6.3208641728345665,0.07844001806400024
6.32126425285057,0.07909496150708163
6.321664332866574,0.07975839203412409
6.322064412882576,0.08043045637093138
6.32246449289858,0.08111130436431838
6.3228645729145825,0.08180108905962684
6.323264652930586,0.0824999667804256
6.32366473294659,0.0832080972104132
6.324064812962592,0.08392564347762857
6.324464892978596,0.08465277224102394
6.3248649729945985,0.08538965377945527
6.325265053010602,0.0861364620832031
6.325665133026606,0.08689337494805155
6.326065213042608,0.08766057407204413
6.326465293058612,0.08843824515498092
6.3268653730746145,0.0892265780007214
6.327265453090618,0.09002576662242372
6.327665533106622,0.09083600935075352
6.328065613122624,0.09165750894519867
6.328465693138628,0.09249047270856516
6.3288657731546305,0.0933351126047315
6.329265853170634,0.09419164537980716
6.329665933186638,0.09506029268674067
6.33006601320264,0.0959412812135292
6.330466093218644,0.09683484281511912
6.3308661732346465,0.09774121464908875
6.33126625325065,0.09866063931527572
6.331666333266654,0.0995933649994089
6.332066413282656,0.10053964562091289
6.33246649329866,0.10149974098499182
6.3328665733146625,0.10247391693909697
6.333266653330666,0.10346244553396299
6.33366673334667,0.10446560518928255
6.334066813362672,0.10548368086421145
6.334466893378676,0.1065169642328249
6.3348669733946785,0.1075657538646464
6.335267053410682,0.10863035541045564
6.335667133426686,0.1097110817934591
6.336067213442688,0.11080825340603723
6.336467293458692,0.111922198312205
6.3368673734746945,0.11305325245592558
6.337267453490698,0.11420175987550407
6.337667533506702,0.11536807292416004
6.338067613522704,0.11655255249701295
6.338467693538708,0.1177555682646364
6.3388677735547105,0.11897749891333335
6.339267853570714,0.12021873239238436
6.339667933586718,0.12147966616837548
6.34006801360272,0.12276070748686445
6.340468093618724,0.12406227364155129
6.3408681736347265,0.12538479225111998
6.34126825365073,0.12672870154402205
6.341668333666734,0.1280944506513143
6.342068413682736,0.12948249990782518
6.34246849369874,0.13089332116182556
6.3428685737147426,0.13232739809337413
6.343268653730746,0.1337852265416206
6.34366873374675,0.13526731484117577
6.344068813762752,0.1367741841678295
6.344468893778756,0.13830636889378914
6.344868973794759,0.13986441695259946
6.345269053810762,0.1414488902140268
6.345669133826766,0.14306036486899468
6.346069213842768,0.14469943182484277
6.346469293858772,0.14636669711105518
6.346869373874775,0.14806278229559053
6.347269453890778,0.14978832491206898
6.347669533906782,0.15154397889785384
6.348069613922784,0.15333041504325956
6.348469693938788,0.155148321451973
6.348869773954791,0.15699840401275098
6.349269853970794,0.1588813868825816
6.349669933986798,0.16079801298125204
6.3500700140028,0.16274904449746222
6.350470094018804,0.16473526340645672
6.350870174034807,0.16675747199910734
6.35127025405081,0.16881649342249969
6.351670334066814,0.17091317223179478
6.352070414082816,0.17304837495333442
6.35247049409882,0.17522299065875768
6.352870574114823,0.1774379315498331
6.353270654130826,0.17969413355382105
6.35367073414683,0.18199255692884547
6.354070814162832,0.1843341868789498
6.354470894178836,0.1867200341782585
6.354870974194839,0.18915113580357076
6.355271054210842,0.19162855557479228
6.355671134226846,0.19415338480221997
6.356071214242848,0.19672674293985867
6.356471294258852,0.1993497782436337
6.356871374274855,0.20202366843321246
6.357271454290858,0.20474962135618888
6.357671534306862,0.20752887565289518
6.358071614322864,0.2103627014202344
6.358471694338868,0.21325240087251487
6.358871774354871,0.21619930899703535
6.359271854370874,0.21920479420214334
6.359671934386878,0.22227025895486893
6.36007201440288,0.22539714040529776
6.360472094418884,0.22858691099430126
6.360872174434887,0.2318410790408866
6.36127225445089,0.23516118930529736
6.361672334466894,0.23854882352320195
6.362072414482896,0.24200560090624873
6.3624724944989,0.2455331786035418
6.362872574514903,0.24913325211805898
6.363272654530906,0.2528075556717411
6.36367273454691,0.256557862511952
6.364072814562912,0.2603859851517717
6.364472894578916,0.2642937755356164
6.364872974594919,0.2682831251208946
6.365273054610922,0.2723559648658956
6.365673134626926,0.2765142651127455
6.366073214642928,0.2807600353538107
6.366473294658932,0.2850953238685848
6.366873374674935,0.2895222172170332
6.367273454690938,0.294042839574508
6.367673534706942,0.29865935189161447
6.368073614722944,0.3033739508615971
6.368473694738948,0.3081888676760968
6.368873774754951,0.31310636654862506
6.369273854770954,0.31812874298389165
6.369673934786958,0.32325832176890457
6.37007401480296,0.3284974546605796
6.370474094818964,0.33384851774241264
6.370874174834967,0.3393139084208239
6.37127425485097,0.34489604203021446
6.371674334866974,0.35059734801304787
6.372074414882976,0.35642026563979656
6.37247449489898,0.3623672392309859
6.372874574914983,0.3684407128413082
6.373274654930986,0.37464312436398556
6.37367473494699,0.380976899010559
6.374074814962992,0.3874444421197622
6.374474894978996,0.39404813124645677
6.374874974994999,0.4007903074794595
6.375275055011002,0.40767326593559355
6.375675135027006,0.4146992453746411
6.3760752150430084,0.42187041687906307
6.376475295059012,0.4291888715404989
6.376875375075015,0.4366566070940523
6.377275455091018,0.44427551344139193
6.377675535107022,0.4520473570027935
6.3780756151230245,0.45997376383977
6.378475695139028,0.468056201490742
6.378875775155031,0.47629595946443615
6.379275855171034,0.48469412833960895
6.379675935187038,0.49325157742315995
6.3800760152030405,0.5019689309255116
6.380476095219044,0.5108465426188235
6.380876175235047,0.5198844689526414
6.38127625525105,0.5290824406132493
6.381676335267054,0.5384398325249958
6.3820764152830565,0.5479556323084198
6.38247649529906,0.5576284072272817
6.382876575315063,0.5674562696773566
6.383276655331066,0.5774368412943077
6.38367673534707,0.5875672157836302
6.3840768153630725,0.5978439206069801
6.384476895379076,0.6082628776919651
6.384876975395079,0.6188193633694513
6.385277055411082,0.6295079677836343
6.385677135427086,0.6403225540626528
6.3860772154430885,0.6512562175856962
6.386477295459092,0.6623012457315564
6.386877375475095,0.6734490785457335
6.387277455491098,0.6846902708180995
6.387677535507102,0.6960144561168295
6.3880776155231045,0.70741031338086
6.388477695539108,0.7188655367263582
6.388877775555111,0.7303668091743741
6.389277855571114,0.7418997810554054
6.389677935587118,0.7534490538870625
6.3900780156031205,0.7649981705564737
6.390478095619124,0.7765296126622601
6.390878175635127,0.788024805882691
6.39127825565113,0.7994641342346309
6.391678335667134,0.8108269640664927
6.3920784156831365,0.8220916785903414
6.39247849569914,0.8332357236963198
6.392878575715143,0.8442356657078415
6.393278655731146,0.8550672616271063
6.39367873574715,0.8657055422831988
6.3940788157631525,0.8761249086340536
6.394478895779156,0.8862992412843924
6.394878975795159,0.8962020230688682
6.395279055811162,0.9058064743153978
6.395679135827166,0.9150857001486808
6.3960792158431685,0.9240128489274093
6.396479295859172,0.9325612806318255
6.396879375875175,0.9407047437408294
6.397279455891178,0.948417558867121
6.397679535907182,0.955674807161027
6.3980796159231845,0.9624525212612798
6.398479695939188,0.9687278763692242
6.398879775955191,0.9744793788629031
6.399279855971194,0.979687049756869
6.399679935987198,0.9843326002577016
6.4000800160032005,0.9883995966723891
6.400480096019204,0.9918736119978828
6.400880176035207,0.9947423616586278
6.40128025605121,0.9969958210636014
6.401680336067214,0.9986263229212329
6.4020804160832165,0.9996286325754977
6.40248049609922,1.0
6.402880576115223,0.9997401875001548
6.403280656131226,0.99885147261452
6.40368073614723,0.9973386261622321
6.4040808161632325,0.9952088658410054
6.404480896179236,0.9924717862257204
6.404880976195239,0.9891392664383888
6.405281056211242,0.9852253571439216
6.405681136227246,0.9807461488631465
6.4060812162432486,0.9757196238752408
6.406481296259252,0.9701654942013378
6.406881376275255,0.9641050283149617
6.407281456291258,0.9575608693115422
6.407681536307262,0.9505568472911584
6.408081616323265,0.94311778866668
6.408481696339268,0.9352693250111784
6.408881776355271,0.9270377039091153
6.409281856371274,0.9184496040827889
6.409681936387278,0.9095319568397422
6.410082016403281,0.9003117756336833
6.410482096419284,0.8908159952633163
6.410882176435287,0.8810713219567184
6.41128225645129,0.8711040953111473
6.411682336467294,0.8609401627890978
6.412082416483297,0.8506047672128444
6.4124824964993,0.840122447460743
6.412882576515303,0.8295169523502892
6.413282656531306,0.818811167498007
6.41368273654731,0.8080270547790587
6.414082816563313,0.7971856038662014
6.414482896579316,0.786306795212751
6.414882976595319,0.7754095737538446
6.415283056611322,0.7645118325330718
6.415683136627326,0.753630405418554
6.416083216643329,0.742781068046984
6.416483296659332,0.7319785461283048
6.416883376675335,0.7212365302523503
6.417283456691338,0.7105676963593565
6.417683536707342,0.6999837310695187
6.418083616723345,0.6894953611057043
6.418483696739348,0.6791123860907557
6.418883776755351,0.668843714051712
6.419283856771354,0.6586973990161595
6.419683936787358,0.6486806801422141
6.420084016803361,0.6388000218775813
6.420484096819364,0.6290611546982711
6.420884176835367,0.619469116030211
6.42128425685137,0.6100282910066279
6.421684336867374,0.6007424527628883
6.422084416883377,0.5916148020138151
6.42248449689938,0.5826480057004587
6.422884576915383,0.5738442345310643
6.423284656931386,0.5652051992745815
6.42368473694739,0.5567321856971035
6.424084816963393,0.5484260880580998
6.424484896979396,0.5402874411084532
6.424884976995399,0.5323164505537128
6.425285057011402,0.5245130219639386
6.425685137027405,0.516876788128571
6.426085217043409,0.5094071348672418
6.426485297059412,0.5021032253199964
6.426885377075415,0.4949640227489153
6.427285457091418,0.4879883118914352
6.427685537107421,0.48117471891180125
6.428085617123425,0.4745217300012862
6.428485697139428,0.46802770868221577
6.428885777155431,0.46169091187246997
6.429285857171434,0.4555095047692481
6.429685937187437,0.44948157461163923
6.430086017203441,0.4436051433811943
6.430486097219444,0.43787817950002367
6.430886177235447,0.43229860858429797
6.43128625725145,0.42686432331026136
6.431686337267453,0.4215731924482646
6.432086417283457,0.41642306911811683
6.43248649729946,0.4114117983177378
6.432886577315463,0.40653722377432683
6.433286657331466,0.40179719416550014
6.433686737347469,0.39718956875556116
6.434086817363473,0.39271222248945326
6.434486897379476,0.3883630505852434
6.434886977395479,0.38413997266317235
6.435287057411482,0.3800409364474751
6.435687137427485,0.37606392107499453
6.436087217443489,0.37220694004222293
6.436487297459492,0.36846804382088405
6.436887377475495,0.36484532216973936
6.437287457491498,0.36133690616877173
6.437687537507501,0.3579409700001061
6.438087617523505,0.3546557324980785
6.438487697539508,0.3514794584896993
6.438887777555511,0.3484104599448137
6.4392878575715145,0.34544709695412135
6.439687937587517,0.3425877785518446
6.440088017603521,0.33983096339834395
6.440488097619524,0.3371751603371611
6.440888177635527,0.3346189288394843
6.4412882576515305,0.3321608793482326
6.441688337667533,0.32979967353294526
6.442088417683537,0.3275340244655754
6.44248849769954,0.3253626967267204
6.442888577715543,0.32328450645073575
6.4432886577315465,0.3212983213176213
6.443688737747549,0.3194030604988599
6.444088817763553,0.3175976945635809
6.444488897779556,0.3158812453510651
6.444888977795559,0.3142527858147954
6.4452890578115625,0.3127114398428775
6.445689137827565,0.3112563820591536
6.446089217843569,0.3098868376087328
6.446489297859572,0.3086020819314198
6.446889377875575,0.3074014405259193
6.4472894578915785,0.3062842887074229
6.447689537907581,0.30525005136079514
6.448089617923585,0.30429820269113317
6.448489697939588,0.30342826597327816
6.448889777955591,0.3026398133013843
6.4492898579715945,0.3019324653394202
6.449689937987597,0.30130589107317046
6.450090018003601,0.30075980756391363
6.450490098019604,0.3002939797037768
6.450890178035607,0.2999082199723544
6.4512902580516105,0.2996023881939498
6.451690338067613,0.29937639129447213
6.452090418083617,0.2992301830567042
6.45249049809962,0.29916376387236243
6.452890578115623,0.29917718048903086
6.4532906581316265,0.2992705257497236
6.453690738147629,0.2994439383224838
6.454090818163633,0.29969760241706045
6.454490898179636,0.30003174748532163
6.454890978195639,0.30044664790166875
6.4552910582116425,0.3009426226192943
6.455691138227645,0.30152003479765505
6.456091218243649,0.3021792913961104
6.456491298259652,0.3029208427280966
6.456891378275655,0.3037451819697534
6.4572914582916585,0.3046528446162961
6.457691538307661,0.30564440787881875
6.458091618323665,0.3067204900136343
6.458491698339668,0.30788174957546605
6.458891778355671,0.3091288845851911
6.4592918583716745,0.3104626316019839
6.459691938387677,0.31188376468888596
6.460092018403681,0.31339309426005063
6.460492098419684,0.3149914657968331
6.460892178435687,0.31667975841909435
6.4612922584516905,0.3184588832969426
6.461692338467693,0.3203297818870691
6.462092418483697,0.3222934239768173
6.4624924984997,0.32435080551774514
6.462892578515703,0.32650294622942283
6.4632926585317065,0.32875088695279653
6.463692738547709,0.33109568673111156
6.464092818563713,0.33353841959521596
6.464492898579716,0.3360801710284086
6.464892978595719,0.33872203408486834
6.4652930586117225,0.3414651051341309
6.465693138627725,0.344310479202649
6.466093218643729,0.3472592448823232
6.466493298659732,0.35031247877422267
6.466893378675735,0.3534712394347942
6.4672934586917386,0.3567365607904772
6.467693538707741,0.36010944498560576
6.468093618723745,0.36359085462786395
6.468493698739748,0.3671817043945133
6.468893778755751,0.37088285196263465
6.469293858771755,0.37469508822629927
6.469693938787757,0.37861912676388665
6.470094018803761,0.382655592519832
6.470494098819764,0.3868050096659222
6.470894178835767,0.3910677886096476
6.471294258851771,0.39544421211946057
6.471694338867773,0.39993442054021144
6.472094418883777,0.4045383960767608
6.47249449889978,0.40925594612864735
6.472894578915783,0.4140866856658222
6.473294658931787,0.419030018642996
6.473694738947789,0.424085118459454
6.474094818963793,0.4292509074824408
6.474494898979796,0.4345260356641838
6.474894978995799,0.4399088582976055
6.475295059011803,0.4453974129717008
6.475695139027805,0.45098939580584546
6.476095219043809,0.4566821370631634
6.476495299059812,0.46247257626495125
6.476895379075815,0.4683572369535219
6.477295459091819,0.4743322012771874
6.477695539107821,0.4803930845998384
6.478095619123825,0.4865350103686247
6.478495699139828,0.49275258550463474
6.478895779155831,0.499039876615524
6.479295859171835,0.5053903873626527
6.479695939187837,0.511797037349515
6.480096019203841,0.5182521429324671
6.480496099219844,0.5247474003863432
6.480896179235847,0.5312738718884096
6.481296259251851,0.5378219748102603
6.481696339267853,0.544381474829319
6.482096419283857,0.5509414833882126
6.48249649929986,0.5574904600382568
6.482896579315863,0.5640162202039614
6.483296659331867,0.5705059488945488
6.483696739347869,0.576946220866218
6.484096819363873,0.5833230277039443
6.484496899379876,0.5896218122409423
6.484896979395879,0.5958275106694324
6.485297059411883,0.6019246026144194
6.485697139427885,0.6078971693444571
6.486097219443889,0.6137289601798572
6.4864972994598915,0.6194034670286444
6.486897379475895,0.6249040068379489
6.487297459491899,0.6302138115922534
6.487697539507901,0.63531612532593
6.488097619523905,0.6401943074465467
6.4884976995399075,0.6448319414932434
6.488897779555911,0.6492129482856032
6.489297859571915,0.6533217022566873
6.489697939587917,0.6571431496168711
6.490098019603921,0.6606629268661631
6.4904980996199235,0.6638674780686731
6.490898179635927,0.6667441692286724
6.491298259651931,0.6692813980667497
6.491698339667933,0.6714686974921338
6.492098419683937,0.6732968311042116
6.4924984996999395,0.6747578791348889
6.492898579715943,0.6758453133632889
6.493298659731947,0.6765540596931475
6.493698739747949,0.6768805472787769
6.494098819763953,0.6768227433121063
6.4944988997799555,0.6763801728357816
6.494898979795959,0.6755539232181365
6.495299059811963,0.6743466332075104
6.495699139827965,0.6727624667674071
6.496099219843969,0.6708070721720681
6.4964992998599715,0.6684875271061851
6.496899379875975,0.6658122707547153
6.497299459891979,0.6627910240832434
6.497699539907981,0.6594346996896943
6.498099619923985,0.6557553027511953
6.4984996999399876,0.6517658246925284
6.498899779955991,0.6474801312634741
6.499299859971995,0.6429128467329858
6.499699939987997,0.638079235888631
6.500100020004001,0.632995085474789
6.500500100020004,0.6276765866156312
6.500900180036007,0.6221402196535327
6.501300260052011,0.6164026426969412
6.501700340068013,0.6104805850171179
6.502100420084017,0.6043907462683692
6.50250050010002,0.598149702335325
6.502900580116023,0.591773818438297
6.503300660132027,0.585279169959975
6.503700740148029,0.5786814712947793
6.504100820164033,0.5719960128719161
6.504500900180036,0.5652376063654828
6.504900980196039,0.5584205379813589
6.505301060212043,0.5515585296041957
6.505701140228045,0.5446647074961279
6.506101220244049,0.5377515781647368
6.506501300260052,0.5308310109591168
6.506901380276055,0.5239142269086481
6.507301460292059,0.5170117932901955
6.507701540308061,0.5101336233914753
6.508101620324065,0.5032889809329677
6.508501700340068,0.49648648861453776
6.508901780356071,0.4897341402644096
6.509301860372075,0.48303931608774897
6.509701940388077,0.47640880053541135
6.510102020404081,0.46984880234217863
6.510502100420084,0.4633649763149656
6.510902180436087,0.4569624464839926
6.511302260452091,0.4506458302647752
6.511702340468093,0.4444192633122128
6.512102420484097,0.4382864247823901
6.5125025005001,0.43225056275055984
6.512902580516103,0.4263145195648089
6.513302660532107,0.42048075694548853
6.513702740548109,0.4147513806677069
6.514102820564113,0.4091281646905424
6.514502900580116,0.40361257462043504
6.514902980596119,0.39820579041740684
6.515303060612123,0.39290872827299406
6.515703140628125,0.38772206160553263
6.516103220644129,0.38264624113437523
6.516503300660132,0.3776815140081757
6.516903380676135,0.3728279419738346
6.517303460692139,0.3680854185835059
6.517703540708141,0.36345368544514545
6.518103620724145,0.35893234752979597
6.518503700740148,0.35452088755485683
6.518903780756151,0.35021867946719737
6.519303860772155,0.34602500105449324
6.519703940788157,0.34193904571569655
6.520104020804161,0.3379599334242162
6.520504100820164,0.3340867209190092
6.520904180836167,0.33031841115951843
6.521304260852171,0.3266539620814538
6.521704340868173,0.32309229469005296
6.522104420884177,0.31963230052753716
6.52250450090018,0.31627284855096377
6.522904580916183,0.3130127914556183
6.523304660932187,0.3098509714785779
6.523704740948189,0.3067862257155317
6.524104820964193,0.30381739098299176
6.524504900980196,0.3009433082566836
6.524904980996199,0.29816282671530614
6.525305061012203,0.2954748074177901
6.525705141028205,0.2928781266403851
6.526105221044209,0.2903716788987004
6.526505301060212,0.2879543796783714
6.526905381076215,0.2856251678964146
6.527305461092219,0.28338300811426437
6.527705541108221,0.2812268925218159
6.528105621124225,0.27915584271069926
6.528505701140228,0.277168911253709
6.528905781156231,0.2752651831059374
6.529305861172235,0.27344377684224447
6.529705941188237,0.2717038457442962
6.530106021204241,0.270044578749497
6.530506101220244,0.2684652012730842
6.530906181236247,0.26696497591352747
6.531306261252251,0.2655432030506287
6.5317063412682534,0.2641992213446112
6.532106421284257,0.2629324081437315
6.53250650130026,0.2617421798071056
6.532906581316263,0.26062799194853054
6.533306661332267,0.25958933960646235
6.5337067413482695,0.258625757344409
6.534106821364273,0.2577368192853678
6.534506901380276,0.2569221390832121
6.534906981396279,0.256181369833181
6.535307061412283,0.2555142039230499
6.5357071414282855,0.25492037282579294
6.536107221444289,0.2543996468339538
6.536507301460292,0.25395183473527894
6.536907381476295,0.2535767834284671
6.537307461492299,0.2532743774773082
6.5377075415083015,0.2530445386007508
6.538107621524305,0.25288722509582345
6.538507701540308,0.2528024311896332
6.538907781556311,0.25279018631597366
6.539307861572315,0.252850554311382
6.5397079415883175,0.2529836325247481
6.540108021604321,0.2531895508338498
6.540508101620324,0.2534684705614129
6.540908181636327,0.2538205832825236
6.541308261652331,0.25424610951439747
6.5417083416683335,0.2547452972786917
6.542108421684337,0.2553184205256894
6.54250850170034,0.2559657774087845
6.542908581716343,0.2566876883968478
6.543308661732347,0.25748449421106173
6.5437087417483495,0.25835655357195264
6.544108821764353,0.2593042407413551
6.544508901780356,0.26032794284307936
6.544908981796359,0.2614280569451736
6.545309061812363,0.2626049868856185
6.5457091418283655,0.26385913982248627
6.546109221844369,0.26519092248863596
6.546509301860372,0.2666007371301634
6.546909381876375,0.26808897710715784
6.547309461892379,0.26965602213447176
6.5477095419083815,0.2713022331397991
6.548109621924385,0.2730279467158214
6.548509701940388,0.27483346914291285
6.548909781956391,0.2767190699589651
6.549309861972395,0.278684975052888
6.5497099419883975,0.2807313592590328
6.550110022004401,0.2828583384304882
6.550510102020404,0.2850659609704104
6.550910182036407,0.2873541988024065
6.551310262052411,0.2897229377629401
6.5517103420684135,0.29217196740180584
6.552110422084417,0.29470097018002633
6.55251050210042,0.29730951005874734
6.552910582116423,0.2999970204779597
6.553310662132427,0.30276279172955073
6.5537107421484295,0.30560595773647314
6.554110822164433,0.30852548225768256
6.554510902180436,0.31152014454770105
6.554910982196439,0.3145885245103521
6.555311062212443,0.31772898739758887
6.5557111422284455,0.32093966811779606
6.556111222244449,0.32421845523214743
6.556511302260452,0.32756297473341833
6.556911382276455,0.3309705737190346
6.557311462292459,0.33443830408816416
6.5577115423084615,0.3379629064125963
6.558111622324465,0.3415407941514594
6.558511702340468,0.34516803840109583
6.558911782356471,0.3488403533934594
6.559311862372475,0.35255308297781074
6.5597119423884775,0.35630118834242863
6.560112022404481,0.36007923725338836
6.560512102420484,0.36388139510657197
6.560912182436487,0.36770141810628865
6.561312262452491,0.37153264889736465
6.5617123424684936,0.3753680149881306
6.562112422484497,0.3792000303068281
6.5625125025005,0.3830208002336332
6.562912582516503,0.3868220304438658
6.563312662532507,0.3905950398829525
6.56371274254851,0.3943307781712097
6.564112822564513,0.3980198477039926
6.564512902580516,0.4016525306706885
6.564912982596519,0.4052188211639524
6.565313062612523,0.40870846248729165
6.565713142628526,0.41211098969642307
6.566113222644529,0.4154157773265429
6.566513302660532,0.4186120921657878
6.566913382676535,0.42168915083591024
6.567313462692539,0.4246361818354784
6.567713542708542,0.4274424915923857
6.568113622724545,0.43009753396228506
6.568513702740548,0.43259098250171285
6.568913782756551,0.43491280474226707
6.569313862772555,0.43705333759809073
6.569713942788558,0.43900336295771036
6.570114022804561,0.4407541824453655
6.570514102820564,0.4422976902902351
6.570914182836567,0.44362644321720157
6.571314262852571,0.444733726271731
6.571714342868574,0.44561361351647266
6.572114422884577,0.4462610225882605
6.57251450290058,0.4466717621816632
6.572914582916583,0.44684257162780205
6.573314662932587,0.446771151862598
6.57371474294859,0.4464561872241707
6.574114822964593,0.4458973576807128
6.574514902980596,0.44509534126348516
6.574914982996599,0.4440518066594433
6.575315063012603,0.44276939609933186
6.575715143028606,0.44125169885425586
6.576115223044609,0.43950321582185037
6.576515303060612,0.43752931583731175
6.576915383076615,0.4353361844803562
6.577315463092619,0.4329307662637425
6.577715543108622,0.43032070117895443
6.578115623124625,0.427514256639195
6.578515703140628,0.4245202558978588
6.578915783156631,0.4213480040322869
6.579315863172635,0.41800721256982803
6.579715943188638,0.4145079237967508
6.580116023204641,0.410860435734144
6.580516103220644,0.40707522869096224
6.580916183236647,0.40316289421597296
6.581316263252651,0.39913406717218525
6.581716343268654,0.39499936155121623
6.582116423284657,0.39076931053605474
6.58251650330066,0.3864543112109247
6.582916583316663,0.38206457420919065
6.583316663332667,0.37761007848810535
6.58371674334867,0.3731005313227841
6.584116823364673,0.36854533352453767
6.584516903380676,0.3639535498105551
6.584916983396679,0.359333884183534
6.585317063412683,0.3546946601228018
6.585717143428686,0.35004380534073604
6.586117223444689,0.3453888408215372
6.586517303460692,0.3407368738319212
6.586917383476695,0.33609459457426
6.587317463492699,0.3314682761426563
6.587717543508702,0.32686377743834794
6.588117623524705,0.32228654870384865
6.588517703540708,0.3177416393430822
6.588917783556711,0.3132337077065362
6.589317863572715,0.30876703253654464
6.589717943588718,0.3043455257853514
6.590118023604721,0.2999727465389089
6.590518103620724,0.2956519158004654
6.590918183636727,0.291385931909393
6.591318263652731,0.28717738639308193
6.591718343668734,0.2830285800707474
6.592118423684737,0.2789415392492779
6.59251850370074,0.27491803187129465
6.592918583716743,0.27095958349427063
6.593318663732747,0.26706749299781557
6.59371874374875,0.26324284793221203
6.594118823764753,0.25948653943671346
6.594518903780756,0.25579927666984753
6.5949189837967594,0.25218160070606904
6.595319063812763,0.24863389786463166
6.595719143828766,0.24515641244589859
6.596119223844769,0.24174925885920792
6.596519303860772,0.23841243313387567
6.5969193838767755,0.2351458238110956
6.597319463892779,0.23194922222038503
6.597719543908782,0.2288223321484143
6.598119623924785,0.22576477891212965
6.598519703940788,0.22277611785116255
6.5989197839567915,0.2198558422567439
6.599319863972795,0.21700339075661265
6.599719943988798,0.21421815417643855
6.600120024004801,0.21149948189949563
6.600520104020804,0.20884668774690077
6.6009201840368075,0.2062590554008107
6.601320264052811,0.2037358433932979
6.601720344068814,0.20127628968307992
6.602120424084817,0.1988796158420629
6.60252050410082,0.19654503087307887
6.6029205841168235,0.19427173467930153
6.603320664132827,0.19205892120531617
6.60372074414883,0.1899057812686374
6.604120824164833,0.1878115050997087
6.604520904180836,0.18577528460741466
6.6049209841968395,0.1837963153859607
6.605321064212843,0.18187379847818397
6.605721144228846,0.1800069419090708
6.606121224244849,0.17819496200237397
6.606521304260852,0.17643708449217696
6.6069213842768555,0.1747325454401044
6.607321464292859,0.17308059196809333
6.607721544308862,0.17148048281545666
6.608121624324865,0.16993148872816166
6.608521704340868,0.16843289268732958
6.6089217843568715,0.16698398998296202
6.609321864372875,0.16558408813825243
6.609721944388878,0.16423250668884917
6.610122024404881,0.1629285768208013
6.610522104420884,0.16167164087019686
6.6109221844368875,0.16046105168673838
6.611322264452891,0.1592961718630495
6.611722344468894,0.15817637283079583
6.612122424484897,0.15710103382430912
6.6125225045009,0.15606954071197598
6.6129225845169035,0.15508128469521587
6.613322664532907,0.15413566087473576
6.61372274454891,0.1532320666834463
6.614122824564913,0.15236990018541624
6.614522904580916,0.15154855824028002
6.6149229845969195,0.15076743453258523
6.615323064612923,0.15002591746596727
6.615723144628926,0.14932338792235944
6.616123224644929,0.14865921688711206
6.616523304660932,0.14803276294165443
6.6169233846769355,0.1474433696262443
6.617323464692939,0.14689036267659558
6.617723544708942,0.14637304713949265
6.618123624724945,0.14589070437416624
6.618523704740948,0.14544258894808842
6.6189237847569515,0.1450279254379332
6.619323864772955,0.1446459051489282
6.619723944788958,0.1442956827684366
6.620124024804961,0.14397637297260998
6.620524104820964,0.14368704700817314
6.6209241848369675,0.1434267292748579
6.62132426485297,0.14319439393776295
6.621724344868974,0.14298896160279442
6.622124424884977,0.14280929609246273
6.62252450490098,0.1426542013634629
6.6229245849169835,0.1425224186117062
6.623324664932986,0.14241262361463633
6.62372474494899,0.14232342436466855
6.624124824964993,0.1422533590513479
6.624524904980996,0.14220089445315237
6.6249249849969996,0.14216442480265498
6.625325065013002,0.14214227119081688
6.625725145029006,0.14213268157735143
6.626125225045009,0.14213383147418315
6.626525305061012,0.14214382536784062
6.626925385077016,0.1421606989439889
6.627325465093018,0.1421824221730421
6.627725545109022,0.14220690330975594
6.628125625125025,0.1422319938517434
6.628525705141028,0.14225549449190583
6.628925785157032,0.14227516208777696
6.629325865173034,0.14228871765676485
6.629725945189038,0.14229385539032366
6.630126025205041,0.14228825266236705
6.630526105221044,0.14226958098799108
6.630926185237048,0.14223551786813307
6.63132626525305,0.14218375943459463
6.631726345269054,0.1421120337883783
6.632126425285057,0.14201811490312627
6.63252650530106,0.1418998369452278
6.632926585317064,0.141755108843557
6.633326665333066,0.14158192892551166
6.63372674534907,0.14137839942270403
6.634126825365073,0.14114274063998802
6.634526905381076,0.14087330457599068
6.63492698539708,0.14056858778248535
6.635327065413082,0.1402272432540734
6.635727145429086,0.1398480911488952
6.636127225445089,0.13943012815553393
6.636527305461092,0.1389725353405951
6.636927385477096,0.1384746843353742
6.637327465493098,0.13793614174794286
6.637727545509102,0.1373566717181132
6.638127625525105,0.13673623656637812
6.638527705541108,0.1360749955228792
6.638927785557112,0.1353733015579093
6.639327865573114,0.1346316963702535
6.639727945589118,0.13385090362274327
6.640128025605121,0.13303182054501753
6.640528105621124,0.13217550805048398
6.640928185637128,0.13128317953748497
6.64132826565313,0.1303561885629829
6.641728345669134,0.1293960155903008
6.642128425685137,0.12840425402071487
6.64252850570114,0.12738259572159952
6.642928585717144,0.1263328162620099
6.643328665733146,0.12525676006013134
6.64372874574915,0.12415632563642374
6.644128825765153,0.12303345115239739
6.644528905781156,0.12189010039797354
6.64492898579716,0.12072824937145266
6.645329065813162,0.11954987357563455
6.645729145829166,0.11835693613226908
6.646129225845169,0.11715137679569831
6.646529305861172,0.11593510192533951
6.646929385877176,0.11470997545654611
6.647329465893178,0.11347781089045629
6.647729545909182,0.1122403643059989
6.648129625925185,0.11099932838184873
6.648529705941188,0.1097563274024036
6.648929785957192,0.10851291321041943
6.649329865973194,0.10727056205944208
6.649729945989198,0.10603067231156467
6.650130026005201,0.10479456292056612
6.650530106021204,0.10356347263645847
6.650930186037208,0.10233855986528721
6.65133026605321,0.10112090311715695
6.651730346069214,0.09991150197572132
6.652130426085217,0.0987112785239305
6.65253050610122,0.0975210791629414
6.652930586117224,0.09634167676414314
6.653330666133226,0.09517377309772335
6.65373074614923,0.09401800148496234
6.654130826165233,0.09287492962568819
6.654530906181236,0.09174506255641694
6.65493098619724,0.09062884569906261
6.655331066213242,0.08952666796432528
6.655731146229246,0.08843886487788934
6.6561312262452486,0.08736572170165084
6.656531306261252,0.08630747652577904
6.656931386277256,0.0852643233110782
6.657331466293258,0.08423641486423936
6.657731546309262,0.0832238657316452
6.658131626325265,0.0822267550001173
6.658531706341268,0.08124512899537696
6.658931786357272,0.08027900387131583
6.659331866373274,0.07932836808500446
6.659731946389278,0.07839318475416437
6.660132026405281,0.07747339389532219
6.660532106421284,0.07656891454208524
6.660932186437288,0.07567964674419309
6.66133226645329,0.0748054734488163
6.661732346469294,0.07394626226641901
6.662132426485297,0.07310186712413139
6.6625325065013,0.07227212981001874
6.662932586517304,0.07145688141213573
6.663332666533306,0.07065594365644723
6.66373274654931,0.06986913014797723
6.664132826565313,0.06909624751968593
6.664532906581316,0.0683370964935898
6.66493298659732,0.06759147285875926
6.665333066613322,0.06685916837071045
6.665733146629326,0.06613997157671003
6.666133226645329,0.06543366857141909
6.666533306661332,0.06474004368713172
6.666933386677336,0.06405888012281773
6.667333466693338,0.06338996051594176
6.667733546709342,0.06273306746092709
6.668133626725345,0.06208798397796235
6.668533706741348,0.061454493935624716
6.668933786757352,0.06083238243070069
6.669333866773354,0.06022143612832749
6.669733946789358,0.05962144356545735
6.670134026805361,0.059032195420472916
6.670534106821364,0.058453484751568335
6.670934186837368,0.057885107206420906
6.67133426685337,0.0573268612054489
6.671734346869374,0.05677854810084582
6.672134426885377,0.05623997231343492
6.67253450690138,0.05571094144920635
6.672934586917384,0.05519126639733563
6.673334666933386,0.05468076141128891
6.67373474694939,0.05417924417454522
6.674134826965393,0.0536865358523529
6.674534906981396,0.053202461130790996
6.6749349869974,0.052726848244371106
6.675335067013402,0.05225952899325771
6.675735147029406,0.051800338751139
6.676135227045409,0.05134911646469486
6.676535307061412,0.05090570464549703
6.676935387077416,0.05046994935516076
6.677335467093418,0.05004170018444381
6.677735547109422,0.04962081022696222
6.678135627125425,0.049207136048132386
6.678535707141428,0.04880053764986157
6.678935787157432,0.048400878431509725
6.679335867173434,0.04800802514754758
6.679735947189438,0.04762184786232315
6.680136027205441,0.047242219902308015
6.680536107221444,0.04686901780612488
6.680936187237448,0.046502121272670484
6.68133626725345,0.04614141310756665
6.681736347269454,0.04578677916817106
6.682136427285457,0.04543810830734901
6.68253650730146,0.04509529231615197
6.682936587317464,0.04475822586556698
6.683336667333466,0.044426806447431515
6.68373674734947,0.04410093431461555
6.684136827365473,0.04378051242054634
6.684536907381476,0.04346544635810871
6.68493698739748,0.04315564429797092
6.685337067413482,0.042851016926328686
6.685737147429486,0.04255147738206747
6.686137227445489,0.04225694119332302
6.686537307461492,0.04196732621338196
6.686937387477496,0.04168255255588289
6.687337467493498,0.041402542529226635
6.687737547509502,0.04112722057011247
6.688137627525505,0.04085651317609993
6.688537707541508,0.04059034883706126
6.688937787557512,0.0403286579654085
6.6893378675735145,0.040071372824930486
6.689737947589518,0.03981842745808503
6.690138027605521,0.039569757611576654
6.690538107621524,0.039325300660018346
6.690938187637528,0.0390849955274952
6.6913382676535305,0.03884878260680639
6.691738347669534,0.03861660367617115
6.692138427685537,0.03838840181317568
6.69253850770154,0.03816412130571176
6.692938587717544,0.03794370755968118
6.6933386677335465,0.03772710700320788
6.69373874774955,0.03751426698711612
6.694138827765553,0.037305135681433864
6.694538907781556,0.037099661967668424
6.69493898779756,0.036897795326635535
6.6953390678135625,0.0366994857216091
6.695739147829566,0.03650468347659304
6.696139227845569,0.03631333914953795
6.696539307861572,0.036125403400339616
6.696939387877576,0.03594082685351523
6.6973394678935785,0.0357595599554728
6.697739547909582,0.03558155282635743
6.698139627925585,0.03540675510651696
6.698539707941588,0.03523511579768861
6.698939787957592,0.035066583099112196
6.6993398679735945,0.03490110423884771
6.699739947989598,0.0347386253006963
6.700140028005601,0.03457909104724295
6.700540108021604,0.034422444739659636
6.700940188037608,0.034268627955075716
6.7013402680536105,0.03411758040246246
6.701740348069614,0.03396923973816673
6.702140428085617,0.03382354138241376
6.70254050810162,0.03368041833828774
6.702940588117624,0.033539801014923265
6.7033406681336265,0.03340161705683888
6.70374074814963,0.03326579118157491
6.704140828165633,0.03313224502801668
6.704540908181636,0.0330008970179905
6.70494098819764,0.03287166223394138
6.7053410682136425,0.03274445231567601
6.705741148229646,0.03261917537933193
6.706141228245649,0.03249573596186968
6.706541308261652,0.032374034994471446
6.706941388277656,0.032253969808293044
6.7073414682936585,0.03213543417598988
6.707741548309662,0.03201831839236858
6.708141628325665,0.03190250939736016
6.708541708341668,0.03178789094425854
6.708941788357672,0.03167434381584744
6.7093418683736745,0.03156174609058771
6.709741948389678,0.03144997346050723
6.710142028405681,0.031338899601789635
6.710542108421684,0.031228396598301397
6.710942188437688,0.031118335417464067
6.7113422684536905,0.031008586436929757
6.711742348469694,0.030899020019518247
6.712142428485697,0.030789507132807675
6.7125425085017,0.03067992000866516
6.712942588517704,0.030570132836911436
6.7133426685337065,0.030460022486220317
6.71374274854971,0.030349469244339636
6.714142828565713,0.03023835756879026
6.714542908581716,0.03012657683838934
6.71494298859772,0.030014022095319177
6.7153430686137225,0.029900594767005156
6.715743148629726,0.02978620335685403
6.716143228645729,0.029670764092926887
6.716543308661732,0.029554201523896
6.716943388677736,0.029436449052196768
6.7173434686937386,0.029317449395084186
6.717743548709742,0.029197154965373694
6.718143628725745,0.029075528164937407
6.718543708741748,0.028952541585502627
6.718943788757752,0.02882817811295905
6.719343868773755,0.028702430933120728
6.719743948789758,0.028575303438712462
6.720144028805761,0.028446809039173012
6.720544108821764,0.02831697087663116
6.720944188837768,0.028185821453103024
6.721344268853771,0.028053402175472215
6.721744348869774,0.027919762826166972
6.722144428885777,0.027784960968570388
6.72254450890178,0.0276490612970636
6.722944588917784,0.02751213494223449
6.723344668933787,0.02737425874211612
6.72374474894979,0.02723551449041659
6.724144828965793,0.02709598817254034
6.724544908981796,0.026955769199798786
6.7249449889978,0.026814949651632315
6.725345069013803,0.02667362353488392
6.725745149029806,0.02653188606827462
6.726145229045809,0.026389832999227217
6.726545309061812,0.026247559959105132
6.726945389077816,0.026105161861848428
6.727345469093819,0.025962732349868872
6.727745549109822,0.025820363290001293
6.728145629125825,0.025678144321283146
6.728545709141828,0.025536162455368164
6.728945789157832,0.025394501729527844
6.729345869173835,0.025253242911403455
6.729745949189838,0.025112463254010883
6.730146029205841,0.024972236298934452
6.730546109221844,0.024832631725173186
6.730946189237848,0.024693715240759796
6.731346269253851,0.024555548513989875
6.731746349269854,0.024418189140933425
6.732146429285857,0.024281690645802954
6.73254650930186,0.024146102510715046
6.732946589317864,0.024011470231432647
6.733346669333867,0.023877835395743844
6.73374674934987,0.023745235781270243
6.734146829365873,0.02361370546965812
6.734546909381876,0.023483274974279832
6.73494698939788,0.02335397137879201
6.735347069413883,0.023225818484094402
6.735747149429886,0.023098836961462785
6.736147229445889,0.022973044509848693
6.736547309461892,0.02284845601554554
6.736947389477896,0.022725083712645734
6.737347469493899,0.02260293734289879
6.737747549509902,0.022482024313780154
6.738147629525905,0.022362349853757086
6.738547709541908,0.022243917163893494
6.738947789557912,0.02212672756510016
6.739347869573915,0.02201078064045936
6.739747949589918,0.02189607437218545
6.740148029605921,0.021782605272892063
6.740548109621924,0.021670368510926335
6.740948189637928,0.021559358029628717
6.741348269653931,0.02144956666043786
6.741748349669934,0.021340986229832784
6.742148429685937,0.021233607660158423
6.74254850970194,0.02112742106441802
6.742948589717944,0.021022415835166862
6.743348669733947,0.020918580727659446
6.74374874974995,0.02081590393743492
6.744148829765953,0.020714373172544757
6.744548909781956,0.020613975720632394
6.74494898979796,0.020514698511097218
6.745349069813963,0.02041652817256904
6.745749149829966,0.02031945108593025
6.746149229845969,0.020223453433123054
6.746549309861972,0.020128521241970333
6.746949389877976,0.02003464042724609
6.747349469893979,0.019941796828215962
6.747749549909982,0.019849976242867856
6.748149629925985,0.01975916445904686
6.748549709941988,0.019669347282692637
6.748949789957992,0.019580510563380636
6.749349869973995,0.019492640217348204
6.749749949989998,0.019405722248185202
6.750150030006001,0.019319742765358843
6.7505501100220044,0.019234688000727206
6.750950190038008,0.01915054432319693
6.751350270054011,0.019067298251661497
6.751750350070014,0.018984936466354334
6.752150430086017,0.01890344581874241
6.7525505101020205,0.01882281334007158
6.752950590118024,0.01874302624867676
6.753350670134027,0.018664071956153
6.75375075015003,0.018585938072482072
6.754150830166033,0.018508612410202425
6.7545509101820365,0.01843208298769794
6.75495099019804,0.018356338031683732
6.755351070214043,0.01828136597895213
6.755751150230046,0.01820715547744251
6.756151230246049,0.01813369538669272
6.7565513102620525,0.018060974777719636
6.756951390278056,0.017988982932380458
6.757351470294059,0.017917709342252536
6.757751550310062,0.017847143707071814
6.758151630326065,0.017777275932765107
6.7585517103420685,0.01770809612910253
6.758951790358072,0.017639594607001628
6.759351870374075,0.017571761875502624
6.759751950390078,0.017504588638436486
6.760152030406081,0.017438065790804813
6.7605521104220845,0.01737218441488198
6.760952190438088,0.017306935776056347
6.761352270454091,0.017242311318415828
6.761752350470094,0.017178302660087047
6.762152430486097,0.01711490158833397
6.7625525105021005,0.017052100054416063
6.762952590518104,0.01698989016821132
6.763352670534107,0.016928264192600195
6.76375275055011,0.016867214537610246
6.764152830566113,0.016806733754319514
6.7645529105821165,0.01674681452851113
6.76495299059812,0.016687449674077957
6.765353070614123,0.016628632126167966
6.765753150630126,0.016570354934065612
6.766153230646129,0.016512611253803502
6.7665533106621325,0.01645539434049518
6.766953390678136,0.016398697540386274
6.767353470694139,0.016342514282615857
6.767753550710142,0.016286838070684782
6.768153630726145,0.016231662473629727
6.7685537107421485,0.016176981116898987
6.768953790758152,0.0161227876729356
6.769353870774155,0.016069075851469525
6.769753950790158,0.01601583938952853
6.770154030806161,0.015963072041181844
6.7705541108221645,0.01591076756703105
6.770954190838168,0.015858919723475355
6.771354270854171,0.01580752225177767
6.771754350870174,0.01575656886696985
6.772154430886177,0.015706053246642766
6.7725545109021805,0.015655969019671975
6.772954590918184,0.015606309754945142
6.773354670934187,0.015557068950161594
6.77375475095019,0.015508240020788804
6.774154830966193,0.015459816289272106
6.7745549109821965,0.015411790974601795
6.7749549909982,0.015364157182359646
6.775355071014203,0.01531690789537288
6.775755151030206,0.01527003596511956
6.776155231046209,0.015223534104039909
6.7765553110622125,0.015177394878915434
6.776955391078216,0.015131610705492213
6.777355471094219,0.015086173844526471
6.777755551110222,0.01504107639943947
6.778155631126225,0.014996310315771354
6.7785557111422285,0.014951867382619125
6.778955791158232,0.014907739236245443
6.779355871174235,0.014863917366030452
6.779755951190238,0.014820393122929284
6.780156031206241,0.014777157730579103
6.7805561112222446,0.014734202299172222
6.780956191238248,0.014691517842187644
6.781356271254251,0.014649095296032193
6.781756351270254,0.014606925542605119
6.782156431286257,0.01456499943475311
6.782556511302261,0.014523307824528141
6.782956591318264,0.014481841594110511
6.783356671334267,0.014440591689195426
6.78375675135027,0.014399549154584683
6.784156831366273,0.014358705171664451
6.784556911382277,0.014318051097387333
6.78495699139828,0.014277578504326162
6.785357071414283,0.01423727922131093
6.785757151430286,0.014197145374119272
6.786157231446289,0.01415716942565634
6.786557311462293,0.014117344215032331
6.786957391478296,0.014077662994938681
6.787357471494299,0.014038119466720882
6.787757551510302,0.013998707812564397
6.788157631526305,0.013959422724240412
6.788557711542309,0.013920259427899963
6.788957791558312,0.013881213704468128
6.789357871574315,0.013842281905256087
6.789757951590318,0.013803460962493725
6.790158031606321,0.013764748394575588
6.790558111622325,0.013726142305906455
6.790958191638328,0.013687641381337242
6.791358271654331,0.013649244875276849
6.791758351670334,0.01361095259566649
6.792158431686337,0.01357276488309438
6.792558511702341,0.01353468258540992
6.792958591718344,0.01349670702827467
6.793358671734347,0.013458839982143936
6.79375875175035,0.0134210836262241
6.794158831766353,0.013383440509983944
6.794558911782357,0.013345913512814604
6.79495899179836,0.013308505802441884
6.795359071814363,0.013271220792681135
6.795759151830366,0.013234062101106055
6.796159231846369,0.013197033507170386
6.796559311862373,0.013160138911276171
6.796959391878376,0.013123382295237717
6.797359471894379,0.013086767684530246
6.797759551910382,0.013050299112656812
6.798159631926385,0.013013980587906405
6.798559711942389,0.012977816062712666
6.798959791958392,0.012941809405768437
6.799359871974395,0.012905964376990233
6.799759951990398,0.012870284605377627
6.800160032006401,0.012834773569764544
6.800560112022405,0.012799434582414369
6.800960192038408,0.012764270775378405
6.801360272054411,0.012729285089501878
6.801760352070414,0.012694480265938947
6.802160432086417,0.012659858840018808
6.802560512102421,0.012625423137287343
6.802960592118423,0.012591175271543888
6.803360672134427,0.0125571171446821
6.80376075215043,0.01252325044814771
6.804160832166433,0.012489576665823203
6.804560912182437,0.01245609707815714
6.804960992198439,0.012422812767362568
6.805361072214443,0.012389724623515244
6.805761152230446,0.012356833351396833
6.806161232246449,0.012324139477934846
6.806561312262453,0.012291643360105962
6.806961392278455,0.012259345193180914
6.807361472294459,0.01222724501919899
6.807761552310462,0.01219534273557582
6.808161632326465,0.012163638103755781
6.808561712342469,0.01213213075783396
6.808961792358471,0.012100820213082715
6.809361872374475,0.012069705874325565
6.809761952390478,0.012038787044113583
6.810162032406481,0.012008062930664217
6.810562112422485,0.011977532655532143
6.810962192438487,0.011947195260988756
6.811362272454491,0.011917049717090188
6.811762352470494,0.011887094928423334
6.812162432486497,0.011857329740519774
6.812562512502501,0.011827752945934258
6.812962592518503,0.011798363289987972
6.813362672534507,0.011769159476177012
6.8137627525505104,0.011740140171253211
6.814162832566513,0.01171130400998255
6.814562912582517,0.011682649599590327
6.814962992598519,0.011654175523903958
6.815363072614523,0.01162588034720263
6.8157631526305265,0.011597762617787666
6.816163232646529,0.011569820871284282
6.816563312662533,0.011542053633688123
6.816963392678535,0.011514459424170048
6.817363472694539,0.011487036757650492
6.8177635527105425,0.01145978414715813
6.818163632726545,0.011432700105983873
6.818563712742549,0.011405783149643104
6.818963792758551,0.011379031797658892
6.819363872774555,0.01135244457517616
6.8197639527905585,0.011326020014419843
6.820164032806561,0.011299756656006212
6.820564112822565,0.011273653050118357
6.820964192838567,0.01124770775755588
6.821364272854571,0.011221919350666902
6.8217643528705745,0.011196286414172647
6.822164432886577,0.011170807545891627
6.822564512902581,0.011145481357371577
6.822964592918583,0.011120306474437274
6.823364672934587,0.011095281537659471
6.8237647529505905,0.011070405202753245
6.824164832966593,0.011045676140910215
6.824564912982597,0.011021093039070909
6.824964992998599,0.01099665460014298
6.825365073014603,0.010972359543168773
6.8257651530306065,0.010948206603448404
6.826165233046609,0.010924194532621102
6.826565313062613,0.010900322098709296
6.826965393078615,0.01087658808612953
6.827365473094619,0.010852991295672142
6.8277655531106225,0.01082953054445435
6.828165633126625,0.010806204665848274
6.828565713142629,0.010783012509386887
6.828965793158631,0.010759952940650897
6.829365873174635,0.010737024841137302
6.8297659531906385,0.010714227108113284
6.830166033206641,0.010691558654455795
6.830566113222645,0.01066901840847919
6.830966193238647,0.010646605313752716
6.831366273254651,0.010624318328908132
6.8317663532706545,0.01060215642744007
6.832166433286657,0.01058011859749908
6.832566513302661,0.010558203841678816
6.832966593318663,0.01053641117679885
6.833366673334667,0.01051473963368255
6.8337667533506705,0.010493188256932332
6.834166833366673,0.010471756104701678
6.834566913382677,0.010450442248464987
6.834966993398679,0.010429245772786184
6.835367073414683,0.010408165775085397
6.8357671534306865,0.010387201365405534
6.836167233446689,0.01036635166617775
6.836567313462693,0.010345615811986736
6.836967393478695,0.010324992949336472
6.837367473494699,0.010304482236415433
6.837767553510702,0.010284082842862856
6.838167633526705,0.010263793949534802
6.838567713542709,0.01024361474827141
6.838967793558711,0.01022354444166443
6.839367873574715,0.010203582242825391
6.839767953590718,0.01018372737515496
6.840168033606721,0.010163979072112484
6.840568113622725,0.010144336576986965
6.840968193638727,0.010124799142668362
6.841368273654731,0.01010536603141976
6.841768353670734,0.010086036514650851
6.842168433686737,0.010066809872691623
6.842568513702741,0.010047685394567605
6.842968593718743,0.010028662377775718
6.843368673734747,0.010009740128061193
6.84376875375075,0.009990917959196129
6.844168833766753,0.009972195192758753
6.844568913782757,0.009953571157914915
6.8449689937987594,0.009935045191200946
6.845369073814763,0.00991661663630866
6.845769153830766,0.009898284843873228
6.846169233846769,0.009880049171263358
6.846569313862773,0.009861908982375534
6.8469693938787755,0.009843863647431752
6.847369473894779,0.009825912542782039
6.847769553910782,0.009808055050712647
6.848169633926785,0.009790290559259961
6.848569713942789,0.009772618462032104
6.8489697939587915,0.009755038158038265
6.849369873974795,0.009737549051527296
6.849769953990798,0.009720150551836984
6.850170034006801,0.009702842073254355
6.850570114022805,0.009685623034889393
6.8509701940388075,0.009668492860562433
6.851370274054811,0.009651450978707081
6.851770354070814,0.009634496822290152
6.852170434086817,0.009617629828749058
6.852570514102821,0.009600849439948947
6.8529705941188235,0.009584155102159674
6.853370674134827,0.009567546266054034
6.85377075415083,0.009551022386728268
6.854170834166833,0.009534582923744532
6.854570914182837,0.009518227341196677
6.8549709941988395,0.009501955107798441
6.855371074214843,0.009485765696993925
6.855771154230846,0.009469658587090124
6.856171234246849,0.009453633261409342
6.856571314262853,0.009437689208461018
6.8569713942788555,0.009421825922130108
6.857371474294859,0.009406042901879878
6.857771554310862,0.00939033965296662
6.858171634326865,0.009374715686662113
6.858571714342869,0.00935917052048142
6.8589717943588715,0.00934370367841096
6.859371874374875,0.00932831469113337
6.859771954390878,0.009313003096244955
6.860172034406881,0.009297768438460646
6.860572114422885,0.009282610269803152
6.8609721944388875,0.009267528149771156
6.861372274454891,0.009252521645483196
6.861772354470894,0.009237590331793657
6.862172434486897,0.009222733791377176
6.862572514502901,0.009207951614779662
6.8629725945189035,0.009193243400433131
6.863372674534907,0.009178608754633394
6.86377275455091,0.009164047291480161
6.864172834566913,0.00914955863277891
6.864572914582917,0.009135142407906227
6.8649729945989195,0.009120798253639293
6.865373074614923,0.009106525813951978
6.865773154630926,0.009092324739780548
6.866173234646929,0.0090781946887614
6.866573314662933,0.009064135324945448
6.8669733946789355,0.009050146318492316
6.867373474694939,0.009036227345348787
6.867773554710942,0.009022378086916128
6.868173634726945,0.009008598229709872
6.868573714742949,0.00899488746501702
6.8689737947589515,0.00898124548855415
6.869373874774955,0.008967672000130288
6.869773954790958,0.008954166703318507
6.870174034806961,0.008940729305138439
6.870574114822965,0.008927359515753408
6.8709741948389675,0.008914057048183597
6.871374274854971,0.008900821618037513
6.871774354870974,0.00888765294326329
6.872174434886977,0.008874550743920183
6.872574514902981,0.008861514741971738
6.8729745949189835,0.008848544661099945
6.873374674934987,0.008835640226540771
6.87377475495099,0.008822801164940835
6.874174834966993,0.008810027204233802
6.874574914982997,0.008797318073536566
6.8749749949989996,0.00878467350306341
6.875375075015003,0.008772093224057255
6.875775155031006,0.008759576968736997
6.876175235047009,0.008747124470258886
6.876575315063013,0.008734735462691445
6.876975395079016,0.008722409681001865
6.877375475095019,0.008710146861052698
6.877775555111022,0.008697946739607993
6.878175635127025,0.008685809054346754
6.878575715143029,0.008673733543883422
6.878975795159032,0.008661719947793613
6.879375875175035,0.008649768006644272
6.879775955191038,0.008637877462027594
6.880176035207041,0.008626048056597202
6.880576115223045,0.008614279534106567
6.880976195239048,0.008602571639448262
6.881376275255051,0.008590924118693919
6.881776355271054,0.008579336719134278
6.882176435287057,0.008567809189318482
6.882576515303061,0.008556341279092999
6.882976595319064,0.008544932739638944
6.883376675335067,0.008533583323508122
6.88377675535107,0.008522292784657636
6.884176835367073,0.008511060878482206
6.884576915383077,0.00849988736184504
6.88497699539908,0.008488771993106358
6.885377075415083,0.00847771453214981
6.885777155431086,0.008466714740407017
6.886177235447089,0.0084557723808797
6.886577315463093,0.00844488721815991
6.886977395479096,0.008434059018448091
6.887377475495099,0.008423287549568977
6.887777555511102,0.008412572580985895
6.888177635527105,0.00840191388381269
6.888577715543109,0.00839131123082423
6.888977795559112,0.008380764396464947
6.889377875575115,0.008370273156855691
6.889777955591118,0.008359837289799228
6.890178035607121,0.00834945657478397
6.890578115623125,0.00833913079298656
6.890978195639128,0.008328859727273008
6.891378275655131,0.008318643162198564
6.891778355671134,0.008308480884006654
6.892178435687137,0.008298372680626461
6.892578515703141,0.008288318341669836
6.892978595719144,0.008278317658427126
6.893378675735147,0.008268370423862104
6.89377875575115,0.008258476432606405
6.894178835767153,0.008248635480952924
6.894578915783157,0.008238847366848927
6.89497899579916,0.00822911188988832
6.895379075815163,0.008219428851303468
6.895779155831166,0.008209798053956678
6.896179235847169,0.008200219302331026
6.896579315863173,0.008190692402521082
6.896979395879176,0.008181217162223092
6.897379475895179,0.008171793390724876
6.897779555911182,0.008162420898895713
6.898179635927185,0.008153099499175627
6.898579715943189,0.008143829005564852
6.898979795959192,0.008134609233612903
6.899379875975195,0.008125440000407543
6.899779955991198,0.00811632112456378
6.900180036007201,0.008107252426212574
6.900580116023205,0.008098233726989687
6.900980196039208,0.008089264850024359
6.901380276055211,0.008080345619927898
6.901780356071214,0.008071475862782514
6.902180436087217,0.008062655406129807
6.902580516103221,0.008053884078959616
6.902980596119224,0.008045161711698648
6.903380676135227,0.008036488136199197
6.90378075615123,0.008027863185728078
6.904180836167233,0.00801928669495532
6.904580916183237,0.008010758499943255
6.90498099619924,0.008002278438135424
6.905381076215243,0.007993846348345641
6.905781156231246,0.00798546207074726
6.9061812362472494,0.007977125446862295
6.906581316263253,0.007968836319550893
6.906981396279256,0.007960594533000716
6.907381476295259,0.007952399932716464
6.907781556311262,0.007944252365509616
6.9081816363272655,0.007936151679488078
6.908581716343269,0.00792809772404616
6.908981796359272,0.007920090349854485
6.909381876375275,0.007912129408850065
6.909781956391278,0.007904214754226592
6.9101820364072815,0.007896346240424628
6.910582116423285,0.007888523723122154
6.910982196439288,0.007880747059225066
6.911382276455291,0.007873016106857776
6.911782356471294,0.007865330725354105
6.9121824364872975,0.007857690775248042
6.912582516503301,0.00785009611826486
6.912982596519304,0.007842546617312181
6.913382676535307,0.007835042136471152
6.91378275655131,0.007827582540987912
6.9141828365673135,0.007820167697264898
6.914582916583317,0.007812797472852538
6.91498299659932,0.007805471736440858
6.915383076615323,0.007798190357851233
6.915783156631326,0.007790953208028389
6.9161832366473295,0.00778376015903225
6.916583316663333,0.007776611084030173
6.916983396679336,0.00776950585728911
6.917383476695339,0.00776244435416785
6.917783556711342,0.007755426451109559
6.9181836367273455,0.007748452025634172
6.918583716743349,0.0077415209563310985
6.918983796759352,0.0077346331228519034
6.919383876775355,0.007727788405903052
6.919783956791358,0.007720986687238954
6.9201840368073615,0.007714227849654803
6.920584116823365,0.007707511776979809
6.920984196839368,0.00770083835407031
6.921384276855371,0.007694207466803046
6.921784356871374,0.007687619002068576
6.9221844368873775,0.007681072847764669
6.922584516903381,0.007674568892789906
6.922984596919384,0.007668107027037294
6.923384676935387,0.0076616871413879165
6.92378475695139,0.007655309127704862
6.9241848369673935,0.007648972878826957
6.924584916983397,0.007642678288562848
6.9249849969994,0.007636425251685
6.925385077015403,0.0076302136639237635
6.925785157031406,0.007624043421961694
6.9261852370474095,0.00761791442342771
6.926585317063413,0.007611826566891533
6.926985397079416,0.00760577975185809
6.927385477095419,0.007599773878761971
6.927785557111422,0.007593808848962089
6.9281856371274255,0.007587884564736241
6.928585717143429,0.0075820009292758995
6.928985797159432,0.007576157846680978
6.929385877175435,0.007570355221954647
6.929785957191438,0.007564592960998341
6.9301860372074415,0.007558870970606651
6.930586117223445,0.0075531891584625
6.930986197239448,0.0075475474331321854
6.931386277255451,0.007541945704060569
6.931786357271454,0.007536383881566402
6.9321864372874575,0.007530861876837549
6.932586517303461,0.007525379601926443
6.932986597319464,0.007519936969745509
6.933386677335467,0.0075145338940626055
6.93378675735147,0.007509170289496685
6.9341868373674735,0.007503846071513317
6.934586917383477,0.007498561156420441
6.93498699739948,0.00749331546136408
6.935387077415483,0.007488108904324088
6.935787157431486,0.00748294140411008
6.9361872374474896,0.007477812880357257
6.936587317463493,0.007472723253522431
6.936987397479496,0.007467672444880004
6.937387477495499,0.007462660376518026
6.937787557511502,0.007457686971334364
6.938187637527506,0.007452752153032796
6.938587717543509,0.007447855846119321
6.938987797559512,0.007442997975898389
6.939387877575515,0.007438178468469201
6.939787957591518,0.007433397250722164
6.940188037607522,0.007428654250335216
6.940588117623525,0.007423949395770398
6.940988197639528,0.007419282616270322
6.941388277655531,0.007414653841854721
6.941788357671534,0.007410063003317149
6.942188437687538,0.007405510032221539
6.942588517703541,0.007400994860899004
6.942988597719544,0.007396517422444566
6.943388677735547,0.007392077650713904
6.94378875775155,0.007387675480320301
6.944188837767554,0.00738331084663144
6.944588917783557,0.007378983685766404
6.94498899779956,0.007374693934592633
6.945389077815563,0.0073704415307229276
6.945789157831566,0.007366226412512553
6.94618923784757,0.007362048519056297
6.946589317863573,0.007357907790185682
6.946989397879576,0.007353804166466088
6.947389477895579,0.007349737589194031
6.947789557911582,0.007345708000394417
6.948189637927586,0.007341715342817857
6.948589717943589,0.007337759559938014
6.948989797959592,0.007333840595949022
6.949389877975595,0.00732995839576287
6.949789957991598,0.007326112905006915
6.950190038007602,0.007322304070021369
6.950590118023605,0.007318531837856855
6.950990198039608,0.007314796156272001
6.951390278055611,0.0073110969737310155
6.951790358071614,0.00730743423940143
6.952190438087618,0.007303807903151714
6.952590518103621,0.007300217915549056
6.952990598119624,0.007296664227857136
6.953390678135627,0.007293146792033885
6.95379075815163,0.007289665560729396
6.954190838167634,0.007286220487283732
6.954590918183637,0.007282811525724896
6.95499099819964,0.007279438630766759
6.955391078215643,0.007276101757807011
6.955791158231646,0.0072728008629252385
6.95619123824765,0.007269535902880914
6.956591318263653,0.007266306835111537
6.956991398279656,0.007263113617730718
6.957391478295659,0.007259956209526337
6.957791558311662,0.007256834569958748
6.958191638327666,0.0072537486591589566
6.958591718343669,0.007250698437926934
6.958991798359672,0.007247683867729849
6.959391878375675,0.007244704910700397
6.959791958391678,0.007241761529635181
6.960192038407682,0.00723885368799304
6.960592118423685,0.007235981349893506
6.960992198439688,0.0072331444801152405
6.961392278455691,0.007230343044094483
6.961792358471694,0.0072275770079236025
6.962192438487698,0.007224846338349592
6.962592518503701,0.007222151002772673
6.962992598519704,0.007219490969244892
6.963392678535707,0.007216866206468719
6.96379275855171,0.007214276683795743
6.964192838567714,0.0072117223712253545
6.964592918583717,0.007209203239403462
6.96499299859972,0.007206719259621257
6.965393078615723,0.0072042704038139576
6.965793158631726,0.0072018566445596795
6.96619323864773,0.007199477955078213
6.966593318663733,0.0071971343092299515
6.966993398679736,0.007194825681514747
6.967393478695739,0.007192552047070852
6.967793558711742,0.007190313381673884
6.968193638727746,0.007188109661735794
6.968593718743749,0.007185940864303907
6.968993798759752,0.007183806967059945
6.9693938787757554,0.007181707948319087
6.969793958791758,0.007179643787029116
6.970194038807762,0.007177614462769479
6.970594118823765,0.007175619955750507
6.970994198839768,0.00717366024681256
6.9713942788557715,0.00717173531742525
6.971794358871774,0.007169845149686688
6.972194438887778,0.007167989726322731
6.972594518903781,0.0071661690306863
6.972994598919784,0.0071643830467567
6.9733946789357875,0.0071626317591389375
6.97379475895179,0.00716091515306315
6.974194838967794,0.007159233214383963
6.974594918983797,0.007157585929579954
6.9749949989998,0.007155973285753093
6.9753950790158035,0.007154395270628229
6.975795159031806,0.00715285187255262
6.97619523904781,0.007151343080495451
6.976595319063813,0.007149868884047408
6.976995399079816,0.007148429273420283
6.9773954790958195,0.007147024239446565
6.977795559111822,0.007145653773579123
6.978195639127826,0.007144317867890848
6.978595719143829,0.007143016515074365
6.978995799159832,0.007141749708441771
6.9793958791758355,0.00714051744192436
6.979795959191838,0.0071393197100724235
6.980196039207842,0.007138156508055041
6.980596119223845,0.007137027831659931
6.980996199239848,0.007135933677293285
6.9813962792558515,0.007134874041979668
6.981796359271854,0.007133848923361922
6.982196439287858,0.00713285831970109
6.982596519303861,0.007131902229876411
6.982996599319864,0.007130980653385274
6.9833966793358675,0.0071300935903432444
6.98379675935187,0.007129241041484117
6.984196839367874,0.007128423008159953
6.984596919383876,0.007127639492341201
6.98499699939988,0.007126890496616805
6.9853970794158835,0.0071261760241943355
6.985797159431886,0.007125496078900185
6.98619723944789,0.007124850665179743
6.986597319463892,0.0071242397880976185
6.986997399479896,0.0071236634533379025
6.9873974794958995,0.007123121667204434
6.987797559511902,0.007122614436621089
6.988197639527906,0.0071221417691321245
6.988597719543908,0.00712170367290252
6.988997799559912,0.007121300156718348
6.9893978795759155,0.007120931229987192
6.989797959591918,0.0071205969027385695
6.990198039607922,0.007120297185624382
6.990598119623924,0.007120032089919403
6.990998199639928,0.007119801627521777
6.9913982796559315,0.007119605810953568
6.991798359671934,0.007119444653361299
6.992198439687938,0.007119318168516548
6.99259851970394,0.007119226370816565
6.992998599719944,0.007119169275284901
6.9933986797359475,0.0071191468975720625
6.99379875975195,0.007119159253956217
6.994198839767954,0.007119206361343906
6.994598919783956,0.007119288237270788
6.99499899979996,0.00711940489990239
6.9953990798159635,0.007119556368034923
6.995799159831966,0.007119742661096096
6.99619923984797,0.007119963799145958
6.996599319863972,0.0071202198028777796
6.996999399879976,0.007120510693618946
6.9973994798959795,0.007120836493331889
6.997799559911982,0.007121197224615039
6.998199639927986,0.007121592910703809
6.998599719943988,0.0071220235754715835
6.998999799959992,0.007122489243430783
6.9993998799759956,0.007122989939733902
6.999799959991998,0.007123525690174589
7.000200040008002,0.007124096521188785
7.000600120024005,0.007124702459855849
7.001000200040008,0.007125343533899731
7.001400280056011,0.007126019771690165
7.001800360072014,0.0071267312022438925
7.002200440088018,0.007127477855225914
7.002600520104021,0.007128259760950761
7.003000600120024,0.007129076950383812
7.003400680136027,0.0071299294551426095
7.00380076015203,0.007130817307498238
7.004200840168034,0.007131740540376692
7.004600920184037,0.007132699187360309
7.00500100020004,0.007133693282689204
7.005401080216043,0.007134722861262738
7.005801160232046,0.007135787958641028
7.00620124024805,0.00713688861104647
7.006601320264053,0.007138024855365281
7.007001400280056,0.007139196729149116
7.007401480296059,0.007140404270616648
7.007801560312062,0.007141647518655231
7.008201640328066,0.00714292651282255
7.008601720344069,0.007144241293348353
7.009001800360072,0.007145591901136135
7.009401880376075,0.0071469783777649305
7.009801960392078,0.007148400765491099
7.010202040408082,0.007149859107250108
7.010602120424085,0.007151353446658417
7.011002200440088,0.007152883828015319
7.011402280456091,0.007154450296304882
7.011802360472094,0.007156052897197842
7.012202440488098,0.0071576916770536
7.012602520504101,0.0071593666829221966
7.013002600520104,0.007161077962546338
7.013402680536107,0.007162825564363467
7.01380276055211,0.0071646095375078375
7.014202840568114,0.007166429931812621
7.0146029205841165,0.007168286797812058
7.01500300060012,0.007170180186743655
7.015403080616123,0.0071721101505503645
7.015803160632126,0.007174076741882853
7.01620324064813,0.007176080014101741
7.0166033206641325,0.007178120021279922
7.017003400680136,0.007180196818204923
7.017403480696139,0.00718231046038121
7.017803560712142,0.0071844610040326575
7.018203640728146,0.0071866485061049205
7.0186037207441485,0.007188873024267926
7.019003800760152,0.007191134616918378
7.019403880776155,0.007193433343182249
7.019803960792158,0.007195769262917395
7.020204040808162,0.0071981424367160984
7.0206041208241645,0.007200552925907713
7.021004200840168,0.007203000792561361
7.021404280856171,0.0072054860994885655
7.021804360872174,0.007208008910246034
7.022204440888178,0.0072105692891383895
7.0226045209041805,0.0072131673012209765
7.023004600920184,0.007215803012302705
7.023404680936187,0.007218476488948894
7.02380476095219,0.0072211877984841985
7.024204840968194,0.00722393700899553
7.0246049209841965,0.007226724189335018
7.0250050010002,0.00722954940912306
7.025405081016203,0.0072324127387513116
7.025805161032206,0.0072353142493858024
7.02620524104821,0.00723825401297005
7.0266053210642125,0.007241232102228171
7.027005401080216,0.007244248590668139
7.027405481096219,0.007247303552584947
7.027805561112222,0.007250397063063914
7.028205641128226,0.0072535291979839486
7.0286057211442285,0.0072567000340209116
7.029005801160232,0.007259909648651004
7.029405881176235,0.00726315812015413
7.029805961192238,0.007266445527617417
7.030206041208242,0.007269771950938645
7.0306061212242446,0.007273137470829806
7.031006201240248,0.007276542168820694
7.031406281256251,0.0072799861272624545
7.031806361272254,0.007283469429331307
7.032206441288258,0.007286992159032173
7.032606521304261,0.007290554401202416
7.033006601320264,0.00729415624151565
7.033406681336267,0.007297797766485499
7.03380676135227,0.0073014790634694906
7.034206841368274,0.007305200220672905
7.034606921384277,0.007308961327152746
7.03500700140028,0.007312762472821717
7.035407081416283,0.007316603748452196
7.035807161432286,0.007320485245680376
7.03620724144829,0.0073244070570102765
7.036607321464293,0.0073283692758179505
7.037007401480296,0.007332371996355688
7.037407481496299,0.007336415313756189
7.037807561512302,0.007340499324036921
7.038207641528306,0.007344624124104369
7.038607721544309,0.007348789811758436
7.039007801560312,0.007352996485696905
7.039407881576315,0.007357244245519796
7.039807961592318,0.007361533191733979
7.040208041608322,0.007365863425757651
7.040608121624325,0.007370235049924955
7.041008201640328,0.007374648167490664
7.041408281656331,0.00737910288263481
7.041808361672334,0.007383599300467484
7.042208441688338,0.007388137527033587
7.042608521704341,0.007392717669317672
7.043008601720344,0.007397339835248874
7.043408681736347,0.007402004133705759
7.04380876175235,0.0074067106745214235
7.044208841768354,0.007411459568488429
7.044608921784357,0.007416250927363923
7.04500900180036,0.007421084863874827
7.045409081816363,0.007425961491722929
7.045809161832366,0.007430880925590219
7.04620924184837,0.0074358432811441125
7.046609321864373,0.007440848675042822
7.047009401880376,0.007445897224940772
7.047409481896379,0.00745098904949401
7.047809561912382,0.007456124268365768
7.048209641928386,0.007461303002231949
7.048609721944389,0.0074665253727868005
7.049009801960392,0.007471791502748582
7.049409881976395,0.007477101515865242
7.049809961992398,0.007482455536920273
7.050210042008402,0.007487853691738474
7.050610122024405,0.007493296107191868
7.051010202040408,0.007498782911205738
7.051410282056411,0.007504314232764479
7.051810362072414,0.00750989020191784
7.052210442088418,0.007515510949786909
7.052610522104421,0.007521176608570377
7.053010602120424,0.007526887311550804
7.053410682136427,0.007532643193100846
7.05381076215243,0.007538444388689737
7.054210842168434,0.0075442910348896015
7.054610922184437,0.0075501832693820265
7.05501100220044,0.007556121230964629
7.055411082216443,0.007562105059557607
7.055811162232446,0.007568134896210498
7.05621124224845,0.007574210883108866
7.056611322264453,0.0075803331635811546
7.057011402280456,0.007586501882105579
7.057411482296459,0.007592717184317003
7.057811562312462,0.007598979217014044
7.058211642328466,0.007605288128166082
7.058611722344469,0.0076116440669204135
7.059011802360472,0.007618047183609543
7.059411882376475,0.00762449762975835
7.059811962392478,0.007630995558091553
7.060212042408482,0.007637541122541069
7.060612122424485,0.007644134478253517
7.061012202440488,0.007650775781597842
7.061412282456491,0.00765746519017287
7.061812362472494,0.0076642028628151155
7.062212442488498,0.007670988959606489
7.062612522504501,0.0076778236418821805
7.063012602520504,0.0076847070722386645
7.063412682536507,0.0076916394145415965
7.0638127625525104,0.007698620833934026
7.064212842568514,0.0077056514968444605
7.064612922584517,0.007712731570995156
7.06501300260052,0.007719861225410479
7.065413082616523,0.007727040630425215
7.0658131626325265,0.007734269957693166
7.06621324264853,0.007741549380195616
7.066613322664533,0.007748879072250011
7.067013402680536,0.007756259209518744
7.067413482696539,0.007763689969017864
7.0678135627125425,0.0077711715291260705
7.068213642728546,0.007778704069593625
7.068613722744549,0.007786287771551424
7.069013802760552,0.00779392281752023
7.069413882776555,0.007801609391419777
7.0698139627925585,0.0078093476785782556
7.070214042808562,0.007817137865741577
7.070614122824565,0.00782498014108297
7.071014202840568,0.007832874694212608
7.071414282856571,0.00784082171618717
7.0718143628725745,0.007848821399519795
7.072214442888578,0.007856873938189792
7.072614522904581,0.007864979527652697
7.073014602920584,0.007873138364850372
7.073414682936587,0.007881350648221049
7.0738147629525905,0.00788961657770973
7.074214842968594,0.007897936354778402
7.074614922984597,0.007906310182416576
7.0750150030006,0.007914738265151882
7.075415083016603,0.007923220809060579
7.0758151630326065,0.007931758021778486
7.07621524304861,0.0079403501125117
7.076615323064613,0.007948997292047622
7.077015403080616,0.007957699772766077
7.077415483096619,0.007966457768650364
7.0778155631126225,0.007975271495298685
7.078215643128626,0.007984141169935406
7.078615723144629,0.007993067011422616
7.079015803160632,0.008002049240271794
7.079415883176635,0.008011088078655384
7.0798159631926385,0.00802018375041881
7.080216043208642,0.008029336481092272
7.080616123224645,0.00803854649790286
7.081016203240648,0.008047814029786816
7.081416283256651,0.008057139307401673
7.0818163632726545,0.008066522563138835
7.082216443288658,0.008075964031135979
7.082616523304661,0.008085463947289758
7.083016603320664,0.008095022549268645
7.083416683336667,0.008104640076525695
7.0838167633526705,0.008114316770311736
7.084216843368674,0.008124052873688371
7.084616923384677,0.008133848631541324
7.08501700340068,0.008143704290593894
7.085417083416683,0.008153620099420377
7.0858171634326865,0.008163596308459878
7.08621724344869,0.008173633170029965
7.086617323464693,0.008183730938340678
7.087017403480696,0.008193889869508671
7.087417483496699,0.008204110221571238
7.0878175635127025,0.008214392254500864
7.088217643528706,0.008224736230219541
7.088617723544709,0.008235142412613462
7.089017803560712,0.008245611067547854
7.089417883576715,0.008256142462881751
7.0898179635927185,0.008266736868483207
7.090218043608722,0.008277394556244365
7.090618123624725,0.00828811580009686
7.091018203640728,0.008298900876027413
7.091418283656731,0.008309750062093321
7.0918183636727345,0.00832066363843843
7.092218443688738,0.008331641887308954
7.092618523704741,0.008342685093069704
7.093018603720744,0.008353793542220354
7.093418683736747,0.008364967523411801
7.0938187637527506,0.008376207327462911
7.094218843768754,0.008387513247377125
7.094618923784757,0.008398885578359463
7.09501900380076,0.008410324617833712
7.095419083816763,0.008421830665459507
7.095819163832767,0.008433404023149963
7.09621924384877,0.008445044995089123
7.096619323864773,0.008456753887749814
7.097019403880776,0.008468531009911687
7.097419483896779,0.008480376672679184
7.097819563912783,0.008492291189500047
7.098219643928786,0.00850427487618366
7.098619723944789,0.008516328050919808
7.099019803960792,0.008528451034297623
7.099419883976795,0.008540644149324476
7.099819963992799,0.008552907721445426
7.100220044008802,0.008565242078562482
7.100620124024805,0.008577647551054331
7.101020204040808,0.008590124471796266
7.101420284056811,0.008602673176179989
7.101820364072815,0.008615294002134108
7.102220444088818,0.008627987290144384
7.102620524104821,0.00864075338327443
7.103020604120824,0.00865359262718667
7.103420684136827,0.008666505370163214
7.103820764152831,0.008679491963127336
7.104220844168834,0.008692552759664776
7.104620924184837,0.00870568811604557
7.10502100420084,0.008718898391246005
7.105421084216843,0.008732183946970616
7.105821164232847,0.00874554514767477
7.10622124424885,0.00875898236058708
7.106621324264853,0.008772495955732327
7.107021404280856,0.008786086305954595
7.107421484296859,0.008799753786940392
7.107821564312863,0.008813498777242426
7.108221644328866,0.008827321658303128
7.108621724344869,0.008841222814478866
7.109021804360872,0.008855202633064186
7.109421884376875,0.008869261504316212
7.109821964392879,0.00888339982147962
7.110222044408882,0.00889761798081145
7.110622124424885,0.008911916381606487
7.111022204440888,0.00892629542622291
7.111422284456891,0.008940755520107863
7.111822364472895,0.008955297071823782
7.112222444488898,0.008969920493074532
7.112622524504901,0.008984626198732104
7.113022604520904,0.008999414606863609
7.113422684536907,0.00901428613875824
7.113822764552911,0.009029241218954959
7.114222844568914,0.009044280275270022
7.114622924584917,0.00905940373882512
7.11502300460092,0.00907461204407578
7.115423084616923,0.009089905628839745
7.115823164632927,0.009105284934326208
7.11622324464893,0.009120750405164729
7.116623324664933,0.009136302489434906
7.117023404680936,0.009151941638696313
7.117423484696939,0.009167668308018401
7.117823564712943,0.00918348295601124
7.118223644728946,0.009199386044856058
7.118623724744949,0.009215378040336508
7.119023804760952,0.00923145941187015
7.119423884776955,0.009247630632540018
7.119823964792959,0.009263892179127025
7.120224044808962,0.00928024453214215
7.120624124824965,0.00929668817585935
7.121024204840968,0.009313223598348807
7.121424284856971,0.0093298512915102
7.121824364872975,0.009346571751106827
7.122224444888978,0.009363385476799602
7.122624524904981,0.009380292972181715
7.123024604920984,0.00939729474481373
7.123424684936987,0.009414391306258646
7.123824764952991,0.009431583172117912
7.124224844968994,0.009448870862067265
7.124624924984997,0.009466254899893306
7.1250250050010004,0.009483735813530509
7.125425085017003,0.009501314135098264
7.125825165033007,0.009518990400938801
7.12622524504901,0.009536765151655052
7.126625325065013,0.009554638932149256
7.1270254050810165,0.009572612291662019
7.127425485097019,0.009590685783811328
7.127825565113023,0.009608859966632717
7.128225645129026,0.009627135402619126
7.128625725145029,0.009645512658761717
7.1290258051610325,0.00966399230659104
7.129425885177035,0.00968257492221834
7.129825965193039,0.009701261086377852
7.130226045209042,0.009720051384468967
7.130626125225045,0.009738946406599289
7.1310262052410485,0.00975794674762817
7.131426285257051,0.009777053007210292
7.131826365273055,0.009796265789840334
7.132226445289058,0.009815585704897592
7.132626525305061,0.009835013366691384
7.1330266053210645,0.009854549394507108
7.133426685337067,0.009874194412652238
7.133826765353071,0.009893949050503607
7.134226845369074,0.009913813942554462
7.134626925385077,0.009933789728462554
7.1350270054010805,0.00995387705309873
7.135427085417083,0.00997407656659565
7.135827165433087,0.009994388924397666
7.13622724544909,0.010014814787310679
7.136627325465093,0.010035354821552923
7.1370274054810965,0.010056009698806363
7.137427485497099,0.010076780096268204
7.137827565513103,0.010097666696703688
7.138227645529106,0.010118670188498777
7.138627725545109,0.010139791265713894
7.1390278055611125,0.010161030628138291
7.139427885577115,0.010182388981344577
7.139827965593119,0.010203867036744535
7.140228045609122,0.010225465511644887
7.140628125625125,0.01024718512930417
7.1410282056411285,0.010269026618990302
7.141428285657131,0.010290990716038223
7.141828365673135,0.010313078161909066
7.142228445689138,0.010335289704249132
7.142628525705141,0.010357626096950134
7.1430286057211445,0.01038008810021014
7.143428685737147,0.010402676480594621
7.143828765753151,0.010425392011099077
7.144228845769154,0.010448235471211547
7.144628925785157,0.010471207646976406
7.1450290058011605,0.01049430933105886
7.145429085817163,0.010517541322809746
7.145829165833167,0.010540904428331742
7.14622924584917,0.010564399460545701
7.146629325865173,0.010588027239258222
7.1470294058811765,0.010611788591230008
7.147429485897179,0.010635684350244487
7.147829565913183,0.010659715357178117
7.148229645929186,0.010683882460070591
7.148629725945189,0.010708186514196517
7.1490298059611925,0.010732628382137881
7.149429885977195,0.010757208933856876
7.149829965993199,0.01078192904677033
7.150230046009202,0.010806789605824298
7.150630126025205,0.010831791503570005
7.1510302060412085,0.010856935640240747
7.151430286057211,0.010882222923829121
7.151830366073215,0.010907654270166055
7.152230446089218,0.01093323060299988
7.152630526105221,0.010958952854076984
7.1530306061212245,0.010984821963223373
7.153430686137227,0.0110108388784267
7.153830766153231,0.011037004555920066
7.154230846169234,0.01106331996026607
7.154630926185237,0.011089786064442353
7.1550310062012406,0.011116403849928251
7.155431086217243,0.011143174306791865
7.155831166233247,0.011170098433779104
7.15623124624925,0.011197177238402913
7.156631326265253,0.011224411737034168
7.157031406281257,0.01125180295499371
7.157431486297259,0.011279351926644879
7.157831566313263,0.0113070596954881
7.158231646329266,0.011334927314255694
7.158631726345269,0.011362955845008548
7.159031806361273,0.011391146359233837
7.159431886377275,0.011419499937943466
7.159831966393279,0.01144801767177456
7.160232046409282,0.011476700661090362
7.160632126425285,0.011505550016082887
7.161032206441289,0.01153456685687698
7.161432286457291,0.011563752313634908
7.161832366473295,0.011593107526663335
7.162232446489298,0.011622633646520568
7.162632526505301,0.011652331834125843
7.163032606521305,0.011682203260869987
7.163432686537307,0.011712249108726768
7.163832766553311,0.011742470570366674
7.164232846569314,0.011772868849271121
7.164632926585317,0.011803445159848748
7.165033006601321,0.01183420072755323
7.165433086617323,0.011865136789001841
7.165833166633327,0.011896254592096596
7.16623324664933,0.011927555396145872
7.166633326665333,0.011959040471988296
7.167033406681337,0.011990711102118159
7.167433486697339,0.012022568580811807
7.167833566713343,0.012054614214256654
7.168233646729346,0.01208684932068077
7.168633726745349,0.012119275230484923
7.169033806761353,0.012151893286376223
7.169433886777355,0.012184704843502843
7.169833966793359,0.012217711269591522
7.170234046809362,0.012250913945085765
7.170634126825365,0.012284314263286618
7.171034206841369,0.012317913630495125
7.171434286857371,0.012351713466156088
7.171834366873375,0.012385715203004669
7.172234446889378,0.01241992028721386
7.172634526905381,0.012454330178544581
7.173034606921384,0.012488946350497725
7.173434686937387,0.012523770290467855
7.173834766953391,0.01255880349989892
7.174234846969394,0.012594047494442408
7.174634926985397,0.012629503804117257
7.1750350070014,0.01266517397347215
7.175435087017403,0.012701059561749705
7.175835167033407,0.01273716214305272
7.17623524704941,0.012773483306513117
7.176635327065413,0.012810024656462676
7.177035407081416,0.012846787812606465
7.177435487097419,0.012883774410198246
7.177835567113423,0.012920986100218091
7.178235647129426,0.012958424549552932
7.178635727145429,0.012996091441179046
7.179035807161432,0.01303398847434743
7.179435887177435,0.013072117364771268
7.179835967193439,0.013110479844815922
7.180236047209442,0.013149077663691942
7.180636127225445,0.013187912587650194
7.181036207241448,0.013226986400180206
7.181436287257451,0.01326630090221063
7.181836367273455,0.01330585791231254
7.182236447289458,0.01334565926690592
7.182636527305461,0.013385706820468544
7.183036607321464,0.013426002445748143
7.183436687337467,0.013466548033977056
7.183836767353471,0.013507345495089862
7.184236847369474,0.013548396757944444
7.184636927385477,0.013589703770545627
7.18503700740148,0.013631268500272443
7.185437087417483,0.01367309293410803
7.185837167433487,0.013715179078872757
7.18623724744949,0.013757528961461036
7.186637327465493,0.013800144629081022
7.187037407481496,0.013843028149498086
7.187437487497499,0.013886181611281263
7.187837567513503,0.013929607124053127
7.1882376475295064,0.013973306818743692
7.188637727545509,0.014017282847847421
7.189037807561512,0.01406153738568428
7.189437887577515,0.014106072628664095
7.189837967593519,0.014150890795554597
7.1902380476095225,0.014195994127753762
7.190638127625525,0.014241384889565598
7.191038207641528,0.014287065368480303
7.191438287657531,0.014333037875457923
7.191838367673535,0.014379304745216148
7.1922384476895385,0.01442586833652264
7.192638527705541,0.014472731032491146
7.193038607721544,0.014519895240882343
7.193438687737547,0.014567363394408513
7.193838767753551,0.014615137951042679
7.1942388477695545,0.01466322139433261
7.194638927785557,0.014711616233719048
7.19503900780156,0.014760325004858951
7.195439087817563,0.014809350269952988
7.195839167833567,0.014858694618077761
7.19623924784957,0.01490836066552342
7.196639327865573,0.014958351056136233
7.197039407881576,0.01500866846166518
7.197439487897579,0.015059315582115256
7.197839567913583,0.015110295146104359
7.198239647929586,0.015161609911226549
7.198639727945589,0.01521326266442072
7.199039807961592,0.015265256222343558
7.199439887977595,0.015317593431749876
7.199839967993599,0.015370277169876765
7.200240048009602,0.015423310344834707
7.200640128025605,0.01547669589600459
7.201040208041608,0.01553043679443941
7.201440288057611,0.015584536043273886
7.201840368073615,0.015638996678138374
7.202240448089618,0.015693821767580295
7.202640528105621,0.015749014413491923
7.203040608121624,0.015804577751543442
7.203440688137627,0.01586051495162441
7.203840768153631,0.01591682921829011
7.204240848169634,0.01597352379121596
7.204640928185637,0.016030601945658862
7.20504100820164,0.01608806699292435
7.205441088217643,0.01614592228084288
7.205841168233647,0.01620417119425141
7.20624124824965,0.016262817155483847
7.206641328265653,0.01632186362486894
7.207041408281656,0.01638131410123467
7.207441488297659,0.016441172122422403
7.207841568313663,0.016501441265807056
7.208241648329666,0.01656212514882671
7.208641728345669,0.016623227429520507
7.209041808361672,0.016684751807073607
7.209441888377675,0.016746702022372734
7.209841968393679,0.0168090818585684
7.210242048409682,0.0168718951416474
7.210642128425685,0.016935145741014297
7.211042208441688,0.016998837570080708
7.211442288457691,0.017062974586866203
7.211842368473695,0.01712756079460634
7.212242448489698,0.01719260024237208
7.212642528505701,0.017258097025698985
7.213042608521704,0.017324055287224988
7.213442688537707,0.01739047921734069
7.213842768553711,0.017457373054847795
7.214242848569714,0.01752474108762973
7.214642928585717,0.017592587653332957
7.21504300860172,0.017660917140057984
7.215443088617723,0.01772973398706369
7.215843168633727,0.01779904268548089
7.21624324864973,0.017868847779039028
7.216643328665733,0.017939153864804755
7.217043408681736,0.018009965593930977
7.217443488697739,0.01808128767242062
7.217843568713743,0.018153124861900554
7.218243648729746,0.01822548198040973
7.218643728745749,0.018298363903200512
7.219043808761752,0.01837177556355154
7.2194438887777554,0.01844572195359656
7.219843968793759,0.018520208125164465
7.220244048809762,0.018595239190635146
7.220644128825765,0.018670820323809532
7.221044208841768,0.018746956760792435
7.2214442888577715,0.01882365380089293
7.221844368873775,0.01890091680753715
7.222244448889778,0.0189787512091982
7.222644528905781,0.019057162500341864
7.223044608921784,0.019136156242386425
7.2234446889377875,0.019215738064681635
7.223844768953791,0.019295913665501305
7.224244848969794,0.01937668881305501
7.224644928985797,0.019458069346516785
7.2250450090018,0.019540061177069717
7.2254450890178035,0.019622670288971193
7.225845169033807,0.019705902740633777
7.22624524904981,0.019789764665726402
7.226645329065813,0.019874262274294768
7.227045409081816,0.019959401853899213
7.2274454890978195,0.020045189770775098
7.227845569113823,0.020131632471010647
7.228245649129826,0.02021873648174713
7.228645729145829,0.020306508412400205
7.229045809161832,0.02039495495590046
7.2294458891778355,0.02048408288995894
7.229845969193839,0.020573899078351842
7.230246049209842,0.020664410472229958
7.230646129225845,0.020755624111451203
7.231046209241848,0.02084754712593481
7.2314462892578515,0.020940186737042673
7.231846369273855,0.021033550258982153
7.232246449289858,0.021127645100236084
7.232646529305861,0.021222478765018305
7.233046609321864,0.021318058854753318
7.2334466893378675,0.021414393069585633
7.233846769353871,0.021511489209913182
7.234246849369874,0.021609355177950658
7.234646929385877,0.021707998979321054
7.23504700940188,0.021807428724674054
7.2354470894178835,0.021907652631337166
7.235847169433887,0.022008679024993587
7.23624724944989,0.02211051634139314
7.236647329465893,0.022213173128094472
7.237047409481896,0.02231665804623714
7.2374474894978995,0.022420979872349613
7.237847569513903,0.022526147500187478
7.238247649529906,0.022632169942607777
7.238647729545909,0.02273905633347833
7.239047809561912,0.02284681592962009
7.2394478895779155,0.02295545811278953
7.239847969593919,0.023064992391694225
7.240248049609922,0.023175428404048938
7.240648129625925,0.02328677591867017
7.241048209641928,0.02339904483760788
7.2414482896579315,0.023512245198321024
7.241848369673935,0.023626387175890762
7.242248449689938,0.02374148108527804
7.242648529705941,0.02385753738362428
7.243048609721944,0.023974566672593317
7.2434486897379475,0.024092579700762125
7.243848769753951,0.024211587366053368
7.244248849769954,0.024331600718217532
7.244648929785957,0.02445263096136276
7.24504900980196,0.024574689456530952
7.2454490898179635,0.024697787724327867
7.245849169833967,0.024821937447600244
7.24624924984997,0.02494715047416774
7.246649329865973,0.02507343881960833
7.247049409881976,0.025200814670095276
7.2474494898979795,0.025329290385294197
7.247849569913983,0.02545887850131274
7.248249649929986,0.025589591733711347
7.248649729945989,0.02572144298057366
7.249049809961992,0.02585444532563474
7.2494498899779956,0.025988612041475984
7.249849969993999,0.02612395659277933
7.250250050010002,0.026260492639649316
7.250650130026005,0.026398234041001944
7.251050210042008,0.026537194858018337
7.251450290058012,0.026677389357672738
7.251850370074015,0.026818832016327013
7.252250450090018,0.02696153752340108
7.252650530106021,0.027105520785117874
7.253050610122024,0.027250796928321355
7.253450690138028,0.02739738130437717
7.253850770154031,0.027545289493148346
7.254250850170034,0.027694537307055785
7.254650930186037,0.027845140795222312
7.25505101020204,0.027997116247698746
7.255451090218044,0.02815048019978256
7.255851170234047,0.028305249436420866
7.25625125025005,0.028461440996708387
7.256651330266053,0.028619072178479223
7.257051410282056,0.028778160542991035
7.25745149029806,0.028938723919712698
7.257851570314063,0.029100780411207224
7.258251650330066,0.029264348398121077
7.258651730346069,0.029429446544279016
7.259051810362072,0.02959609380188302
7.259451890378076,0.029764309416827277
7.259851970394079,0.029934112934120797
7.260252050410082,0.0301055242034294
7.260652130426085,0.030278563384736546
7.261052210442088,0.03045325095412176
7.261452290458092,0.03062960770966924
7.261852370474095,0.03080765477749823
7.262252450490098,0.030987413617927673
7.262652530506101,0.031168906031774832
7.263052610522104,0.03135215416678693
7.263452690538108,0.031537180524219055
7.263852770554111,0.031724007965550007
7.264252850570114,0.03191265971934963
7.264652930586117,0.032103159388297046
7.26505301060212,0.032295530956349766
7.265453090618124,0.03248979879607744
7.265853170634127,0.03268598767615217
7.26625325065013,0.03288412276900952
7.266653330666133,0.03308422965868047
7.267053410682136,0.03328633434879415
7.26745349069814,0.03349046327076664
7.267853570714143,0.033696643292167365
7.268253650730146,0.03390490172527839
7.268653730746149,0.03411526633584748
7.269053810762152,0.03432776535203511
7.269453890778156,0.03454242747357169
7.269853970794159,0.03475928188111645
7.270254050810162,0.03497835824583552
7.270654130826165,0.03519968673919911
7.271054210842168,0.03542329804299941
7.271454290858172,0.0356492233596066
7.271854370874175,0.03587749442245482
7.272254450890178,0.03610814350677586
7.272654530906181,0.03634120344058288
7.273054610922184,0.036576707615904654
7.273454690938188,0.036814690000290445
7.273854770954191,0.037055185148576746
7.274254850970194,0.03729822821493574
7.274654930986197,0.03754385496520819
7.2750550110022,0.03779210178952199
7.275455091018204,0.03804300571521854
7.275855171034207,0.03829660442007782
7.27625525105021,0.038552936245864304
7.276655331066213,0.03881204021219706
7.277055411082216,0.03907395603074623
7.27745549109822,0.03933872411977972
7.277855571114223,0.03960638561905172
7.278255651130226,0.03987698240505705
7.278655731146229,0.04015055710665539
7.279055811162232,0.04042715312106909
7.279455891178236,0.04070681463028042
7.279855971194239,0.04098958661782019
7.280256051210242,0.04127551488597425
7.280656131226245,0.041564646073412925
7.281056211242248,0.04185702767324876
7.281456291258252,0.04215270805155021
7.281856371274255,0.042451736466304506
7.282256451290258,0.04275416308685848
7.2826565313062614,0.04306003901384411
7.283056611322264,0.04336941629959505
7.283456691338268,0.04368234796908558
7.283856771354271,0.04399888804138509
7.284256851370274,0.04431909155166045
7.2846569313862775,0.04464301457373454
7.28505701140228,0.04497071424320912
7.285457091418284,0.04530224878118648
7.285857171434287,0.045637677518584156
7.28625725145029,0.045977060921078707
7.2866573314662935,0.04632046061468859
7.287057411482296,0.046667939412006525
7.2874574914983,0.04701956133911928
7.287857571514303,0.047375391663211336
7.288257651530306,0.04773549692089107
7.2886577315463095,0.04809994494725292
7.289057811562312,0.04846880490568831
7.289457891578316,0.04884214731848703
7.289857971594319,0.04922004409822744
7.290258051610322,0.049602568579999444
7.2906581316263255,0.04998979555447493
7.291058211642328,0.05038180130184301
7.291458291658332,0.050778663626655896
7.291858371674335,0.05118046189358605
7.292258451690338,0.05158727706414331
7.2926585317063415,0.051999191734371224
7.293058611722344,0.05241629017354211
7.293458691738348,0.052838658363903085
7.293858771754351,0.053266384041476426
7.294258851770354,0.05369955673796811
7.2946589317863575,0.054138267823808824
7.29505901180236,0.05458261055235046
7.295459091818364,0.055032680105276774
7.295859171834367,0.055488573639235234
7.29625925185037,0.05595039033375042
7.2966593318663735,0.0564182314404482
7.297059411882376,0.05689220033361797
7.29745949189838,0.05737240256218033
7.297859571914383,0.05785894590306995
7.298259651930386,0.058351940416102296
7.2986597319463895,0.0588514985003588
7.299059811962392,0.05935773495212429
7.299459891978396,0.05987076702445146
7.299859971994399,0.060390714488367414
7.300260052010402,0.06091769969580028
7.3006601320264055,0.06145184764426602
7.301060212042408,0.061993286043357215
7.301460292058412,0.06254214538311723
7.301860372074415,0.06309855900432124
7.302260452090418,0.06366266317075171
7.3026605321064215,0.06423459714351672
7.303060612122424,0.06481450325745995
7.303460692138428,0.06540252699975778
7.303860772154431,0.0659988170907306
7.304260852170434,0.06660352556696841
7.3046609321864375,0.06721680786682716
7.30506101220244,0.06783882291835443
7.305461092218444,0.0684697332297517
7.305861172234447,0.06910970498240875
7.30626125225045,0.06975890812662228
7.3066613322664535,0.07041751648006676
7.307061412282456,0.071085707829085
7.30746149229846,0.07176366403292045
7.307861572314463,0.07245157113093531
7.308261652330466,0.0731496194529417
7.3086617323464695,0.07385800373272403
7.309061812362472,0.07457692322483299
7.309461892378476,0.07530658182478717
7.309861972394479,0.07604718819273808
7.310262052410482,0.07679895588073972
7.3106621324264855,0.07756210346371498
7.311062212442488,0.07833685467421071
7.311462292458492,0.07912343854109546
7.311862372474495,0.07992208953226451
7.312262452490498,0.08073304770151235
7.312662532506502,0.08155655883967693
7.313062612522504,0.08239287463016061
7.313462692538508,0.08324225280900083
7.313862772554511,0.0841049573295637
7.314262852570514,0.08498125853204053
7.314662932586518,0.08587143331786327
7.31506301260252,0.08677576532915793
7.315463092618524,0.08769454513342546
7.315863172634527,0.08862807041353456
7.31626325265053,0.08957664616322192
7.316663332666534,0.09054058488822966
7.317063412682536,0.09152020681320878
7.31746349269854,0.0925158400945954
7.317863572714543,0.09352782103954983
7.318263652730546,0.0945564943311708
7.31866373274655,0.09560221326012126
7.319063812762552,0.09666533996280235
7.319463892778556,0.0977462456662943
7.319863972794559,0.09884531094015629
7.320264052810562,0.09996292595530455
7.320664132826566,0.10109949075010881
7.321064212842568,0.10225541550384086
7.321464292858572,0.10343112081769917
7.321864372874575,0.10462703800348946
7.322264452890578,0.1058436093801819
7.322664532906582,0.10708128857847032
7.323064612922584,0.108340540853454
7.323464692938588,0.10962184340565158
7.323864772954591,0.11092568571040144
7.324264852970594,0.11225256985584588
7.324664932986598,0.11360301088959186
7.3250650130026,0.11497753717412744
7.325465093018604,0.11637669075116673
7.325865173034607,0.11780102771491682
7.32626525305061,0.119251118594412
7.326665333066614,0.12072754874493663
7.327065413082616,0.122230918748536
7.32746549309862,0.12376184482370456
7.327865573114623,0.12532095924413855
7.328265653130626,0.12690891076659128
7.32866573314663,0.1285263650677232
7.329065813162632,0.13017400518980118
7.329465893178636,0.1318525319951847
7.329865973194639,0.133562664629301
7.330266053210642,0.13530514099195587
7.330666133226646,0.13708071821665388
7.331066213242648,0.13889017315753246
7.331466293258652,0.14073430288359165
7.331866373274655,0.14261392517961086
7.332266453290658,0.14452987905328316
7.332666533306662,0.14648302524787485
7.333066613322664,0.14847424675961463
7.333466693338668,0.15050444935906415
7.333866773354671,0.15257456211537324
7.334266853370674,0.1546855379224297
7.334666933386678,0.15683835402563068
7.33506701340268,0.15903401254784374
7.335467093418684,0.16127354101312708
7.335867173434687,0.16355799286634046
7.33626725345069,0.16588844798684205
7.336667333466694,0.1682660131940925
7.337067413482696,0.17069182274274028
7.3374674934987,0.17316703880470252
7.337867573514703,0.17569285193518566
7.338267653530706,0.17827048151958558
7.33866773354671,0.18090117619770027
7.339067813562712,0.18358621426132582
7.339467893578716,0.18632690402113358
7.339867973594719,0.1891245841379908
7.340268053610722,0.1919806239137693
7.340668133626726,0.19489642353599637
7.341068213642728,0.1978734142701776
7.341468293658732,0.20091305859328443
7.341868373674735,0.2040168502609448
7.342268453690738,0.20718631430057996
7.342668533706742,0.21042300692181137
7.343068613722744,0.21372851533469692
7.343468693738748,0.2171044574658111
7.3438687737547514,0.22055248156092713
7.344268853770754,0.22407426566253974
7.344668933786758,0.2276715169492385
7.34506901380276,0.23134597092288425
7.345469093818764,0.23509939042871908
7.3458691738347675,0.2389335644919193
7.34626925385077,0.242850306953308
7.346669333866774,0.24685145488534285
7.347069413882776,0.2509388667681102
7.34746949389878,0.2551144204039073
7.3478695739147835,0.25938001054700227
7.348269653930786,0.26373754622406376
7.34866973394679,0.2681889477188076
7.349069813962792,0.27273614319269895
7.349469893978796,0.27738106491215736
7.3498699739947995,0.28212564505039706
7.350270054010802,0.2869718110307846
7.350670134026806,0.2919214803764478
7.351070214042808,0.2969765550290566
7.351470294058812,0.3021389150983348
7.3518703740748155,0.30741041200154645
7.352270454090818,0.31279286095121916
7.352670534106822,0.3182880327474964
7.353070614122824,0.3238976448301987
7.353470694138828,0.32962335154502104
7.3538707741548315,0.3354667335768228
7.354270854170834,0.3414292865031936
7.354670934186837,0.347512408420994
7.35507101420284,0.3537173865991286
7.355471094218844,0.3600453831119552
7.3558711742348475,0.3664974194095047
7.35627125425085,0.37307435978303766
7.356671334266853,0.3797768936882171
7.357071414282856,0.386605516892452
7.35747149429886,0.3935605114189105
7.3578715743148635,0.40064192426683987
7.358271654330866,0.4078495448961977
7.358671734346869,0.41518288147522653
7.359071814362872,0.4226411359014278
7.359471894378876,0.43022317762080486
7.3598719743948795,0.4379275162866007
7.360272054410882,0.4457522733172002
7.360672134426885,0.45369515243437925
7.361072214442888,0.46175340928651565
7.361472294458892,0.4699238202880966
7.3618723744748955,0.4782026508360737
7.362272454490898,0.4865856230952802
7.362672534506901,0.49506788358008336
7.363072614522904,0.5036439707962159
7.363472694538908,0.5123077832463924
7.3638727745549115,0.5210525481446895
7.364272854570914,0.5298707912271934
7.364672934586917,0.5387543080904997
7.36507301460292,0.5476941375330934
7.365473094618924,0.5566805374179532
7.3658731746349275,0.5657029636159204
7.36627325465093,0.5747500526271195
7.366673334666933,0.5838096085116735
7.367073414682936,0.5928685947879622
7.36747349469894,0.6019131319766116
7.3678735747149435,0.6109285014783324
7.368273654730946,0.6198991564718621
7.368673734746949,0.6288087405035828
7.369073814762952,0.6376401144095883
7.369473894778956,0.646375392163775
7.3698739747949595,0.6549959861793533
7.370274054810962,0.6634826625048786
7.370674134826965,0.671815606249546
7.371074214842968,0.6799744974444075
7.371474294858972,0.6879385973980777
7.3718743748749755,0.6956868454375088
7.372274454890978,0.703197965738448
7.372674534906981,0.7104505837498354
7.373074614922984,0.7174233515040004
7.373474694938988,0.7240950808858271
7.3738747749549916,0.730444883713619
7.374274854970994,0.7364523172682469
7.374674934986997,0.7420975337027486
7.3750750150030004,0.7473614315776937
7.375475095019004,0.752225807606538
7.375875175035008,0.7566735065660217
7.37627525505101,0.760688567235947
7.376675335067013,0.7642563621865244
7.3770754150830165,0.7673637292335167
7.37747549509902,0.7699990924354807
7.377875575115023,0.7721525706142679
7.378275655131026,0.7738160715393008
7.378675735147029,0.7749833701256716
7.3790758151630325,0.7756501692514515
7.379475895179036,0.7758141420941955
7.379875975195039,0.7754749552133205
7.380276055211042,0.7746342719540292
7.380676135227045,0.7732957361101436
7.3810762152430485,0.7714649361465911
7.381476295259052,0.7691493506369889
7.381876375275055,0.7663582759070239
7.382276455291058,0.7631027371810445
7.382676535307061,0.7593953847989853
7.3830766153230645,0.7552503772963137
7.383476695339068,0.7506832533170782
7.383876775355071,0.7457107944548697
7.384276855371074,0.7403508811888144
7.384676935387077,0.7346223441015631
7.3850770154030805,0.7285448125357089
7.385477095419084,0.7221385627698017
7.385877175435087,0.7154243676778953
7.38627725545109,0.708423349685966
7.386677335467093,0.7011568386599492
7.3870774154830965,0.6936462361602695
7.3874774954991,0.6859128872857988
7.387877575515103,0.677977961109699
7.388277655531106,0.6698623404900584
7.388677735547109,0.661586521823301
7.3890778155631125,0.6531705251026313
7.389477895579116,0.6446338144535569
7.389877975595119,0.6359952291432145
7.390278055611122,0.6272729249055701
7.390678135627125,0.6184843252897034
7.3910782156431285,0.6096460826237591
7.391478295659132,0.6007740480951297
7.391878375675135,0.5918832503735105
7.392278455691138,0.5829878821503721
7.392678535707141,0.5741012939323195
7.3930786157231445,0.5652359944049591
7.393478695739148,0.5564036566789939
7.393878775755151,0.5476151297353795
7.394278855771154,0.5388804544035503
7.394678935787157,0.530208883231695
7.3950790158031605,0.5216089036389718
7.395479095819164,0.5130882637773094
7.395879175835167,0.5046540005696358
7.39627925585117,0.49631246943457114
7.396679335867173,0.488069375251284
7.3970794158831765,0.47992980416138903
7.39747949589918,0.47189825584898404
7.397879575915183,0.4639786759808238
7.398279655931186,0.45617448852939957
7.398679735947189,0.4484886277396052
7.3990798159631925,0.4409235695345683
7.399479895979196,0.43348136219003924
7.399879975995199,0.42616365613592483
7.400280056011202,0.41897173277156863
7.400680136027205,0.4119065322060562
7.4010802160432085,0.4049686798563159
7.401480296059212,0.3981585118562044
7.401880376075215,0.3914760992460316
7.402280456091218,0.38492127092743805
7.402680536107221,0.37849363538134845
7.4030806161232245,0.3721926011571331
7.403480696139228,0.3660173961510866
7.403880776155231,0.35996708569916014
7.404280856171234,0.35404058951557155
7.404680936187237,0.34823669751385933
7.4050810162032406,0.34255408455030956
7.405481096219244,0.3369913241332798
7.405881176235247,0.3315469011432288
7.40628125625125,0.32621922361001493
7.406681336267253,0.32100663359465226
7.407081416283257,0.31590741722243876
7.40748149629926,0.3109198139146908
7.407881576315263,0.30604202486499776
7.408281656331266,0.30127222080532445
7.408681736347269,0.2966085491060456
7.409081816363273,0.2920491402522103
7.409481896379276,0.28759211373734905
7.409881976395279,0.28323558341389027
7.410282056411282,0.27897766233788956
7.410682136427285,0.27481646714396446
7.411082216443289,0.27075012198420834
7.411482296459292,0.2667767620635674
7.411882376475295,0.2628945368018761
7.412282456491298,0.259101612651316
7.412682536507301,0.25539617559634714
7.413082616523305,0.2517764333612066
7.413482696539308,0.24824061734893324
7.413882776555311,0.24478698433388163
7.414282856571314,0.24141381792850616
7.414682936587317,0.23811942984378326
7.415083016603321,0.23490216096104077
7.415483096619324,0.2317603822321088
7.415883176635327,0.22869249542310338
7.41628325665133,0.22569693371628075
7.416683336667333,0.2227721621833296
7.417083416683337,0.21991667814223279
7.41748349669934,0.217129011409261
7.417883576715343,0.21440772445642092
7.418283656731346,0.211751412484088
7.418683736747349,0.20915870341778356
7.419083816763353,0.20662825783713065
7.419483896779356,0.20415876884468714
7.419883976795359,0.20174896188141336
7.420284056811362,0.19939759449516417
7.420684136827365,0.1971034560680538
7.421084216843369,0.19486536750786557
7.421484296859372,0.1926821809085128
7.421884376875375,0.19055277918384408
7.422284456891378,0.18847607567888858
7.422684536907381,0.1864510137622557
7.423084616923385,0.18447656640292145
7.423484696939388,0.18255173573457872
7.423884776955391,0.18067555261019008
7.424284856971394,0.17884707614929404
7.424684936987397,0.17706539328036097
7.425085017003401,0.1753296182801377
7.425485097019404,0.17363889231194662
7.425885177035407,0.17199238296449232
7.42628525705141,0.17038928379270882
7.426685337067413,0.1688288138620169
7.427085417083417,0.1673102172970932
7.42748549709942,0.1658327628363249
7.427885577115423,0.1643957433928086
7.428285657131426,0.16299847562277045
7.428685737147429,0.16164029950217898
7.429085817163433,0.1603205779121264
7.429485897179436,0.1590386962336435
7.429885977195439,0.15779406195236986
7.430286057211442,0.1565861042735426
7.430686137227445,0.1554142737477008
7.431086217243449,0.15427804190735284
7.431486297259452,0.15317690091495378
7.431886377275455,0.1521103632223443
7.432286457291458,0.151077961241861
7.432686537307461,0.15007924702927952
7.433086617323465,0.14911379197864089
7.433486697339468,0.1481811865291079
7.433886777355471,0.14728103988384247
7.434286857371474,0.14641297974095388
7.434686937387477,0.14557665203653386
7.435087017403481,0.14477172069971234
7.435487097419484,0.14399786741974757
7.435887177435487,0.14325479142504702
7.43628725745149,0.14254220927406258
7.436687337467493,0.14185985465798234
7.437087417483497,0.14120747821507257
7.4374874974995,0.14058484735659377
7.437887577515503,0.1399917461041178
7.4382876575315064,0.13942797493810782
7.438687737547509,0.138893350657611
7.439087817563513,0.1383877062508498
7.439487897579516,0.1379108907765534
7.439887977595519,0.1374627692557898
7.4402880576115225,0.1370432225740804
7.440688137627525,0.13665214739356385
7.441088217643529,0.13628945607491563
7.441488297659532,0.13595507660877035
7.441888377675535,0.13564895255631212
7.4422884576915385,0.13537104299871477
7.442688537707541,0.13512132249507416
7.443088617723545,0.134899781048433
7.443488697739548,0.13470642407949382
7.443888777755551,0.1345412724075529
7.4442888577715545,0.1344043622381677
7.444688937787557,0.13429574515702689
7.445089017803561,0.13421548812943324
7.445489097819564,0.13416367350477726
7.445889177835567,0.13414039902531028
7.4462892578515705,0.13414577783847134
7.446689337867573,0.13417993851195786
7.447089417883577,0.13424302505065117
7.44748949789958,0.13433519691443677
7.447889577915583,0.13445662903586833
7.4482896579315865,0.13460751183653272
7.448689737947589,0.13478805124086812
7.449089817963593,0.13499846868608542
7.449489897979596,0.13523900112670567
7.449889977995599,0.1355099010321154
7.4502900580116025,0.1358114363753869
7.450690138027605,0.1361438906114511
7.451090218043609,0.13650756264256997
7.451490298059612,0.13690276676883686
7.451890378075615,0.13732983262127696
7.4522904580916185,0.13778910507488798
7.452690538107621,0.13828094413872977
7.453090618123625,0.1388057248199623
7.453490698139628,0.1393638369584203
7.453890778155631,0.1399556850280825
7.4542908581716345,0.140581687901465
7.454690938187637,0.1412422785726384
7.455091018203641,0.14193790383427413
7.455491098219644,0.14266902390368888
7.455891178235647,0.14343611199254058
7.4562912582516505,0.1442396538143735
7.456691338267653,0.14508014702376604
7.457091418283657,0.14595810058043843
7.45749149829966,0.14687403403109492
7.457891578315663,0.14782847670136612
7.4582916583316665,0.1488219667896233
7.458691738347669,0.14985505035387361
7.459091818363673,0.15092828018244905
7.459491898379676,0.15204221453848737
7.459891978395679,0.15319741576771168
7.4602920584116825,0.15439444875831865
7.460692138427685,0.15563387924114697
7.461092218443689,0.1569162719177533
7.461492298459692,0.15824218840325127
7.461892378475695,0.15961218497029594
7.4622924584916985,0.161026810079907
7.462692538507701,0.1624866016842502
7.463092618523705,0.1639920842860896
7.463492698539708,0.16554376573899388
7.463892778555711,0.1671421337721665
7.4642928585717145,0.16878765222338926
7.464692938587717,0.17048075696338777
7.465093018603721,0.17222185149504884
7.465493098619724,0.17401130221087965
7.465893178635727,0.1758494332926663
7.4662932586517305,0.17773652123777936
7.466693338667733,0.17967278899745978
7.467093418683737,0.18165839971378914
7.46749349869974,0.18369345004341475
7.467893578715743,0.18577796305835337
7.4682936587317466,0.18791188071654277
7.468693738747749,0.19009505589783776
7.469093818763753,0.19232724400492984
7.469493898779756,0.19460809413268332
7.469893978795759,0.19693713981462477
7.470294058811763,0.19931378936090824
7.470694138827765,0.20173731580864224
7.471094218843769,0.20420684651310322
7.471494298859772,0.20672135241643133
7.471894378875775,0.20927963704000904
7.472294458891779,0.2118803252568179
7.472694538907781,0.21452185191129694
7.473094618923785,0.21720245036661606
7.473494698939788,0.21992014107202484
7.473894778955791,0.22267272025713938
7.474294858971795,0.22545774887438547
7.474694938987797,0.22827254192590174
7.475095019003801,0.23111415832682228
7.475495099019804,0.23397939147196392
7.475895179035807,0.2368647606884686
7.476295259051811,0.2397665037712582
7.476695339067813,0.24268057081160074
7.477095419083817,0.24560261954116402
7.47749549909982,0.24852801242329187
7.477895579115823,0.25145181573056175
7.478295659131827,0.2543688008510315
7.478695739147829,0.25727344806509966
7.479095819163833,0.26015995302991757
7.479495899179836,0.2630222361973123
7.479895979195839,0.2658539553749072
7.480296059211843,0.26864852161670255
7.480696139227845,0.2713991185991858
7.481096219243849,0.27409872560177334
7.481496299259852,0.27674014416515996
7.481896379275855,0.2793160284493157
7.482296459291859,0.28181891925356994
7.482696539307861,0.28424128159587403
7.483096619323865,0.2865755456778729
7.483496699339868,0.2888141509874144
7.483896779355871,0.29094959321329766
7.484296859371875,0.29297447356914325
7.484696939387877,0.29488155004715166
7.485097019403881,0.2966637900504086
7.485497099419884,0.2983144237862573
7.485897179435887,0.29982699774646593
7.486297259451891,0.30119542755401585
7.486697339467893,0.30241404942418854
7.487097419483897,0.3034776694710863
7.4874974994999,0.30438161009104453
7.487897579515903,0.3051217526732182
7.488297659531907,0.30569457592487137
7.488697739547909,0.3060971891547942
7.489097819563913,0.30632735993185856
7.489497899579916,0.3063835356253428
7.489897979595919,0.30626485843740936
7.490298059611923,0.3059711736529792
7.490698139627925,0.30550303095523584
7.491098219643929,0.3048616787823663
7.491498299659932,0.3040490518293206
7.491898379675935,0.3030677519233998
7.492298459691939,0.30192102262087256
7.492698539707941,0.30061271798013794
7.493098619723945,0.2991472660621574
7.493498699739948,0.29752962778889724
7.493898779755951,0.2957652518530963
7.494298859771955,0.2938600264171929
7.494698939787957,0.2918202283650005
7.495099019803961,0.2896524708768684
7.495499099819964,0.28736365008897835
7.495899179835967,0.28496089157070564
7.496299259851971,0.28245149731327407
7.496699339867973,0.2798428938699195
7.497099419883977,0.27714258222475524
7.49749949989998,0.2743580898977035
7.497899579915983,0.27149692571759343
7.498299659931987,0.2685665376183414
7.498699739947989,0.265574273735552
7.499099819963993,0.26252734700482616
7.499499899979996,0.25943280339106334
7.499899979995999,0.2562974938101883
7.500300060012003,0.2531280497434056
7.500700140028005,0.24993086248923355
7.501100220044009,0.24671206595065046
7.5015003000600124,0.2434775228147764
7.501900380076015,0.24023281394918988
7.502300460092019,0.23698323081341893
7.502700540108021,0.23373377066508416
7.503100620124025,0.23048913432708704
7.5035007001400285,0.2272537262754441
7.503900780156031,0.22403165680477344
7.504300860172035,0.22082674603080185
7.504700940188037,0.2176425294950277
7.505101020204041,0.21448226514515967
7.5055011002200445,0.2113489414764598
7.505901180236047,0.20824528663162423
7.506301260252051,0.20517377827125813
7.506701340268053,0.20213665404197464
7.507101420284057,0.19913592248429818
7.5075015003000605,0.19617337423837627
7.507901580316063,0.19325059342036674
7.508301660332067,0.19036896905738795
7.508701740348069,0.1875297064830651
7.509101820364073,0.18473383860887518
7.5095019003800765,0.18198223699936514
7.509901980396079,0.17927562269057276
7.510302060412083,0.17661457670184535
7.510702140428085,0.17399955020092156
7.511102220444089,0.1714308742906542
7.5115023004600925,0.1689087693938714
7.511902380476095,0.16643335421944883
7.512302460492099,0.1640046542989285
7.512702540508101,0.16162261008827905
7.513102620524105,0.15928708463373886
7.5135027005401085,0.15699787080483912
7.513902780556111,0.15475469810065595
7.514302860572115,0.1525572390382206
7.514702940588117,0.1504051151342041
7.515103020604121,0.1482979024925697
7.5155031006201245,0.14623513701251745
7.515903180636127,0.1442163192317886
7.516303260652131,0.14224091882128748
7.516703340668133,0.14030837874742394
7.517103420684137,0.13841811911866436
7.5175035007001405,0.13656954073306832
7.517903580716143,0.13476202834323747
7.518303660732147,0.13299495365501815
7.518703740748149,0.13126767807594386
7.519103820764153,0.12957955522883813
7.5195039007801565,0.12792993324571114
7.519903980796159,0.12631815685632378
7.520304060812163,0.12474356928533849
7.520704140828165,0.12320551397135993
7.521104220844169,0.12170333612041809
7.5215043008601725,0.12023638410600401
7.521904380876175,0.11880401072694347
7.522304460892179,0.11740557433388821
7.522704540908181,0.11604043983458122
7.523104620924185,0.1147079795873419
7.5235047009401885,0.11340757419180521
7.523904780956191,0.11213861318521268
7.524304860972195,0.11090049565212295
7.524704940988197,0.10969263075488199
7.525105021004201,0.10851443819160395
7.5255051010202045,0.10736534858809478
7.525905181036207,0.10624480382955233
7.526305261052211,0.10515225733755267
7.526705341068213,0.10408717429742692
7.527105421084217,0.10304903184067501
7.5275055011002205,0.10203731918684412
7.527905581116223,0.10105153774883452
7.528305661132227,0.10009120120537371
7.528705741148229,0.0991558355441037
7.529105821164233,0.09824497907838363
7.5295059011802365,0.09735818244077528
7.529905981196239,0.0964950085558279
7.530306061212243,0.09565503259463613
7.530706141228245,0.09483784191343918
7.531106221244249,0.09404303597827442
7.531506301260253,0.09327022627763162
7.531906381276255,0.09251903622478684
7.532306461292259,0.09178910105141479
7.5327065413082614,0.09108006769393588
7.533106621324265,0.09039159467387048
7.533506701340269,0.08972335197344623
7.533906781356271,0.08907502090750709
7.534306861372275,0.08844629399273042
7.5347069413882775,0.08783687481506268
7.535107021404281,0.08724647789615345
7.535507101420285,0.08667482855956465
7.535907181436287,0.08612166279738662
7.53630726145229,0.08558672713787611
7.5367073414682935,0.08506977851465972
7.537107421484297,0.08457058413798135
7.537507501500301,0.08408892136842444
7.537907581516303,0.08362457759350654
7.538307661532306,0.08317735010748276
7.5387077415483095,0.08274704599467339
7.539107821564313,0.08233348201658236
7.539507901580317,0.08193648450303842
7.539907981596319,0.0815558892475772
7.540308061612322,0.08119154140723289
7.5407081416283255,0.08084329540690367
7.541108221644329,0.08051101484841355
7.541508301660333,0.08019457242437598
7.541908381676335,0.07989384983695279
7.542308461692338,0.07960873772156744
7.5427085417083415,0.07933913557562892
7.543108621724345,0.07908495169229265
7.543508701740349,0.07884610309927041
7.543908781756351,0.07862251550269232
7.544308861772354,0.07841412323599871
7.5447089417883575,0.07822086921383271
7.545109021804361,0.07804270489088214
7.545509101820365,0.07787959022560453
7.545909181836367,0.07773149364875996
7.54630926185237,0.07759839203665113
7.5467093418683735,0.0774802706889622
7.547109421884377,0.07737712331106376
7.547509501900381,0.07728895200063532
7.547909581916383,0.0772157672384406
7.548309661932386,0.0771575878830655
7.5487097419483895,0.07711444116941153
7.549109821964393,0.07708636271071072
7.549509901980397,0.07707339650380382
7.549909981996399,0.07707559493739809
7.550310062012402,0.07709301880298965
7.5507101420284055,0.07712573730810539
7.551110222044409,0.07717382809148293
7.551510302060413,0.07723737723977267
7.551910382076415,0.07731647930530212
7.552310462092418,0.07741123732440275
7.5527105421084215,0.07752176283574796
7.553110622124425,0.07764817589810004
7.553510702140429,0.07779060510681125
7.553910782156431,0.07794918760835644
7.554310862172434,0.07812406911211592
7.5547109421884375,0.07831540389854731
7.555111022204441,0.07852335482281388
7.555511102220445,0.07874809331285218
7.555911182236447,0.078989799360765
7.55631126225245,0.0792486615063359
7.5567113422684535,0.07952487681134555
7.557111422284457,0.07981865082326314
7.557511502300461,0.08013019752676327
7.557911582316463,0.0804597392813775
7.558311662332466,0.0808075067434587
7.5587117423484695,0.08117373877047061
7.559111822364473,0.08155868230546007
7.559511902380476,0.08196259223939488
7.559911982396479,0.0823857312488581
7.560312062412482,0.0828283696063778
7.5607121424284855,0.08329078496049636
7.561112222444489,0.08377326208240118
7.561512302460492,0.08427609257575512
7.561912382476495,0.08479957454607487
7.562312462492498,0.08534401222573744
7.562712542508502,0.0859097155504525
7.563112622524505,0.0864969996826808
7.563512702540508,0.08710618447723444
7.563912782556511,0.08773759388393355
7.564312862572514,0.08839155528185841
7.564712942588518,0.08906839873944283
7.565113022604521,0.08976845619422592
7.565513102620524,0.09049206054580156
7.565913182636527,0.09123954465509308
7.56631326265253,0.0920112402427175
7.566713342668534,0.09280747667890347
7.567113422684537,0.0936285796569885
7.56751350270054,0.09447486974227802
7.567913582716543,0.0953466607876785
7.568313662732546,0.0962442582072289
7.56871374274855,0.09716795709847573
7.569113822764553,0.098118040204336
7.569513902780556,0.09909477570506053
7.569913982796559,0.10009841483078281
7.570314062812562,0.10112918928515914
7.570714142828566,0.10218730847082039
7.571114222844569,0.10327295650749345
7.571514302860572,0.10438628903417937
7.571914382876575,0.10552742978727828
7.572314462892578,0.10669646694731806
7.572714542908582,0.10789344924803092
7.573114622924585,0.10911838184263266
7.573514702940588,0.11037122192383197
7.573914782956591,0.1116518740958597
7.574314862972594,0.11296018549900005
7.574714942988598,0.1142959406897904
7.575115023004601,0.11565885628289903
7.575515103020604,0.11704857536429841
7.575915183036607,0.11846466168918282
7.57631526305261,0.11990659368251212
7.576715343068614,0.12137375826514436
7.577115423084617,0.12286544453385735
7.57751550310062,0.12438083732979781
7.577915583116623,0.12591901073639655
7.578315663132626,0.12747892155491775
7.57871574314863,0.12905940281356065
7.579115823164633,0.13065915737390585
7.579515903180636,0.13227675170711095
7.579915983196639,0.1339106099208197
7.580316063212642,0.13555900812654917
7.580716143228646,0.13722006924621538
7.581116223244649,0.13889175836479253
7.581516303260652,0.140571878744379
7.581916383276655,0.14225806862216545
7.582316463292658,0.14394779892113296
7.582716543308662,0.14563837200742535
7.583116623324665,0.14732692163141764
7.583516703340668,0.14901041419092087
7.583916783356671,0.15068565145358123
7.584316863372674,0.15234927487144484
7.584716943388678,0.15399777161348266
7.585117023404681,0.15562748243081317
7.585517103420684,0.1572346114548667
7.585917183436687,0.15881523800984806
7.58631726345269,0.16036533049790516
7.586717343468694,0.16188076238838145
7.587117423484697,0.16335733031108585
7.5875175035007,0.1647907742186443
7.587917583516703,0.16617679954441525
7.588317663532706,0.16751110124124438
7.58871774354871,0.16878938954323633
7.589117823564713,0.17000741724834664
7.589517903580716,0.17116100827567396
7.589917983596719,0.17224608720851095
7.590318063612722,0.17325870949426317
7.590718143628726,0.1741950919366114
7.591118223644729,0.17505164308494192
7.591518303660732,0.17582499310290814
7.591918383676735,0.17651202268278532
7.592318463692738,0.17710989056641455
7.592718543708742,0.17761605923770402
7.593118623724745,0.17802831836622257
7.593518703740748,0.1783448056067937
7.5939187837567514,0.17856402439565566
7.594318863772754,0.17868485842927073
7.594718943788758,0.1787065825661587
7.595119023804761,0.17862886995379268
7.595519103820764,0.1784517952500514
7.5959191838367675,0.17817583387996028
7.59631926385277,0.17780185734147844
7.596719343868774,0.17733112464666126
7.597119423884777,0.17676527005462198
7.59751950390078,0.17610628731816405
7.5979195839167835,0.17535651072506928
7.598319663932786,0.17451859326615798
7.59871974394879,0.17359548230411018
7.599119823964793,0.1725903931489694
7.599519903980796,0.17150678096746608
7.5999199839967995,0.17034831146401078
7.600320064012802,0.1691188307715166
7.600720144028806,0.16782233498065421
7.601120224044809,0.16646293971797024
7.601520304060812,0.16504485015710646
7.6019203840768155,0.16357233181496117
7.602320464092818,0.16204968244711018
7.602720544108822,0.16048120531552296
7.603120624124825,0.15887118405841172
7.603520704140828,0.15722385934758668
7.6039207841568315,0.15554340747485934
7.604320864172834,0.1538339209664746
7.604720944188838,0.15209939128416516
7.605121024204841,0.15034369363437583
7.605521104220844,0.14857057387333206
7.6059211842368475,0.1467836374660181
7.60632126425285,0.1449863404315575
7.606721344268854,0.1431819821859775
7.607121424284857,0.14137370017634654
7.60752150430086,0.1395644661868325
7.6079215843168635,0.13775708418788346
7.608321664332866,0.13595418959367833
7.60872174434887,0.13415824978987706
7.609121824364873,0.13237156579363818
7.609521904380876,0.1305962749096883
7.6099219843968795,0.12883435425033243
7.610322064412882,0.12708762499282622
7.610722144428886,0.12535775725414358
7.611122224444889,0.12364627547104799
7.611522304460892,0.12195456418143563
7.6119223844768955,0.12028387411170632
7.612322464492898,0.1186353284837144
7.612722544508902,0.1170099294634982
7.613122624524905,0.11540856468278675
7.613522704540908,0.11383201377237777
7.6139227845569115,0.11228095485451746
7.614322864572914,0.11075597094885808
7.614722944588918,0.10925755625338839
7.615123024604921,0.10778612226832789
7.615523104620924,0.10634200373664242
7.6159231846369275,0.10492546438026688
7.61632326465293,0.10353670241588084
7.616723344668934,0.102175855838219
7.617123424684937,0.10084300746281646
7.61752350470094,0.09953818972319457
7.6179235847169435,0.0982613892204395
7.618323664732946,0.09701255102555668
7.61872374474895,0.09579158273694607
7.619123824764953,0.09459835829722527
7.619523904780956,0.0934327215748936
7.6199239847969595,0.09229448971757917
7.620324064812962,0.09118345628451276
7.620724144828966,0.09009939416648155
7.621124224844969,0.08904205830216001
7.621524304860972,0.08801118819992762
7.6219243848769755,0.08700651027457515
7.622324464892978,0.08602774000838827
7.622724544908982,0.08507458394600545
7.623124624924985,0.08414674153247495
7.623524704940988,0.0832439068036485
7.6239247849569916,0.08236576993790377
7.624324864972994,0.08151201867791942
7.624724944988998,0.08068233963085297
7.625125025005001,0.0798764194550545
7.625525105021004,0.07909394594099019
7.625925185037008,0.07833460899376214
7.62632526505301,0.07759810152423499
7.626725345069014,0.0768841202553509
7.627125425085017,0.07619236644993851
7.62752550510102,0.07552254656585945
7.627925585117024,0.07487437284403682
7.628325665133026,0.07424756383455187
7.62872574514903,0.07364184486560238
7.629125825165033,0.07305694845986226
7.629525905181036,0.07249261470238377
7.62992598519704,0.07194859156392126
7.630326065213042,0.07142463518325771
7.630726145229046,0.07092051011178552
7.631126225245049,0.07043598952338699
7.631526305261052,0.06997085539233214
7.631926385277056,0.06952489864170157
7.632326465293058,0.06909791926460153
7.632726545309062,0.06868972642017056
7.633126625325065,0.06830013850621386
7.633526705341068,0.06792898321003472
7.633926785357072,0.06757609753886347
7.634326865373074,0.06724132783108491
7.634726945389078,0.06692452974924921
7.635127025405081,0.06662556825570935
7.635527105421084,0.06634431757150687
7.635927185437088,0.06608066111898173
7.63632726545309,0.06583449144840631
7.636727345469094,0.06560571014875582
7.637127425485097,0.06539422774259286
7.6375275055011,0.06519996356484736
7.637927585517104,0.06502284562512858
7.638327665533106,0.06486281045303893
7.63872774554911,0.06471980292577942
7.639127825565113,0.06459377607719298
7.639527905581116,0.0644846908872012
7.63992798559712,0.06439251605043386
7.640328065613122,0.06431722772267393
7.640728145629126,0.06425880924355747
7.641128225645129,0.06421725083380048
7.641528305661132,0.06419254926502917
7.641928385677136,0.06418470750011344
7.642328465693138,0.06419373430170933
7.642728545709142,0.0642196438065239
7.643128625725145,0.06426245506262342
7.643528705741148,0.06432219152690734
7.643928785757152,0.06439888051967599
7.644328865773154,0.06449255263301952
7.644728945789158,0.06460324108956816
7.645129025805161,0.0647309810479456
7.645529105821164,0.06487580885109244
7.645929185837168,0.0650377612134482
7.64632926585317,0.06521687434281567
7.646729345869174,0.06541318299260052
7.647129425885177,0.06562671943997617
7.64752950590118,0.06585751238544797
7.647929585917184,0.06610558576921477
7.648329665933186,0.0663709574996984
7.64872974594919,0.06665363808965505
7.649129825965193,0.06695362919533066
7.649529905981196,0.06727092205429838
7.6499299859972,0.0676054958178184
7.650330066013202,0.06795731577386376
7.650730146029206,0.06832633145739593
7.651130226045209,0.06871247464495238
7.651530306061212,0.06911565723130537
7.651930386077216,0.06953576898672045
7.652330466093218,0.06997267519429926
7.652730546109222,0.07042621416805618
7.653130626125225,0.07089619465365671
7.653530706141228,0.07138239311533355
7.653930786157232,0.07188455091422732
7.654330866173234,0.07240237138539833
7.654730946189238,0.0729355168230519
7.655131026205241,0.07348360538597327
7.655531106221244,0.07404620793801914
7.655931186237248,0.07462284484152511
7.65633126625325,0.0752129827248088
7.656731346269254,0.07581603124856405
7.6571314262852574,0.07643133989967896
7.65753150630126,0.07705819484508747
7.657931586317264,0.07769581588239038
7.658331666333266,0.078343353528251
7.65873174634927,0.07899988628993519
7.6591318263652735,0.07966441816954788
7.659531906381276,0.08033587645471416
7.65993198639728,0.0810131098532512
7.660332066413282,0.08169488703282572
7.660732146429286,0.08237989562954322
7.6611322264452895,0.08306674179151657
7.661532306461292,0.08375395032483711
7.661932386477296,0.08443996550953395
7.662332466493298,0.08512315265205704
7.662732546509302,0.08580180043837347
7.6631326265253055,0.0864741241475496
7.663532706541308,0.08713826977986111
7.663932786557312,0.08779231914558
7.664332866573314,0.08843429595073857
7.664732946589318,0.08906217290431256
7.6651330266053215,0.08967387985722496
7.665533106621324,0.09026731296773126
7.665933186637328,0.09084034486996201
7.66633326665333,0.09139083580310443
7.666733346669334,0.09191664563821546
7.6671334266853375,0.09241564671823234
7.66753350670134,0.09288573740514454
7.667933586717344,0.09332485620682503
7.668333666733346,0.09373099633549703
7.66873374674935,0.09410222053088896
7.6691338267653535,0.09443667596438414
7.669533906781356,0.09473260902678739
7.66993398679736,0.09498837979216422
7.670334066813362,0.09520247594425958
7.670734146829366,0.09537352595072891
7.6711342268453695,0.09550031127408494
7.671534306861372,0.09558177741718352
7.671934386877376,0.09561704361513523
7.672334466893378,0.09560541100463567
7.672734546909382,0.09554636912545572
7.6731346269253855,0.09543960063666496
7.673534706941388,0.09528498416137059
7.673934786957392,0.09508259520747418
7.674334866973394,0.09483270514721318
7.674734946989398,0.09453577827401123
7.6751350270054015,0.09419246699040369
7.675535107021404,0.09380360521442616
7.675935187037408,0.09337020012296231
7.67633526705341,0.0928934223782571
7.676735347069414,0.09237459500734649
7.6771354270854175,0.09181518112312666
7.67753550710142,0.0912167706896267
7.677935587117424,0.09058106654277606
7.678335667133426,0.08990986988148167
7.67873574714943,0.08920506544230256
7.6791358271654335,0.08846860656497123
7.679535907181436,0.08770250034565495
7.67993598719744,0.08690879306104024
7.680336067213442,0.0860895560295425
7.680736147229446,0.08524687205685133
7.6811362272454495,0.08438282259254618
7.681536307261452,0.08349947570298016
7.681936387277456,0.08259887494401963
7.682336467293458,0.08168302919589607
7.682736547309462,0.0807539035018636
7.6831366273254655,0.07981341093321648
7.683536707341468,0.07886340548544402
7.683936787357472,0.07790567599451585
7.684336867373474,0.07694194104840878
7.684736947389478,0.07597384485707898
7.6851370274054815,0.07500295403442234
7.685537107421484,0.07403075523788569
7.685937187437488,0.0730586536056167
7.68633726745349,0.07208797192697204
7.686737347469494,0.0711199504796854
7.6871374274854976,0.07015574746611303
7.6875375075015,0.06919643998111653
7.687937587517504,0.06824302544554481
7.6883376675335064,0.06729642344149155
7.68873774754951,0.06635747788834992
7.689137827565514,0.06542695950227063
7.689537907581516,0.06450556848537352
7.68993798759752,0.06359393739526001
7.6903380676135225,0.06269263414963848
7.690738147629526,0.06180216512511512
7.69113822764553,0.06092297831358628
7.691538307661532,0.060055466503720234
7.691938387677536,0.059199970459088216
7.6923384676935385,0.058356782068301576
7.692738547709542,0.05752614744600801
7.693138627725546,0.05670826996701611
7.693538707741548,0.05590331321875848
7.693938787757552,0.05511140386014583
7.6943388677735545,0.0543326343773714
7.694738947789558,0.05356706572940947
7.695139027805562,0.05281472987804405
7.695539107821564,0.05207563219892223
7.695939187837568,0.051349753771720005
7.6963392678535705,0.05063705354882702
7.696739347869574,0.049937470403030135
7.697139427885578,0.04925092505571766
7.69753950790158,0.048577321887831384
7.697939587917584,0.04791655063650084
7.6983396679335865,0.04726848798081358
7.69873974794959,0.04663299902053452
7.699139827965594,0.04600993865197631
7.699539907981596,0.045399152845365484
7.6999399879976,0.04480047982824808
7.7003400680136025,0.044213751179557725
7.700740148029606,0.043638792838951904
7.70114022804561,0.043075426036075636
7.701540308061612,0.042523468144282636
7.701940388077616,0.04198273346330186
7.7023404680936185,0.04145303393522094
7.702740548109622,0.04093417979798252
7.703140628125626,0.04042598018050569
7.703540708141628,0.0399282436433179
7.703940788157632,0.03944077866845563
7.7043408681736345,0.038963394102216595
7.704740948189638,0.038495899554131116
7.705141028205642,0.038038105755403624
7.705541108221644,0.037589824879839445
7.705941188237648,0.037150870830137586
7.7063412682536505,0.03672105949225827
7.706741348269654,0.036300208960376605
7.707141428285658,0.035888139734827455
7.70754150830166,0.03548467489524065
7.707941588317664,0.035089640250952944
7.7083416683336665,0.03470286447064122
7.70874174834967,0.034324179192957605
7.709141828365674,0.03395341911986927
7.709541908381676,0.033590422094236544
7.70994198839768,0.03323502916308183
7.7103420684136825,0.03288708462789276
7.710742148429686,0.03254643608317557
7.71114222844569,0.032212934444423684
7.711542308461692,0.03188643396653512
7.711942388477696,0.031566792253657154
7.7123424684936985,0.03125387026135826
7.712742548509702,0.03094753229193063
7.713142628525706,0.030647645983598145
7.713542708541708,0.030354082294303517
7.713942788557712,0.030066715480714677
7.7143428685737145,0.0297854230730355
7.714742948589718,0.029510085846133193
7.715143028605722,0.029240587787483285
7.715543108621724,0.02897681606235476
7.715943188637728,0.028718660976640276
7.7163432686537305,0.028466015937697927
7.716743348669734,0.02821877741351658
7.717143428685738,0.027976844890516477
7.71754350870174,0.027740120830235623
7.717943588717744,0.027508510625144988
7.7183436687337466,0.027281922553809245
7.71874374874975,0.027060267735567814
7.719143828765754,0.026843460084917673
7.719543908781756,0.026631416265730196
7.719943988797759,0.026424055645433778
7.720344068813763,0.026221300249271846
7.720744148829766,0.026023074714724977
7.72114422884577,0.025829306246170983
7.721544308861772,0.025639924569847355
7.721944388877775,0.025454861889158405
7.722344468893779,0.02527405284036395
7.722744548909782,0.025097434448667313
7.723144628925786,0.02492494608470823
7.723544708941788,0.024756529421460182
7.723944788957791,0.024592128391511963
7.724344868973795,0.024431689144709837
7.724744948989798,0.02427516000611914
7.725145029005802,0.02412249143425332
7.725545109021804,0.023973635979512825
7.725945189037807,0.023828548242757357
7.726345269053811,0.023687184833930647
7.726745349069814,0.023549504330640004
7.727145429085818,0.023415467236581507
7.72754550910182,0.023285035939693364
7.727945589117823,0.02315817466990189
7.728345669133827,0.02303484945631664
7.72874574914983,0.0229150280837136
7.729145829165834,0.02279868004813086
7.729545909181836,0.022685776511390667
7.729945989197839,0.022576290254340638
7.730346069213843,0.02247019562859584
7.730746149229846,0.02236746850654252
7.73114622924585,0.022268086229346864
7.731546309261852,0.02217202755269687
7.731946389277855,0.022079272589981602
7.732346469293859,0.021989802752596325
7.732746549309862,0.02190360068703805
7.733146629325866,0.021820650208434347
7.733546709341868,0.021740936230129407
7.733946789357871,0.02166444468892438
7.734346869373875,0.021591162465549874
7.734746949389878,0.021521077299922045
7.735147029405882,0.021454177700710623
7.735547109421884,0.02139045284872617
7.735947189437887,0.0213298924936078
7.736347269453891,0.021272486843273465
7.736747349469894,0.021218226445571656
7.737147429485898,0.02116710206155448
7.7375475095019,0.021119104529776545
7.737947589517903,0.021074224621007474
7.738347669533907,0.021032452882737432
7.73874774954991,0.02099377947284703
7.739147829565914,0.020958193981811896
7.739547909581916,0.020925685242819216
7.739947989597919,0.020896241129184392
7.740348069613923,0.020869848338479317
7.740748149629926,0.020846492162814787
7.74114822964593,0.020826156244763402
7.741548309661932,0.02080882231846784
7.741948389677935,0.02079446993555102
7.742348469693939,0.02078307617553599
7.742748549709942,0.02077461534059251
7.743148629725945,0.020769058634558277
7.743548709741948,0.020766373826339193
7.743948789757951,0.020766524897972538
7.744348869773955,0.02076947167784734
7.744748949789958,0.020775169459815
7.745149029805961,0.020783568609195224
7.745549109821964,0.020794614156987162
7.745949189837967,0.02080824538393601
7.746349269853971,0.020824395396481125
7.746749349869974,0.02084299069702265
7.747149429885977,0.020863950751390616
7.74754950990198,0.020887187556879613
7.747949589917983,0.020912605214721044
7.748349669933987,0.020940099511402858
7.74874974994999,0.020969557513799444
7.749149829965993,0.021000857183645708
7.749549909981996,0.021033867017459427
7.749949989997999,0.021068445718578237
7.750350070014003,0.021104441908521503
7.750750150030006,0.021141693885386056
7.751150230046009,0.021180029437435043
7.7515503100620124,0.021219265720406732
7.751950390078015,0.021259209207341076
7.752350470094019,0.02129965571987364
7.752750550110022,0.02134039054994373
7.753150630126025,0.021381188680698188
7.7535507101420285,0.021421815115002324
7.753950790158031,0.02146202531938321
7.754350870174035,0.021501565790406588
7.754750950190038,0.021540174749400152
7.755151030206041,0.021577582970088417
7.7555511102220445,0.021613514742075627
7.755951190238047,0.021647688971217115
7.756351270254051,0.021679820415768995
7.756751350270054,0.0217096210548119
7.757151430286057,0.021736801582860198
7.7575515103020605,0.02176107302181862
7.757951590318063,0.021782148438606395
7.758351670334067,0.021799744753896833
7.75875175035007,0.02181358462459158
7.759151830366073,0.02182339837995915
7.7595519103820765,0.02182892598889705
7.759951990398079,0.02182991903362434
7.760352070414083,0.021826142663366455
7.760752150430086,0.021817377500339703
7.761152230446089,0.021803421469654992
7.7615523104620925,0.02178409152469877
7.761952390478095,0.021759225240157238
7.762352470494099,0.02172868224614511
7.762752550510102,0.021692345478885242
7.763152630526105,0.021650122226024946
7.7635527105421085,0.021601944947922683
7.763952790558111,0.02154777186001398
7.764352870574115,0.02148758726556511
7.764752950590118,0.021421401632643184
7.765153030606121,0.021349251413822132
7.7655531106221245,0.02127119861188772
7.765953190638127,0.02118733009944904
7.766353270654131,0.02109775670477016
7.766753350670134,0.021002612080198026
7.767153430686137,0.020902051373139007
7.7675535107021405,0.020796249722567727
7.767953590718143,0.020685400606450452
7.768353670734147,0.020569714067182287
7.76875375075015,0.020449414843185177
7.769153830766153,0.02032474043515164
7.7695539107821565,0.02019593913512267
7.769953990798159,0.020063268045679303
7.770354070814163,0.019926991115067683
7.770754150830166,0.0197873772121834
7.771154230846169,0.019644698263041792
7.7715543108621725,0.019499227467806742
7.771954390878175,0.01935123761469785
7.772354470894179,0.01920099950423064
7.772754550910182,0.019048780494391477
7.773154630926185,0.018894843174517253
7.7735547109421885,0.018739444172968706
7.773954790958191,0.01858283310116725
7.774354870974195,0.018425251634250538
7.774754950990198,0.018266932726561456
7.775155031006201,0.018108099958372165
7.7755551110222045,0.017948967008734183
7.775955191038207,0.01778973724809574
7.776355271054211,0.017630603443330166
7.776755351070214,0.017471747567104935
7.777155431086217,0.017313340702999912
7.7775555111022205,0.017155543037506753
7.777955591118223,0.016998503929938565
7.778355671134227,0.016842362051327067
7.77875575115023,0.016687245583601473
7.779155831166233,0.016533272470635393
7.7795559111822365,0.016380550713161298
7.779955991198239,0.016229178700021756
7.780356071214243,0.016079245568734073
7.780756151230246,0.01593083158891416
7.781156231246249,0.015784008562654713
7.781556311262253,0.01563884023653595
7.781956391278255,0.015495382720511387
7.782356471294259,0.01535368490944875
7.782756551310262,0.015213788903650051
7.783156631326265,0.01507573042515565
7.783556711342269,0.014939539227115477
7.783956791358271,0.014805239493943082
7.784356871374275,0.01467285023035559
7.784756951390278,0.01454238563778112
7.785157031406281,0.014413855476925166
7.785557111422285,0.014287265415590293
7.785957191438287,0.014162617361101857
7.786357271454291,0.014039909776910503
7.786757351470294,0.013919137983155413
7.787157431486297,0.013800294441127901
7.787557511502301,0.013683369021730238
7.787957591518303,0.013568349258146782
7.788357671534307,0.013455220583037676
7.78875775155031,0.013343966550662327
7.789157831566313,0.01323456904439274
7.789557911582317,0.013127008470137376
7.789957991598319,0.013021263936235108
7.790358071614323,0.01291731342039794
7.790758151630326,0.01281513392431251
7.791158231646329,0.012714701616506835
7.791558311662333,0.01261599196409963
7.791958391678335,0.01251897985404599
7.792358471694339,0.01242363970447695
7.792758551710342,0.012329945566730546
7.793158631726345,0.01223787121864412
7.793558711742349,0.012147390249666956
7.793958791758351,0.012058476138332453
7.794358871774355,0.011971102322599885
7.794758951790358,0.011885242263564678
7.795159031806361,0.011800869503001904
7.795559111822365,0.011717957715191185
7.795959191838367,0.011636480753447585
7.796359271854371,0.011556412691753363
7.796759351870374,0.011477727861872702
7.797159431886377,0.011400400886299199
7.797559511902381,0.011324406707370558
7.797959591918383,0.011249720612863744
7.798359671934387,0.011176318258357998
7.79875975195039,0.011104175686642853
7.799159831966393,0.011033269344420782
7.799559911982397,0.010963576096542572
7.799959991998399,0.010895073237996369
7.800360072014403,0.010827738503850633
7.800760152030406,0.010761550077344537
7.801160232046409,0.010696486596297081
7.801560312062413,0.010632527157998495
7.801960392078415,0.010569651322734725
7.802360472094419,0.010507839116079616
7.802760552110422,0.010447071030086137
7.803160632126425,0.0103873280234903
7.803560712142429,0.010328591521036786
7.803960792158431,0.010270843412026607
7.804360872174435,0.010214066048174106
7.804760952190438,0.010158242240860413
7.805161032206441,0.010103355257856193
7.805561112222445,0.010049388819584502
7.805961192238447,0.0099963270949884
7.806361272254451,0.009944154697058139
7.806761352270454,0.009892856678074099
7.807161432286457,0.009842418524610277
7.807561512302461,0.009792826152342867
7.807961592318463,0.00974406590070419
7.808361672334467,0.009696124527414467
7.80876175235047,0.009648989202926658
7.809161832366473,0.009602647504809995
7.809561912382477,0.00955708741209892
7.809961992398479,0.00951229729963101
7.810362072414483,0.009468265932391405
7.810762152430486,0.00942498245988429
7.811162232446489,0.0093824364105444
7.811562312462493,0.009340617686202672
7.811962392478495,0.009299516556618278
7.812362472494499,0.009259123654083979
7.8127625525105024,0.009219429968115431
7.813162632526505,0.00918042684022791
7.813562712542509,0.009142105958805923
7.813962792558511,0.009104459354069488
7.814362872574515,0.009067479393136355
7.8147629525905185,0.009031158775182851
7.815163032606521,0.008995490526699894
7.815563112622525,0.008960467996842547
7.815963192638527,0.008926084852869878
7.816363272654531,0.008892335075667907
7.8167633526705345,0.00885921295535158
7.817163432686537,0.008826713086935724
7.817563512702541,0.008794830366066849
7.817963592718543,0.008763559984805571
7.818363672734547,0.008732897427446125
7.8187637527505505,0.008702838466361384
7.819163832766553,0.008673379157856605
7.819563912782557,0.008644515838016013
7.819963992798559,0.008616245118524466
7.820364072814563,0.008588563882442347
7.8207641528305665,0.008561469279913693
7.821164232846569,0.008534958723781827
7.821564312862573,0.008509029885087045
7.821964392878575,0.008483680688418507
7.822364472894579,0.00845890930708808
7.8227645529105825,0.008434714158094459
7.823164632926585,0.008411093896840255
7.823564712942589,0.008388047411563604
7.823964792958591,0.008365573817442877
7.824364872974595,0.008343672450328132
7.8247649529905985,0.008322342860052168
7.825165033006601,0.008301584803267762
7.825565113022605,0.008281398235755657
7.825965193038607,0.008261783304143693
7.826365273054611,0.008242740336971782
7.8267653530706145,0.008224269835035445
7.827165433086617,0.008206372460933569
7.827565513102621,0.008189049027742932
7.827965593118623,0.008172300486736792
7.828365673134627,0.008156127914058689
7.8287657531506305,0.008140532496259222
7.829165833166633,0.008125515514596327
7.829565913182637,0.008111078327995536
7.829965993198639,0.008097222354561185
7.830366073214643,0.008083949051523135
7.8307661532306465,0.008071259893500259
7.831166233246649,0.008059156348955054
7.831566313262653,0.008047639854710442
7.831966393278655,0.008036711788395337
7.832366473294659,0.008026373438681138
7.8327665533106625,0.008016625973169818
7.833166633326665,0.008007470403790821
7.833566713342669,0.00799890754956408
7.833966793358671,0.007990937996586732
7.834366873374675,0.007983562055102597
7.8347669533906785,0.00797677971351838
7.835167033406681,0.007970590589235724
7.835567113422685,0.00796499387617757
7.835967193438687,0.007959988288898762
7.836367273454691,0.007955572003185411
7.8367673534706945,0.007951742593066862
7.837167433486697,0.007948496964186407
7.837567513502701,0.007945831283505124
7.837967593518703,0.00794374090534577
7.838367673534707,0.007942220293822286
7.8387677535507105,0.007941262941745618
7.839167833566713,0.007940861286147733
7.839567913582717,0.007941006620624764
7.839967993598719,0.00794168900476645
7.840368073614723,0.007942897171013215
7.8407681536307265,0.007944618429364614
7.841168233646729,0.007946838570453568
7.841568313662733,0.007949541767599336
7.841968393678735,0.007952710478558866
7.842368473694739,0.007956325347810113
7.8427685537107426,0.00796036511032107
7.843168633726745,0.00796480649788436
7.843568713742749,0.007969624149226506
7.8439687937587514,0.00797479052523237
7.844368873774755,0.007980275830756441
7.844768953790759,0.00798604794461936
7.845169033806761,0.007992072359509161
7.845569113822765,0.007998312133615851
7.8459691938387675,0.008004727855922227
7.846369273854771,0.008011277627148547
7.846769353870775,0.00801791705839661
7.847169433886777,0.0080245992895573
7.847569513902781,0.008031275029526165
7.8479695939187835,0.008037892620210102
7.848369673934787,0.008044398126199285
7.848769753950791,0.008050735451815122
7.849169833966793,0.00805684648702601
7.849569913982797,0.008062671283441578
7.8499699939987995,0.008068148261253204
7.850370074014803,0.008073214447583046
7.850770154030807,0.00807780574623651
7.851170234046809,0.008081857238329866
7.851570314062813,0.008085303512690127
7.8519703940788155,0.008088079024309058
7.852370474094819,0.008090118478488466
7.852770554110823,0.008091357237654065
7.853170634126825,0.008091731747157712
7.853570714142829,0.008091179975750528
7.8539707941588315,0.008089641865813952
7.854370874174835,0.00808705978790199
7.854770954190839,0.008083378993698029
7.855171034206841,0.008078548061143134
7.855571114222845,0.0080725193252686
7.8559711942388475,0.00806524928817934
7.856371274254851,0.00805669900169737
7.856771354270855,0.00804683441639546
7.857171434286857,0.008035626691129368
7.857571514302861,0.008023052457711758
7.8579715943188635,0.00800909403605157
7.858371674334867,0.007993739595892651
7.858771754350871,0.007976983262208434
7.859171834366873,0.007958825162314779
7.859571914382877,0.007939271413827614
7.8599719943988795,0.007918334053681824
7.860372074414883,0.007896030909509065
7.860772154430887,0.007872385415719567
7.861172234446889,0.007847426377606716
7.861572314462893,0.007821187687675334
7.8619723944788955,0.007793707999156252
7.862372474494899,0.007765030362291885
7.862772554510903,0.007735201829454179
7.863172634526905,0.007704273035469592
7.863572714542909,0.007672297759685031
7.8639727945589115,0.00763933247631183
7.864372874574915,0.007605435899439753
7.864772954590919,0.007570668528842312
7.865173034606921,0.007535092202301095
7.865573114622925,0.007498769659693673
7.8659731946389275,0.007461764123529047
7.866373274654931,0.00742413889999723
7.866773354670935,0.007385957003956338
7.867173434686937,0.007347280810615538
7.867573514702941,0.007308171736019267
7.8679735947189435,0.007268689947803527
7.868373674734947,0.0072288941070916095
7.868773754750951,0.007188841141846185
7.869173834766953,0.007148586051488069
7.869573914782957,0.007108181742151958
7.8699739947989595,0.00706767889156834
7.870374074814963,0.007027125842239565
7.870774154830967,0.006986568521326735
7.871174234846969,0.006946050385462329
7.871574314862973,0.006905612388565872
7.8719743948789755,0.006865292970649788
7.872374474894979,0.006825128065555753
7.872774554910983,0.006785151125562743
7.873174634926985,0.006745393160833881
7.873574714942989,0.006705882791731629
7.8739747949589916,0.006666646312113759
7.874374874974995,0.006627707761820182
7.874774954990999,0.006589089006680012
7.875175035007001,0.006550809824487004
7.875575115023005,0.006512887995523602
7.875975195039008,0.006475339396345124
7.876375275055011,0.006438178095663638
7.876775355071015,0.006401416451303845
7.877175435087017,0.006365065207322553
7.877575515103021,0.006329133590504041
7.877975595119024,0.006293629405554839
7.878375675135027,0.006258559128421823
7.878775755151031,0.006223927997257775
7.879175835167033,0.006189740100641153
7.879575915183037,0.006155998462738969
7.87997599519904,0.006122705125172411
7.880376075215043,0.006089861225405737
7.880776155231047,0.00605746707153865
7.881176235247049,0.006025522213427328
7.881576315263053,0.005994025510104048
7.881976395279056,0.00596297519350159
7.882376475295059,0.005932368928516904
7.882776555311063,0.005902203869478028
7.883176635327065,0.005872476713095687
7.883576715343069,0.005843183748000464
7.883976795359072,0.005814320900980019
7.884376875375075,0.0057858837800387804
7.884776955391079,0.005757867714413867
7.885177035407081,0.0057302677916824555
7.885577115423085,0.005703078892101308
7.885977195439088,0.005676295720320392
7.886377275455091,0.005649912834610262
7.886777355471095,0.005623924673744846
7.887177435487097,0.005598325581675493
7.887577515503101,0.005573109830130993
7.887977595519104,0.005548271639274336
7.888377675535107,0.005523805196540524
7.888777755551111,0.005499704673778019
7.889177835567113,0.005475964242808265
7.889577915583117,0.005452578089514315
7.88997799559912,0.005429540426564247
7.890378075615123,0.005406845504867681
7.890778155631127,0.005384487623861278
7.891178235647129,0.005362461140710834
7.891578315663133,0.005340760478514225
7.891978395679136,0.005319380133584186
7.892378475695139,0.005298314681883453
7.892778555711143,0.005277558784682494
7.893178635727145,0.005257107193502935
7.893578715743149,0.005236954754407046
7.893978795759152,0.005217096411689427
7.894378875775155,0.005197527211021408
7.894778955791159,0.005178242302097451
7.895179035807161,0.005159236940826695
7.895579115823165,0.005140506491111043
7.895979195839168,0.005122046426247809
7.896379275855171,0.005103852329990578
7.896779355871175,0.0050859198973013135
7.897179435887177,0.005068244934821704
7.897579515903181,0.0050508233610908355
7.897979595919184,0.0050336512065336046
7.898379675935187,0.005016724613240954
7.898779755951191,0.005000039834562792
7.899179835967193,0.0049835932345304946
7.899579915983197,0.004967381287125327
7.8999799959992,0.004951400575407226
7.900380076015203,0.004935647790515625
7.900780156031207,0.004920119730554134
7.901180236047209,0.004904813299367739
7.901580316063212,0.004889725505220672
7.901980396079216,0.004874853459381742
7.902380476095219,0.00486019437462213
7.902780556111223,0.004845745563629538
7.903180636127225,0.004831504437341727
7.903580716143228,0.0048174685032006705
7.903980796159232,0.004803635363328069
7.904380876175235,0.004790002712621375
7.904780956191239,0.004776568336768237
7.905181036207241,0.004763330110176835
7.905581116223244,0.004750285993817751
7.905981196239248,0.004737434032972546
7.906381276255251,0.0047247723548827425
7.906781356271255,0.004712299166291837
7.9071814362872574,0.004700012750872195
7.90758151630326,0.004687911466527269
7.907981596319264,0.0046759937425587175
7.908381676335267,0.004664258076686821
7.908781756351271,0.004652703031911216
7.9091818363672735,0.004641327233198432
7.909581916383276,0.0046301293639809445
7.90998199639928,0.004619108162451998
7.910382076415283,0.004608262417638822
7.910782156431287,0.0045975909652358395
7.9111822364472895,0.0045870926831787975
7.911582316463292,0.0045767664869391655
7.911982396479296,0.004566611324517698
7.912382476495299,0.0045566261711147025
7.912782556511303,0.004546810023453841
7.9131826365273055,0.004537161893735786
7.913582716543308,0.004527680803197121
7.913982796559312,0.004518365775249817
7.914382876575315,0.004509215828176083
7.914782956591319,0.004500229967353427
7.9151830366073215,0.004491407176985391
7.915583116623324,0.004482746411313559
7.915983196639328,0.004474246585288016
7.916383276655331,0.004465906564674459
7.916783356671335,0.004457725155578192
7.9171834366873375,0.004449701093368264
7.91758351670334,0.004441833030987562
7.917983596719344,0.00443411952663931
7.918383676735347,0.004426559030844828
7.918783756751351,0.004419149872873137
7.9191838367673535,0.004411890246550053
7.919583916783356,0.00440477819546185
7.91998399679936,0.0043978115975779695
7.920384076815363,0.004390988149327194
7.920784156831367,0.004384305349173401
7.9211842368473695,0.004377760480750214
7.921584316863372,0.004371350595627924
7.921984396879376,0.004365072495802321
7.922384476895379,0.004358922716012068
7.922784556911383,0.004352897506009985
7.9231846369273855,0.004346992812933813
7.923584716943388,0.0043412042639428515
7.923984796959392,0.00433552714930921
7.924384876975395,0.004329956406175073
7.924784956991398,0.004324486603210318
7.9251850370074015,0.004319111926428171
7.925585117023404,0.004313826166438889
7.925985197039408,0.00430862270744247
7.926385277055411,0.004303494518281262
7.926785357071414,0.004298434145889537
7.9271854370874175,0.00429343371149063
7.92758551710342,0.004288484909901137
7.927985597119424,0.004283579012304481
7.928385677135427,0.0042787068728539586
7.92878575715143,0.004273858939454016
7.9291858371674335,0.004269025269050313
7.929585917183436,0.004264195547730699
7.92998599719944,0.004259359115900842
7.930386077215443,0.004254504998749802
7.930786157231446,0.004249621942160525
7.9311862372474495,0.004244698454149605
7.931586317263452,0.004239722851839074
7.931986397279456,0.004234683313870854
7.932386477295459,0.0042295679380744775
7.932786557311462,0.004224364804090167
7.9331866373274655,0.00421906204053639
7.933586717343468,0.004213647896195223
7.933986797359472,0.004208110814572565
7.934386877375475,0.004202439511078664
7.934786957391478,0.004196623051968687
7.9351870374074815,0.004190650934088938
7.935587117423484,0.004184513164394726
7.935987197439488,0.004178200338143447
7.936387277455491,0.004171703714626971
7.936787357471494,0.00416501528929028
7.9371874374874976,0.004158127861093847
7.9375875175035,0.004151035094014777
7.937987597519504,0.00414373157164661
7.938387677535507,0.004136212843951519
7.93878775755151,0.004128475465336299
7.939187837567514,0.004120517023365867
7.939587917583516,0.004112336157589367
7.93998799759952,0.004103932568129872
7.940388077615523,0.004095307013876454
7.940788157631526,0.004086461300307881
7.94118823764753,0.004077398257168523
7.941588317663532,0.004068121706401159
7.941988397679536,0.00405863642091309
7.942388477695539,0.004048948074908641
7.942788557711542,0.004039063186654997
7.943188637727546,0.004028989054659777
7.943588717743548,0.004018733688323326
7.943988797759552,0.004008305734184667
7.944388877775555,0.003997714398910187
7.944788957791558,0.003986969370174494
7.945189037807562,0.003976080736559652
7.945589117823564,0.003965058907551654
7.945989197839568,0.003953914534644415
7.946389277855571,0.003942658434478102
7.946789357871574,0.003931301514839168
7.947189437887578,0.003919854704242547
7.94758951790358,0.003908328885702766
7.947989597919584,0.0038967348351836256
7.948389677935587,0.0038850831651022016
7.94878975795159,0.0038733842731495244
7.949189837967594,0.0038616482965854034
7.949589917983596,0.0038498850720668555
7.9499899979996,0.003838104100979924
7.950390078015603,0.0038263145201678185
7.950790158031606,0.0038145250778793475
7.95119023804761,0.003802744114706076
7.951590318063612,0.003790979549231204
7.951990398079616,0.0037792388680771474
7.952390478095619,0.0037675291200150634
7.952790558111622,0.003755856913781989
7.953190638127626,0.0037442284192441026
7.953590718143628,0.0037326493715436385
7.953990798159632,0.003721125077871301
7.954390878175635,0.003709660426517642
7.954790958191638,0.003698259897869886
7.955191038207642,0.003686927577039222
7.955591118223644,0.003675667167823561
7.955991198239648,0.0036644820077316206
7.956391278255651,0.003653375083818194
7.956791358271654,0.00364234904910221
7.957191438287658,0.003631406239363107
7.95759151830366,0.0036205486901335912
7.957991598319664,0.003609778153727814
7.958391678335667,0.0035990961161661552
7.95879175835167,0.0035885038138760007
7.959191838367674,0.0035780022500670763
7.959591918383676,0.0035675922106966633
7.95999199839968,0.0035572742799547166
7.960392078415683,0.003547048855214086
7.960792158431686,0.0035369161614023205
7.96119223844769,0.003526876264763619
7.961592318463692,0.003516929085989214
7.961992398479696,0.003507074412702472
7.962392478495699,0.003497311911293587
7.962792558511702,0.003487641138104059
7.963192638527706,0.0034780615499672486
7.963592718543708,0.0034685725141159777
7.963992798559712,0.003459173317471022
7.964392878575715,0.0034498631753286943
7.964792958591718,0.003440641239466817
7.965193038607722,0.0034315066056911
7.965593118623724,0.003422458320845196
7.965993198639728,0.0034134953893079326
7.966393278655731,0.0034046167790029768
7.966793358671734,0.0033958214269452108
7.967193438687738,0.0033871082443488803
7.96759351870374,0.003378476121322285
7.967993598719744,0.0033699239311727127
7.968393678735747,0.003361450534345785
7.96879375875175,0.0033530547820216808
7.969193838767754,0.003344735519390566
7.969593918783756,0.0033364915886287105
7.96999399879976,0.003328321831595275
7.9703940788157635,0.0033202250922697665
7.970794158831766,0.0033122002189482826
7.97119423884777,0.0033042460662162975
7.971594318863772,0.003296361496714822
7.971994398879776,0.0032885453827152253
7.9723944788957795,0.003280796607517998
7.972794558911782,0.003273114066688987
7.973194638927786,0.003265496669146258
7.973594718943788,0.003257943338110017
7.973994798959792,0.0032504530119265244
7.9743948789757955,0.0032430246447772105
7.974794958991798,0.0032356572072824393
7.975195039007802,0.0032283496870093515
7.975595119023804,0.0032211010888924885
7.975995199039808,0.003213910435574777
7.9763952790558115,0.0032067767676766906
7.976795359071814,0.0031996991440000296
7.977195439087818,0.00319267664167276
7.97759551910382,0.0031857083562409055
7.977995599119824,0.0031787934017124624
7.9783956791358275,0.0031719309105587095
7.97879575915183,0.0031651200336771314
7.979195839167834,0.0031583599403202417
7.979595919183836,0.0031516498179943067
7.97999599919984,0.003144988872331121
7.9803960792158435,0.0031383763269364822
7.980796159231846,0.003131811423217955
7.98119623924785,0.00312529342019476
7.981596319263852,0.0031188215942924047
7.981996399279856,0.003112395239123896
7.9823964792958595,0.0031060136652600375
7.982796559311862,0.0030996761999902947
7.983196639327866,0.0030933821870760434
7.983596719343868,0.003087130986497864
7.983996799359872,0.0030809219741979098
7.9843968793758755,0.0030747545418190053
7.984796959391878,0.003068628096441231
7.985197039407882,0.003062542060317149
7.985597119423884,0.0030564958706066907
7.985997199439888,0.003050488979112155
7.9863972794558915,0.003044520852014453
7.986797359471894,0.0030385909696108585
7.987197439487898,0.0030326988260549713
7.9875975195039,0.0030268439290994822
7.987997599519904,0.003021025799841836
7.9883976795359075,0.003015243972473539
7.98879775955191,0.0030094979940330597
7.989197839567914,0.0030037874241627418
7.989597919583916,0.0029981118348699825
7.98999799959992,0.0029924708102926035
7.9903980796159235,0.0029868639464687985
7.990798159631926,0.002981290851111508
7.99119823964793,0.0029757511433873016
7.991598319663932,0.0029702444536999413
7.991998399679936,0.002964770423478245
7.9923984796959395,0.002959328704968557
7.992798559711942,0.002953918961031429
7.993198639727946,0.0029485408649424735
7.993598719743948,0.002943194100197365
7.993998799759952,0.002937878360320476
7.9943988797759555,0.0029325933486773004
7.994798959791958,0.0029273387782900694
7.995199039807962,0.002922114371656449
7.995599119823964,0.002916919860571036
7.995999199839968,0.002911754985949083
7.9963992798559715,0.0029066194976523616
7.996799359871974,0.002901513154316449
7.997199439887978,0.0028964357231791326
7.99759951990398,0.0028913869799094896
7.997999599919984,0.002886366708436858
7.9983996799359875,0.002881374700779419
7.99879975995199,0.0028764107568715054
7.999199839967994,0.0028714746843890426
7.999599919983996,0.002866566298572512
8.0,0.002861685422046368
